ISO-10303-21;
HEADER;
FILE_DESCRIPTION(('FreeCAD Model'),'2;1');
FILE_NAME('Open CASCADE Shape Model','2026-09-14T19:03:56',(''),(''),
  'Open CASCADE STEP processor 7.8','FreeCAD','Unknown');
FILE_SCHEMA(('AUTOMOTIVE_DESIGN { 1 0 10303 214 1 1 1 1 }'));
ENDSEC;
DATA;
#1 = APPLICATION_PROTOCOL_DEFINITION('international standard',
  'automotive_design',2000,#2);
#2 = APPLICATION_CONTEXT(
  'core data for automotive mechanical design processes');
#3 = SHAPE_DEFINITION_REPRESENTATION(#4,#10);
#4 = PRODUCT_DEFINITION_SHAPE('','',#5);
#5 = PRODUCT_DEFINITION('design','',#6,#9);
#6 = PRODUCT_DEFINITION_FORMATION('','',#7);
#7 = PRODUCT('dali2rust_case','dali2rust_case','',(#8));
#8 = PRODUCT_CONTEXT('',#2,'mechanical');
#9 = PRODUCT_DEFINITION_CONTEXT('part definition',#2,'design');
#10 = SHAPE_REPRESENTATION('',(#11,#15,#19,#23,#27,#31),#35);
#11 = AXIS2_PLACEMENT_3D('',#12,#13,#14);
#12 = CARTESIAN_POINT('',(0.,0.,0.));
#13 = DIRECTION('',(0.,0.,1.));
#14 = DIRECTION('',(1.,0.,-0.));
#15 = AXIS2_PLACEMENT_3D('',#16,#17,#18);
#16 = CARTESIAN_POINT('',(0.,0.,0.));
#17 = DIRECTION('',(0.,0.,1.));
#18 = DIRECTION('',(1.,0.,0.));
#19 = AXIS2_PLACEMENT_3D('',#20,#21,#22);
#20 = CARTESIAN_POINT('',(0.,0.,0.));
#21 = DIRECTION('',(0.,0.,1.));
#22 = DIRECTION('',(1.,0.,0.));
#23 = AXIS2_PLACEMENT_3D('',#24,#25,#26);
#24 = CARTESIAN_POINT('',(0.,0.,0.));
#25 = DIRECTION('',(0.,0.,1.));
#26 = DIRECTION('',(1.,0.,0.));
#27 = AXIS2_PLACEMENT_3D('',#28,#29,#30);
#28 = CARTESIAN_POINT('',(0.,0.,0.));
#29 = DIRECTION('',(0.,0.,1.));
#30 = DIRECTION('',(1.,0.,0.));
#31 = AXIS2_PLACEMENT_3D('',#32,#33,#34);
#32 = CARTESIAN_POINT('',(0.,0.,0.));
#33 = DIRECTION('',(0.,0.,1.));
#34 = DIRECTION('',(1.,0.,0.));
#35 = ( GEOMETRIC_REPRESENTATION_CONTEXT(3) 
GLOBAL_UNCERTAINTY_ASSIGNED_CONTEXT((#39)) GLOBAL_UNIT_ASSIGNED_CONTEXT(
(#36,#37,#38)) REPRESENTATION_CONTEXT('Context #1',
  '3D Context with UNIT and UNCERTAINTY') );
#36 = ( LENGTH_UNIT() NAMED_UNIT(*) SI_UNIT(.MILLI.,.METRE.) );
#37 = ( NAMED_UNIT(*) PLANE_ANGLE_UNIT() SI_UNIT($,.RADIAN.) );
#38 = ( NAMED_UNIT(*) SI_UNIT($,.STERADIAN.) SOLID_ANGLE_UNIT() );
#39 = UNCERTAINTY_MEASURE_WITH_UNIT(LENGTH_MEASURE(5.E-05),#36,
  'distance_accuracy_value','confusion accuracy');
#40 = PRODUCT_RELATED_PRODUCT_CATEGORY('part',$,(#7));
#41 = SHAPE_DEFINITION_REPRESENTATION(#42,#48);
#42 = PRODUCT_DEFINITION_SHAPE('','',#43);
#43 = PRODUCT_DEFINITION('design','',#44,#47);
#44 = PRODUCT_DEFINITION_FORMATION('','',#45);
#45 = PRODUCT('Base','Base','',(#46));
#46 = PRODUCT_CONTEXT('',#2,'mechanical');
#47 = PRODUCT_DEFINITION_CONTEXT('part definition',#2,'design');
#48 = ADVANCED_BREP_SHAPE_REPRESENTATION('',(#11,#49),#4903);
#49 = MANIFOLD_SOLID_BREP('',#50);
#50 = CLOSED_SHELL('',(#51,#123,#170,#194,#218,#258,#282,#322,#346,#363,
    #405,#436,#478,#663,#1013,#1116,#1165,#1182,#1285,#1297,#1322,#1363,
    #1654,#1671,#1688,#1705,#1748,#1772,#1796,#1825,#1868,#1892,#1916,
    #1945,#1988,#2012,#2036,#2065,#2087,#2240,#2257,#2269,#2286,#2303,
    #2336,#2360,#2391,#2440,#2480,#2525,#2549,#2573,#2590,#2641,#2665,
    #2748,#2781,#2805,#2829,#2853,#2884,#2901,#2934,#2958,#2989,#3006,
    #3018,#3030,#3055,#3080,#3105,#3130,#3142,#3154,#3166,#3178,#3190,
    #3202,#3214,#3233,#3252,#3264,#3276,#3288,#3312,#3423,#3448,#3472,
    #3497,#3633,#3650,#3690,#3707,#3732,#3757,#3782,#3807,#3829,#3848,
    #3889,#3915,#3946,#3994,#4018,#4067,#4098,#4154,#4178,#4227,#4258,
    #4314,#4349,#4366,#4378,#4402,#4426,#4450,#4462,#4480,#4497,#4508,
    #4522,#4534,#4543,#4552,#4561,#4570,#4582,#4599,#4611,#4628,#4640,
    #4652,#4669,#4681,#4698,#4710,#4722,#4734,#4765,#4782,#4791,#4800,
    #4809,#4818,#4830,#4842,#4870,#4891));
#51 = ADVANCED_FACE('',(#52),#118,.F.);
#52 = FACE_BOUND('',#53,.F.);
#53 = EDGE_LOOP('',(#54,#64,#72,#80,#88,#96,#104,#112));
#54 = ORIENTED_EDGE('',*,*,#55,.F.);
#55 = EDGE_CURVE('',#56,#58,#60,.T.);
#56 = VERTEX_POINT('',#57);
#57 = CARTESIAN_POINT('',(73.9,23.18,23.8));
#58 = VERTEX_POINT('',#59);
#59 = CARTESIAN_POINT('',(73.9,10.62,23.8));
#60 = LINE('',#61,#62);
#61 = CARTESIAN_POINT('',(73.9,23.18,23.8));
#62 = VECTOR('',#63,1.);
#63 = DIRECTION('',(0.,-1.,0.));
#64 = ORIENTED_EDGE('',*,*,#65,.T.);
#65 = EDGE_CURVE('',#56,#66,#68,.T.);
#66 = VERTEX_POINT('',#67);
#67 = CARTESIAN_POINT('',(73.9,23.18,34.));
#68 = LINE('',#69,#70);
#69 = CARTESIAN_POINT('',(73.9,23.18,23.8));
#70 = VECTOR('',#71,1.);
#71 = DIRECTION('',(0.,0.,1.));
#72 = ORIENTED_EDGE('',*,*,#73,.T.);
#73 = EDGE_CURVE('',#66,#74,#76,.T.);
#74 = VERTEX_POINT('',#75);
#75 = CARTESIAN_POINT('',(73.9,22.18,34.));
#76 = LINE('',#77,#78);
#77 = CARTESIAN_POINT('',(73.9,23.18,34.));
#78 = VECTOR('',#79,1.);
#79 = DIRECTION('',(0.,-1.,0.));
#80 = ORIENTED_EDGE('',*,*,#81,.F.);
#81 = EDGE_CURVE('',#82,#74,#84,.T.);
#82 = VERTEX_POINT('',#83);
#83 = CARTESIAN_POINT('',(73.9,22.18,24.8));
#84 = LINE('',#85,#86);
#85 = CARTESIAN_POINT('',(73.9,22.18,24.8));
#86 = VECTOR('',#87,1.);
#87 = DIRECTION('',(0.,0.,1.));
#88 = ORIENTED_EDGE('',*,*,#89,.T.);
#89 = EDGE_CURVE('',#82,#90,#92,.T.);
#90 = VERTEX_POINT('',#91);
#91 = CARTESIAN_POINT('',(73.9,11.62,24.8));
#92 = LINE('',#93,#94);
#93 = CARTESIAN_POINT('',(73.9,22.18,24.8));
#94 = VECTOR('',#95,1.);
#95 = DIRECTION('',(0.,-1.,0.));
#96 = ORIENTED_EDGE('',*,*,#97,.T.);
#97 = EDGE_CURVE('',#90,#98,#100,.T.);
#98 = VERTEX_POINT('',#99);
#99 = CARTESIAN_POINT('',(73.9,11.62,34.));
#100 = LINE('',#101,#102);
#101 = CARTESIAN_POINT('',(73.9,11.62,24.8));
#102 = VECTOR('',#103,1.);
#103 = DIRECTION('',(0.,0.,1.));
#104 = ORIENTED_EDGE('',*,*,#105,.T.);
#105 = EDGE_CURVE('',#98,#106,#108,.T.);
#106 = VERTEX_POINT('',#107);
#107 = CARTESIAN_POINT('',(73.9,10.62,34.));
#108 = LINE('',#109,#110);
#109 = CARTESIAN_POINT('',(73.9,23.18,34.));
#110 = VECTOR('',#111,1.);
#111 = DIRECTION('',(0.,-1.,0.));
#112 = ORIENTED_EDGE('',*,*,#113,.F.);
#113 = EDGE_CURVE('',#58,#106,#114,.T.);
#114 = LINE('',#115,#116);
#115 = CARTESIAN_POINT('',(73.9,10.62,23.8));
#116 = VECTOR('',#117,1.);
#117 = DIRECTION('',(0.,0.,1.));
#118 = PLANE('',#119);
#119 = AXIS2_PLACEMENT_3D('',#120,#121,#122);
#120 = CARTESIAN_POINT('',(73.9,23.18,23.8));
#121 = DIRECTION('',(1.,0.,0.));
#122 = DIRECTION('',(0.,-1.,0.));
#123 = ADVANCED_FACE('',(#124),#165,.F.);
#124 = FACE_BOUND('',#125,.F.);
#125 = EDGE_LOOP('',(#126,#134,#142,#150,#158,#164));
#126 = ORIENTED_EDGE('',*,*,#127,.T.);
#127 = EDGE_CURVE('',#58,#128,#130,.T.);
#128 = VERTEX_POINT('',#129);
#129 = CARTESIAN_POINT('',(83.6,10.62,23.8));
#130 = LINE('',#131,#132);
#131 = CARTESIAN_POINT('',(73.9,10.62,23.8));
#132 = VECTOR('',#133,1.);
#133 = DIRECTION('',(1.,0.,0.));
#134 = ORIENTED_EDGE('',*,*,#135,.T.);
#135 = EDGE_CURVE('',#128,#136,#138,.T.);
#136 = VERTEX_POINT('',#137);
#137 = CARTESIAN_POINT('',(83.6,10.96,23.8));
#138 = LINE('',#139,#140);
#139 = CARTESIAN_POINT('',(83.6,10.62,23.8));
#140 = VECTOR('',#141,1.);
#141 = DIRECTION('',(0.,1.,0.));
#142 = ORIENTED_EDGE('',*,*,#143,.T.);
#143 = EDGE_CURVE('',#136,#144,#146,.T.);
#144 = VERTEX_POINT('',#145);
#145 = CARTESIAN_POINT('',(83.6,22.9,23.8));
#146 = LINE('',#147,#148);
#147 = CARTESIAN_POINT('',(83.6,10.62,23.8));
#148 = VECTOR('',#149,1.);
#149 = DIRECTION('',(0.,1.,0.));
#150 = ORIENTED_EDGE('',*,*,#151,.T.);
#151 = EDGE_CURVE('',#144,#152,#154,.T.);
#152 = VERTEX_POINT('',#153);
#153 = CARTESIAN_POINT('',(83.6,23.18,23.8));
#154 = LINE('',#155,#156);
#155 = CARTESIAN_POINT('',(83.6,10.62,23.8));
#156 = VECTOR('',#157,1.);
#157 = DIRECTION('',(0.,1.,0.));
#158 = ORIENTED_EDGE('',*,*,#159,.T.);
#159 = EDGE_CURVE('',#152,#56,#160,.T.);
#160 = LINE('',#161,#162);
#161 = CARTESIAN_POINT('',(83.6,23.18,23.8));
#162 = VECTOR('',#163,1.);
#163 = DIRECTION('',(-1.,0.,0.));
#164 = ORIENTED_EDGE('',*,*,#55,.T.);
#165 = PLANE('',#166);
#166 = AXIS2_PLACEMENT_3D('',#167,#168,#169);
#167 = CARTESIAN_POINT('',(78.75,16.9,23.8));
#168 = DIRECTION('',(0.,0.,1.));
#169 = DIRECTION('',(1.,0.,0.));
#170 = ADVANCED_FACE('',(#171),#189,.F.);
#171 = FACE_BOUND('',#172,.F.);
#172 = EDGE_LOOP('',(#173,#174,#182,#188));
#173 = ORIENTED_EDGE('',*,*,#113,.T.);
#174 = ORIENTED_EDGE('',*,*,#175,.T.);
#175 = EDGE_CURVE('',#106,#176,#178,.T.);
#176 = VERTEX_POINT('',#177);
#177 = CARTESIAN_POINT('',(83.6,10.62,34.));
#178 = LINE('',#179,#180);
#179 = CARTESIAN_POINT('',(73.9,10.62,34.));
#180 = VECTOR('',#181,1.);
#181 = DIRECTION('',(1.,0.,0.));
#182 = ORIENTED_EDGE('',*,*,#183,.F.);
#183 = EDGE_CURVE('',#128,#176,#184,.T.);
#184 = LINE('',#185,#186);
#185 = CARTESIAN_POINT('',(83.6,10.62,23.8));
#186 = VECTOR('',#187,1.);
#187 = DIRECTION('',(0.,0.,1.));
#188 = ORIENTED_EDGE('',*,*,#127,.F.);
#189 = PLANE('',#190);
#190 = AXIS2_PLACEMENT_3D('',#191,#192,#193);
#191 = CARTESIAN_POINT('',(73.9,10.62,23.8));
#192 = DIRECTION('',(0.,1.,0.));
#193 = DIRECTION('',(1.,0.,0.));
#194 = ADVANCED_FACE('',(#195),#213,.T.);
#195 = FACE_BOUND('',#196,.T.);
#196 = EDGE_LOOP('',(#197,#198,#199,#207));
#197 = ORIENTED_EDGE('',*,*,#105,.T.);
#198 = ORIENTED_EDGE('',*,*,#175,.T.);
#199 = ORIENTED_EDGE('',*,*,#200,.T.);
#200 = EDGE_CURVE('',#176,#201,#203,.T.);
#201 = VERTEX_POINT('',#202);
#202 = CARTESIAN_POINT('',(83.6,11.62,34.));
#203 = LINE('',#204,#205);
#204 = CARTESIAN_POINT('',(83.6,10.62,34.));
#205 = VECTOR('',#206,1.);
#206 = DIRECTION('',(0.,1.,0.));
#207 = ORIENTED_EDGE('',*,*,#208,.T.);
#208 = EDGE_CURVE('',#201,#98,#209,.T.);
#209 = LINE('',#210,#211);
#210 = CARTESIAN_POINT('',(76.325,11.62,34.));
#211 = VECTOR('',#212,1.);
#212 = DIRECTION('',(-1.,0.,0.));
#213 = PLANE('',#214);
#214 = AXIS2_PLACEMENT_3D('',#215,#216,#217);
#215 = CARTESIAN_POINT('',(78.75,16.9,34.));
#216 = DIRECTION('',(0.,0.,1.));
#217 = DIRECTION('',(1.,0.,0.));
#218 = ADVANCED_FACE('',(#219),#253,.T.);
#219 = FACE_BOUND('',#220,.T.);
#220 = EDGE_LOOP('',(#221,#231,#237,#238,#239,#247));
#221 = ORIENTED_EDGE('',*,*,#222,.F.);
#222 = EDGE_CURVE('',#223,#225,#227,.T.);
#223 = VERTEX_POINT('',#224);
#224 = CARTESIAN_POINT('',(86.,11.62,24.8));
#225 = VERTEX_POINT('',#226);
#226 = CARTESIAN_POINT('',(86.,11.62,36.));
#227 = LINE('',#228,#229);
#228 = CARTESIAN_POINT('',(86.,11.62,16.7));
#229 = VECTOR('',#230,1.);
#230 = DIRECTION('',(0.,0.,1.));
#231 = ORIENTED_EDGE('',*,*,#232,.F.);
#232 = EDGE_CURVE('',#90,#223,#233,.T.);
#233 = LINE('',#234,#235);
#234 = CARTESIAN_POINT('',(73.9,11.62,24.8));
#235 = VECTOR('',#236,1.);
#236 = DIRECTION('',(1.,0.,0.));
#237 = ORIENTED_EDGE('',*,*,#97,.T.);
#238 = ORIENTED_EDGE('',*,*,#208,.F.);
#239 = ORIENTED_EDGE('',*,*,#240,.T.);
#240 = EDGE_CURVE('',#201,#241,#243,.T.);
#241 = VERTEX_POINT('',#242);
#242 = CARTESIAN_POINT('',(83.6,11.62,36.));
#243 = LINE('',#244,#245);
#244 = CARTESIAN_POINT('',(83.6,11.62,30.4));
#245 = VECTOR('',#246,1.);
#246 = DIRECTION('',(0.,0.,1.));
#247 = ORIENTED_EDGE('',*,*,#248,.T.);
#248 = EDGE_CURVE('',#241,#225,#249,.T.);
#249 = LINE('',#250,#251);
#250 = CARTESIAN_POINT('',(73.9,11.62,36.));
#251 = VECTOR('',#252,1.);
#252 = DIRECTION('',(1.,0.,0.));
#253 = PLANE('',#254);
#254 = AXIS2_PLACEMENT_3D('',#255,#256,#257);
#255 = CARTESIAN_POINT('',(80.366309012876,11.62,29.983690987124));
#256 = DIRECTION('',(0.,1.,0.));
#257 = DIRECTION('',(0.,0.,1.));
#258 = ADVANCED_FACE('',(#259),#277,.T.);
#259 = FACE_BOUND('',#260,.T.);
#260 = EDGE_LOOP('',(#261,#269,#275,#276));
#261 = ORIENTED_EDGE('',*,*,#262,.F.);
#262 = EDGE_CURVE('',#263,#223,#265,.T.);
#263 = VERTEX_POINT('',#264);
#264 = CARTESIAN_POINT('',(86.,22.18,24.8));
#265 = LINE('',#266,#267);
#266 = CARTESIAN_POINT('',(86.,6.81,24.8));
#267 = VECTOR('',#268,1.);
#268 = DIRECTION('',(-0.,-1.,-0.));
#269 = ORIENTED_EDGE('',*,*,#270,.T.);
#270 = EDGE_CURVE('',#263,#82,#271,.T.);
#271 = LINE('',#272,#273);
#272 = CARTESIAN_POINT('',(86.,22.18,24.8));
#273 = VECTOR('',#274,1.);
#274 = DIRECTION('',(-1.,0.,0.));
#275 = ORIENTED_EDGE('',*,*,#89,.T.);
#276 = ORIENTED_EDGE('',*,*,#232,.T.);
#277 = PLANE('',#278);
#278 = AXIS2_PLACEMENT_3D('',#279,#280,#281);
#279 = CARTESIAN_POINT('',(79.95,16.9,24.8));
#280 = DIRECTION('',(0.,0.,1.));
#281 = DIRECTION('',(1.,0.,0.));
#282 = ADVANCED_FACE('',(#283),#317,.T.);
#283 = FACE_BOUND('',#284,.T.);
#284 = EDGE_LOOP('',(#285,#286,#294,#302,#310,#316));
#285 = ORIENTED_EDGE('',*,*,#270,.F.);
#286 = ORIENTED_EDGE('',*,*,#287,.T.);
#287 = EDGE_CURVE('',#263,#288,#290,.T.);
#288 = VERTEX_POINT('',#289);
#289 = CARTESIAN_POINT('',(86.,22.18,36.));
#290 = LINE('',#291,#292);
#291 = CARTESIAN_POINT('',(86.,22.18,24.8));
#292 = VECTOR('',#293,1.);
#293 = DIRECTION('',(0.,0.,1.));
#294 = ORIENTED_EDGE('',*,*,#295,.T.);
#295 = EDGE_CURVE('',#288,#296,#298,.T.);
#296 = VERTEX_POINT('',#297);
#297 = CARTESIAN_POINT('',(83.6,22.18,36.));
#298 = LINE('',#299,#300);
#299 = CARTESIAN_POINT('',(86.,22.18,36.));
#300 = VECTOR('',#301,1.);
#301 = DIRECTION('',(-1.,0.,0.));
#302 = ORIENTED_EDGE('',*,*,#303,.T.);
#303 = EDGE_CURVE('',#296,#304,#306,.T.);
#304 = VERTEX_POINT('',#305);
#305 = CARTESIAN_POINT('',(83.6,22.18,34.));
#306 = LINE('',#307,#308);
#307 = CARTESIAN_POINT('',(83.6,22.18,30.4));
#308 = VECTOR('',#309,1.);
#309 = DIRECTION('',(0.,0.,-1.));
#310 = ORIENTED_EDGE('',*,*,#311,.F.);
#311 = EDGE_CURVE('',#74,#304,#312,.T.);
#312 = LINE('',#313,#314);
#313 = CARTESIAN_POINT('',(82.375,22.18,34.));
#314 = VECTOR('',#315,1.);
#315 = DIRECTION('',(1.,0.,0.));
#316 = ORIENTED_EDGE('',*,*,#81,.F.);
#317 = PLANE('',#318);
#318 = AXIS2_PLACEMENT_3D('',#319,#320,#321);
#319 = CARTESIAN_POINT('',(80.366309012876,22.18,29.983690987124));
#320 = DIRECTION('',(-0.,-1.,-0.));
#321 = DIRECTION('',(0.,0.,-1.));
#322 = ADVANCED_FACE('',(#323),#341,.T.);
#323 = FACE_BOUND('',#324,.T.);
#324 = EDGE_LOOP('',(#325,#326,#327,#335));
#325 = ORIENTED_EDGE('',*,*,#73,.T.);
#326 = ORIENTED_EDGE('',*,*,#311,.T.);
#327 = ORIENTED_EDGE('',*,*,#328,.T.);
#328 = EDGE_CURVE('',#304,#329,#331,.T.);
#329 = VERTEX_POINT('',#330);
#330 = CARTESIAN_POINT('',(83.6,23.18,34.));
#331 = LINE('',#332,#333);
#332 = CARTESIAN_POINT('',(83.6,10.62,34.));
#333 = VECTOR('',#334,1.);
#334 = DIRECTION('',(0.,1.,0.));
#335 = ORIENTED_EDGE('',*,*,#336,.T.);
#336 = EDGE_CURVE('',#329,#66,#337,.T.);
#337 = LINE('',#338,#339);
#338 = CARTESIAN_POINT('',(83.6,23.18,34.));
#339 = VECTOR('',#340,1.);
#340 = DIRECTION('',(-1.,0.,0.));
#341 = PLANE('',#342);
#342 = AXIS2_PLACEMENT_3D('',#343,#344,#345);
#343 = CARTESIAN_POINT('',(78.75,16.9,34.));
#344 = DIRECTION('',(0.,0.,1.));
#345 = DIRECTION('',(1.,0.,0.));
#346 = ADVANCED_FACE('',(#347),#358,.F.);
#347 = FACE_BOUND('',#348,.F.);
#348 = EDGE_LOOP('',(#349,#355,#356,#357));
#349 = ORIENTED_EDGE('',*,*,#350,.T.);
#350 = EDGE_CURVE('',#152,#329,#351,.T.);
#351 = LINE('',#352,#353);
#352 = CARTESIAN_POINT('',(83.6,23.18,23.8));
#353 = VECTOR('',#354,1.);
#354 = DIRECTION('',(0.,0.,1.));
#355 = ORIENTED_EDGE('',*,*,#336,.T.);
#356 = ORIENTED_EDGE('',*,*,#65,.F.);
#357 = ORIENTED_EDGE('',*,*,#159,.F.);
#358 = PLANE('',#359);
#359 = AXIS2_PLACEMENT_3D('',#360,#361,#362);
#360 = CARTESIAN_POINT('',(83.6,23.18,23.8));
#361 = DIRECTION('',(0.,-1.,0.));
#362 = DIRECTION('',(-1.,0.,0.));
#363 = ADVANCED_FACE('',(#364),#400,.F.);
#364 = FACE_BOUND('',#365,.F.);
#365 = EDGE_LOOP('',(#366,#374,#382,#390,#396,#397,#398,#399));
#366 = ORIENTED_EDGE('',*,*,#367,.F.);
#367 = EDGE_CURVE('',#368,#241,#370,.T.);
#368 = VERTEX_POINT('',#369);
#369 = CARTESIAN_POINT('',(83.6,7.9,36.));
#370 = LINE('',#371,#372);
#371 = CARTESIAN_POINT('',(83.6,7.9,36.));
#372 = VECTOR('',#373,1.);
#373 = DIRECTION('',(0.,1.,0.));
#374 = ORIENTED_EDGE('',*,*,#375,.T.);
#375 = EDGE_CURVE('',#368,#376,#378,.T.);
#376 = VERTEX_POINT('',#377);
#377 = CARTESIAN_POINT('',(83.6,7.9,20.));
#378 = LINE('',#379,#380);
#379 = CARTESIAN_POINT('',(83.6,7.9,36.));
#380 = VECTOR('',#381,1.);
#381 = DIRECTION('',(-0.,-0.,-1.));
#382 = ORIENTED_EDGE('',*,*,#383,.T.);
#383 = EDGE_CURVE('',#376,#384,#386,.T.);
#384 = VERTEX_POINT('',#385);
#385 = CARTESIAN_POINT('',(83.6,10.96,20.));
#386 = LINE('',#387,#388);
#387 = CARTESIAN_POINT('',(83.6,3.8,20.));
#388 = VECTOR('',#389,1.);
#389 = DIRECTION('',(0.,1.,0.));
#390 = ORIENTED_EDGE('',*,*,#391,.F.);
#391 = EDGE_CURVE('',#136,#384,#392,.T.);
#392 = LINE('',#393,#394);
#393 = CARTESIAN_POINT('',(83.6,10.96,30.));
#394 = VECTOR('',#395,1.);
#395 = DIRECTION('',(0.,0.,-1.));
#396 = ORIENTED_EDGE('',*,*,#135,.F.);
#397 = ORIENTED_EDGE('',*,*,#183,.T.);
#398 = ORIENTED_EDGE('',*,*,#200,.T.);
#399 = ORIENTED_EDGE('',*,*,#240,.T.);
#400 = PLANE('',#401);
#401 = AXIS2_PLACEMENT_3D('',#402,#403,#404);
#402 = CARTESIAN_POINT('',(83.6,7.9,36.));
#403 = DIRECTION('',(1.,0.,0.));
#404 = DIRECTION('',(0.,1.,0.));
#405 = ADVANCED_FACE('',(#406),#431,.F.);
#406 = FACE_BOUND('',#407,.F.);
#407 = EDGE_LOOP('',(#408,#409,#417,#425));
#408 = ORIENTED_EDGE('',*,*,#143,.F.);
#409 = ORIENTED_EDGE('',*,*,#410,.F.);
#410 = EDGE_CURVE('',#411,#136,#413,.T.);
#411 = VERTEX_POINT('',#412);
#412 = CARTESIAN_POINT('',(83.6,10.96,24.));
#413 = LINE('',#414,#415);
#414 = CARTESIAN_POINT('',(83.6,10.96,30.));
#415 = VECTOR('',#416,1.);
#416 = DIRECTION('',(0.,0.,-1.));
#417 = ORIENTED_EDGE('',*,*,#418,.F.);
#418 = EDGE_CURVE('',#419,#411,#421,.T.);
#419 = VERTEX_POINT('',#420);
#420 = CARTESIAN_POINT('',(83.6,22.9,24.));
#421 = LINE('',#422,#423);
#422 = CARTESIAN_POINT('',(83.6,15.4,24.));
#423 = VECTOR('',#424,1.);
#424 = DIRECTION('',(0.,-1.,0.));
#425 = ORIENTED_EDGE('',*,*,#426,.F.);
#426 = EDGE_CURVE('',#144,#419,#427,.T.);
#427 = LINE('',#428,#429);
#428 = CARTESIAN_POINT('',(83.6,22.9,26.5));
#429 = VECTOR('',#430,1.);
#430 = DIRECTION('',(0.,0.,1.));
#431 = PLANE('',#432);
#432 = AXIS2_PLACEMENT_3D('',#433,#434,#435);
#433 = CARTESIAN_POINT('',(83.6,10.62,23.8));
#434 = DIRECTION('',(-1.,0.,0.));
#435 = DIRECTION('',(0.,1.,0.));
#436 = ADVANCED_FACE('',(#437),#473,.F.);
#437 = FACE_BOUND('',#438,.F.);
#438 = EDGE_LOOP('',(#439,#447,#448,#449,#450,#451,#459,#467));
#439 = ORIENTED_EDGE('',*,*,#440,.F.);
#440 = EDGE_CURVE('',#296,#441,#443,.T.);
#441 = VERTEX_POINT('',#442);
#442 = CARTESIAN_POINT('',(83.6,25.9,36.));
#443 = LINE('',#444,#445);
#444 = CARTESIAN_POINT('',(83.6,7.9,36.));
#445 = VECTOR('',#446,1.);
#446 = DIRECTION('',(0.,1.,0.));
#447 = ORIENTED_EDGE('',*,*,#303,.T.);
#448 = ORIENTED_EDGE('',*,*,#328,.T.);
#449 = ORIENTED_EDGE('',*,*,#350,.F.);
#450 = ORIENTED_EDGE('',*,*,#151,.F.);
#451 = ORIENTED_EDGE('',*,*,#452,.F.);
#452 = EDGE_CURVE('',#453,#144,#455,.T.);
#453 = VERTEX_POINT('',#454);
#454 = CARTESIAN_POINT('',(83.6,22.9,20.));
#455 = LINE('',#456,#457);
#456 = CARTESIAN_POINT('',(83.6,22.9,26.5));
#457 = VECTOR('',#458,1.);
#458 = DIRECTION('',(0.,0.,1.));
#459 = ORIENTED_EDGE('',*,*,#460,.T.);
#460 = EDGE_CURVE('',#453,#461,#463,.T.);
#461 = VERTEX_POINT('',#462);
#462 = CARTESIAN_POINT('',(83.6,25.9,20.));
#463 = LINE('',#464,#465);
#464 = CARTESIAN_POINT('',(83.6,22.9,20.));
#465 = VECTOR('',#466,1.);
#466 = DIRECTION('',(0.,1.,0.));
#467 = ORIENTED_EDGE('',*,*,#468,.F.);
#468 = EDGE_CURVE('',#441,#461,#469,.T.);
#469 = LINE('',#470,#471);
#470 = CARTESIAN_POINT('',(83.6,25.9,36.));
#471 = VECTOR('',#472,1.);
#472 = DIRECTION('',(-0.,-0.,-1.));
#473 = PLANE('',#474);
#474 = AXIS2_PLACEMENT_3D('',#475,#476,#477);
#475 = CARTESIAN_POINT('',(83.6,7.9,36.));
#476 = DIRECTION('',(1.,0.,0.));
#477 = DIRECTION('',(0.,1.,0.));
#478 = ADVANCED_FACE('',(#479,#522,#556,#590,#624),#658,.F.);
#479 = FACE_BOUND('',#480,.F.);
#480 = EDGE_LOOP('',(#481,#491,#499,#505,#506,#507,#508,#516));
#481 = ORIENTED_EDGE('',*,*,#482,.F.);
#482 = EDGE_CURVE('',#483,#485,#487,.T.);
#483 = VERTEX_POINT('',#484);
#484 = CARTESIAN_POINT('',(86.,2.,0.));
#485 = VERTEX_POINT('',#486);
#486 = CARTESIAN_POINT('',(86.,31.8,0.));
#487 = LINE('',#488,#489);
#488 = CARTESIAN_POINT('',(86.,2.,0.));
#489 = VECTOR('',#490,1.);
#490 = DIRECTION('',(0.,1.,0.));
#491 = ORIENTED_EDGE('',*,*,#492,.T.);
#492 = EDGE_CURVE('',#483,#493,#495,.T.);
#493 = VERTEX_POINT('',#494);
#494 = CARTESIAN_POINT('',(86.,2.,36.));
#495 = LINE('',#496,#497);
#496 = CARTESIAN_POINT('',(86.,2.,0.));
#497 = VECTOR('',#498,1.);
#498 = DIRECTION('',(0.,0.,1.));
#499 = ORIENTED_EDGE('',*,*,#500,.T.);
#500 = EDGE_CURVE('',#493,#225,#501,.T.);
#501 = LINE('',#502,#503);
#502 = CARTESIAN_POINT('',(86.,2.,36.));
#503 = VECTOR('',#504,1.);
#504 = DIRECTION('',(0.,1.,0.));
#505 = ORIENTED_EDGE('',*,*,#222,.F.);
#506 = ORIENTED_EDGE('',*,*,#262,.F.);
#507 = ORIENTED_EDGE('',*,*,#287,.T.);
#508 = ORIENTED_EDGE('',*,*,#509,.T.);
#509 = EDGE_CURVE('',#288,#510,#512,.T.);
#510 = VERTEX_POINT('',#511);
#511 = CARTESIAN_POINT('',(86.,31.8,36.));
#512 = LINE('',#513,#514);
#513 = CARTESIAN_POINT('',(86.,2.,36.));
#514 = VECTOR('',#515,1.);
#515 = DIRECTION('',(0.,1.,0.));
#516 = ORIENTED_EDGE('',*,*,#517,.F.);
#517 = EDGE_CURVE('',#485,#510,#518,.T.);
#518 = LINE('',#519,#520);
#519 = CARTESIAN_POINT('',(86.,31.8,0.));
#520 = VECTOR('',#521,1.);
#521 = DIRECTION('',(0.,0.,1.));
#522 = FACE_BOUND('',#523,.F.);
#523 = EDGE_LOOP('',(#524,#534,#542,#550));
#524 = ORIENTED_EDGE('',*,*,#525,.F.);
#525 = EDGE_CURVE('',#526,#528,#530,.T.);
#526 = VERTEX_POINT('',#527);
#527 = CARTESIAN_POINT('',(86.,22.9,17.));
#528 = VERTEX_POINT('',#529);
#529 = CARTESIAN_POINT('',(86.,10.96,17.));
#530 = LINE('',#531,#532);
#531 = CARTESIAN_POINT('',(86.,6.48,17.));
#532 = VECTOR('',#533,1.);
#533 = DIRECTION('',(-0.,-1.,-0.));
#534 = ORIENTED_EDGE('',*,*,#535,.F.);
#535 = EDGE_CURVE('',#536,#526,#538,.T.);
#536 = VERTEX_POINT('',#537);
#537 = CARTESIAN_POINT('',(86.,22.9,24.));
#538 = LINE('',#539,#540);
#539 = CARTESIAN_POINT('',(86.,22.9,8.5));
#540 = VECTOR('',#541,1.);
#541 = DIRECTION('',(0.,0.,-1.));
#542 = ORIENTED_EDGE('',*,*,#543,.F.);
#543 = EDGE_CURVE('',#544,#536,#546,.T.);
#544 = VERTEX_POINT('',#545);
#545 = CARTESIAN_POINT('',(86.,10.96,24.));
#546 = LINE('',#547,#548);
#547 = CARTESIAN_POINT('',(86.,12.45,24.));
#548 = VECTOR('',#549,1.);
#549 = DIRECTION('',(0.,1.,0.));
#550 = ORIENTED_EDGE('',*,*,#551,.F.);
#551 = EDGE_CURVE('',#528,#544,#552,.T.);
#552 = LINE('',#553,#554);
#553 = CARTESIAN_POINT('',(86.,10.96,12.));
#554 = VECTOR('',#555,1.);
#555 = DIRECTION('',(0.,0.,1.));
#556 = FACE_BOUND('',#557,.F.);
#557 = EDGE_LOOP('',(#558,#568,#576,#584));
#558 = ORIENTED_EDGE('',*,*,#559,.F.);
#559 = EDGE_CURVE('',#560,#562,#564,.T.);
#560 = VERTEX_POINT('',#561);
#561 = CARTESIAN_POINT('',(86.,26.9,11.5));
#562 = VERTEX_POINT('',#563);
#563 = CARTESIAN_POINT('',(86.,6.9,11.5));
#564 = LINE('',#565,#566);
#565 = CARTESIAN_POINT('',(86.,4.45,11.5));
#566 = VECTOR('',#567,1.);
#567 = DIRECTION('',(-0.,-1.,-0.));
#568 = ORIENTED_EDGE('',*,*,#569,.F.);
#569 = EDGE_CURVE('',#570,#560,#572,.T.);
#570 = VERTEX_POINT('',#571);
#571 = CARTESIAN_POINT('',(86.,26.9,13.5));
#572 = LINE('',#573,#574);
#573 = CARTESIAN_POINT('',(86.,26.9,5.75));
#574 = VECTOR('',#575,1.);
#575 = DIRECTION('',(0.,0.,-1.));
#576 = ORIENTED_EDGE('',*,*,#577,.F.);
#577 = EDGE_CURVE('',#578,#570,#580,.T.);
#578 = VERTEX_POINT('',#579);
#579 = CARTESIAN_POINT('',(86.,6.9,13.5));
#580 = LINE('',#581,#582);
#581 = CARTESIAN_POINT('',(86.,14.45,13.5));
#582 = VECTOR('',#583,1.);
#583 = DIRECTION('',(0.,1.,0.));
#584 = ORIENTED_EDGE('',*,*,#585,.F.);
#585 = EDGE_CURVE('',#562,#578,#586,.T.);
#586 = LINE('',#587,#588);
#587 = CARTESIAN_POINT('',(86.,6.9,6.75));
#588 = VECTOR('',#589,1.);
#589 = DIRECTION('',(0.,0.,1.));
#590 = FACE_BOUND('',#591,.F.);
#591 = EDGE_LOOP('',(#592,#602,#610,#618));
#592 = ORIENTED_EDGE('',*,*,#593,.F.);
#593 = EDGE_CURVE('',#594,#596,#598,.T.);
#594 = VERTEX_POINT('',#595);
#595 = CARTESIAN_POINT('',(86.,26.9,7.5));
#596 = VERTEX_POINT('',#597);
#597 = CARTESIAN_POINT('',(86.,6.9,7.5));
#598 = LINE('',#599,#600);
#599 = CARTESIAN_POINT('',(86.,4.45,7.5));
#600 = VECTOR('',#601,1.);
#601 = DIRECTION('',(-0.,-1.,-0.));
#602 = ORIENTED_EDGE('',*,*,#603,.F.);
#603 = EDGE_CURVE('',#604,#594,#606,.T.);
#604 = VERTEX_POINT('',#605);
#605 = CARTESIAN_POINT('',(86.,26.9,9.5));
#606 = LINE('',#607,#608);
#607 = CARTESIAN_POINT('',(86.,26.9,3.75));
#608 = VECTOR('',#609,1.);
#609 = DIRECTION('',(0.,0.,-1.));
#610 = ORIENTED_EDGE('',*,*,#611,.F.);
#611 = EDGE_CURVE('',#612,#604,#614,.T.);
#612 = VERTEX_POINT('',#613);
#613 = CARTESIAN_POINT('',(86.,6.9,9.5));
#614 = LINE('',#615,#616);
#615 = CARTESIAN_POINT('',(86.,14.45,9.5));
#616 = VECTOR('',#617,1.);
#617 = DIRECTION('',(0.,1.,0.));
#618 = ORIENTED_EDGE('',*,*,#619,.F.);
#619 = EDGE_CURVE('',#596,#612,#620,.T.);
#620 = LINE('',#621,#622);
#621 = CARTESIAN_POINT('',(86.,6.9,4.75));
#622 = VECTOR('',#623,1.);
#623 = DIRECTION('',(0.,0.,1.));
#624 = FACE_BOUND('',#625,.F.);
#625 = EDGE_LOOP('',(#626,#636,#644,#652));
#626 = ORIENTED_EDGE('',*,*,#627,.F.);
#627 = EDGE_CURVE('',#628,#630,#632,.T.);
#628 = VERTEX_POINT('',#629);
#629 = CARTESIAN_POINT('',(86.,26.9,3.5));
#630 = VERTEX_POINT('',#631);
#631 = CARTESIAN_POINT('',(86.,6.9,3.5));
#632 = LINE('',#633,#634);
#633 = CARTESIAN_POINT('',(86.,4.45,3.5));
#634 = VECTOR('',#635,1.);
#635 = DIRECTION('',(-0.,-1.,-0.));
#636 = ORIENTED_EDGE('',*,*,#637,.F.);
#637 = EDGE_CURVE('',#638,#628,#640,.T.);
#638 = VERTEX_POINT('',#639);
#639 = CARTESIAN_POINT('',(86.,26.9,5.5));
#640 = LINE('',#641,#642);
#641 = CARTESIAN_POINT('',(86.,26.9,1.75));
#642 = VECTOR('',#643,1.);
#643 = DIRECTION('',(0.,0.,-1.));
#644 = ORIENTED_EDGE('',*,*,#645,.F.);
#645 = EDGE_CURVE('',#646,#638,#648,.T.);
#646 = VERTEX_POINT('',#647);
#647 = CARTESIAN_POINT('',(86.,6.9,5.5));
#648 = LINE('',#649,#650);
#649 = CARTESIAN_POINT('',(86.,14.45,5.5));
#650 = VECTOR('',#651,1.);
#651 = DIRECTION('',(0.,1.,0.));
#652 = ORIENTED_EDGE('',*,*,#653,.F.);
#653 = EDGE_CURVE('',#630,#646,#654,.T.);
#654 = LINE('',#655,#656);
#655 = CARTESIAN_POINT('',(86.,6.9,2.75));
#656 = VECTOR('',#657,1.);
#657 = DIRECTION('',(0.,0.,1.));
#658 = PLANE('',#659);
#659 = AXIS2_PLACEMENT_3D('',#660,#661,#662);
#660 = CARTESIAN_POINT('',(86.,2.,0.));
#661 = DIRECTION('',(-1.,0.,0.));
#662 = DIRECTION('',(0.,1.,0.));
#663 = ADVANCED_FACE('',(#664,#964,#975,#986,#997),#1008,.T.);
#664 = FACE_BOUND('',#665,.T.);
#665 = EDGE_LOOP('',(#666,#677,#685,#694,#702,#709,#710,#711,#712,#721,
    #729,#737,#745,#753,#761,#769,#777,#785,#793,#801,#809,#817,#825,
    #834,#842,#851,#859,#867,#875,#883,#891,#899,#907,#915,#923,#931,
    #939,#946,#947,#948,#949,#958));
#666 = ORIENTED_EDGE('',*,*,#667,.T.);
#667 = EDGE_CURVE('',#668,#670,#672,.T.);
#668 = VERTEX_POINT('',#669);
#669 = CARTESIAN_POINT('',(2.,33.8,36.));
#670 = VERTEX_POINT('',#671);
#671 = CARTESIAN_POINT('',(0.,31.8,36.));
#672 = CIRCLE('',#673,2.);
#673 = AXIS2_PLACEMENT_3D('',#674,#675,#676);
#674 = CARTESIAN_POINT('',(2.,31.8,36.));
#675 = DIRECTION('',(0.,0.,1.));
#676 = DIRECTION('',(1.,0.,0.));
#677 = ORIENTED_EDGE('',*,*,#678,.T.);
#678 = EDGE_CURVE('',#670,#679,#681,.T.);
#679 = VERTEX_POINT('',#680);
#680 = CARTESIAN_POINT('',(0.,2.,36.));
#681 = LINE('',#682,#683);
#682 = CARTESIAN_POINT('',(0.,31.8,36.));
#683 = VECTOR('',#684,1.);
#684 = DIRECTION('',(0.,-1.,0.));
#685 = ORIENTED_EDGE('',*,*,#686,.T.);
#686 = EDGE_CURVE('',#679,#687,#689,.T.);
#687 = VERTEX_POINT('',#688);
#688 = CARTESIAN_POINT('',(2.,0.,36.));
#689 = CIRCLE('',#690,2.);
#690 = AXIS2_PLACEMENT_3D('',#691,#692,#693);
#691 = CARTESIAN_POINT('',(2.,2.,36.));
#692 = DIRECTION('',(0.,0.,1.));
#693 = DIRECTION('',(1.,0.,0.));
#694 = ORIENTED_EDGE('',*,*,#695,.T.);
#695 = EDGE_CURVE('',#687,#696,#698,.T.);
#696 = VERTEX_POINT('',#697);
#697 = CARTESIAN_POINT('',(84.,0.,36.));
#698 = LINE('',#699,#700);
#699 = CARTESIAN_POINT('',(2.,0.,36.));
#700 = VECTOR('',#701,1.);
#701 = DIRECTION('',(1.,0.,0.));
#702 = ORIENTED_EDGE('',*,*,#703,.T.);
#703 = EDGE_CURVE('',#696,#493,#704,.T.);
#704 = CIRCLE('',#705,2.);
#705 = AXIS2_PLACEMENT_3D('',#706,#707,#708);
#706 = CARTESIAN_POINT('',(84.,2.,36.));
#707 = DIRECTION('',(0.,0.,1.));
#708 = DIRECTION('',(1.,0.,0.));
#709 = ORIENTED_EDGE('',*,*,#500,.T.);
#710 = ORIENTED_EDGE('',*,*,#248,.F.);
#711 = ORIENTED_EDGE('',*,*,#367,.F.);
#712 = ORIENTED_EDGE('',*,*,#713,.F.);
#713 = EDGE_CURVE('',#714,#368,#716,.T.);
#714 = VERTEX_POINT('',#715);
#715 = CARTESIAN_POINT('',(82.22449979984,6.,36.));
#716 = CIRCLE('',#717,2.);
#717 = AXIS2_PLACEMENT_3D('',#718,#719,#720);
#718 = CARTESIAN_POINT('',(81.6,7.9,36.));
#719 = DIRECTION('',(0.,0.,1.));
#720 = DIRECTION('',(1.,0.,0.));
#721 = ORIENTED_EDGE('',*,*,#722,.T.);
#722 = EDGE_CURVE('',#714,#723,#725,.T.);
#723 = VERTEX_POINT('',#724);
#724 = CARTESIAN_POINT('',(82.,6.,36.));
#725 = LINE('',#726,#727);
#726 = CARTESIAN_POINT('',(83.6,6.,36.));
#727 = VECTOR('',#728,1.);
#728 = DIRECTION('',(-1.,0.,0.));
#729 = ORIENTED_EDGE('',*,*,#730,.T.);
#730 = EDGE_CURVE('',#723,#731,#733,.T.);
#731 = VERTEX_POINT('',#732);
#732 = CARTESIAN_POINT('',(82.,8.3,36.));
#733 = LINE('',#734,#735);
#734 = CARTESIAN_POINT('',(82.,5.9,36.));
#735 = VECTOR('',#736,1.);
#736 = DIRECTION('',(0.,1.,0.));
#737 = ORIENTED_EDGE('',*,*,#738,.T.);
#738 = EDGE_CURVE('',#731,#739,#741,.T.);
#739 = VERTEX_POINT('',#740);
#740 = CARTESIAN_POINT('',(78.,8.3,36.));
#741 = LINE('',#742,#743);
#742 = CARTESIAN_POINT('',(82.,8.3,36.));
#743 = VECTOR('',#744,1.);
#744 = DIRECTION('',(-1.,0.,0.));
#745 = ORIENTED_EDGE('',*,*,#746,.T.);
#746 = EDGE_CURVE('',#739,#747,#749,.T.);
#747 = VERTEX_POINT('',#748);
#748 = CARTESIAN_POINT('',(78.,6.,36.));
#749 = LINE('',#750,#751);
#750 = CARTESIAN_POINT('',(78.,8.3,36.));
#751 = VECTOR('',#752,1.);
#752 = DIRECTION('',(0.,-1.,0.));
#753 = ORIENTED_EDGE('',*,*,#754,.T.);
#754 = EDGE_CURVE('',#747,#755,#757,.T.);
#755 = VERTEX_POINT('',#756);
#756 = CARTESIAN_POINT('',(74.6,6.,36.));
#757 = LINE('',#758,#759);
#758 = CARTESIAN_POINT('',(83.6,6.,36.));
#759 = VECTOR('',#760,1.);
#760 = DIRECTION('',(-1.,0.,0.));
#761 = ORIENTED_EDGE('',*,*,#762,.T.);
#762 = EDGE_CURVE('',#755,#763,#765,.T.);
#763 = VERTEX_POINT('',#764);
#764 = CARTESIAN_POINT('',(74.6,5.9,36.));
#765 = LINE('',#766,#767);
#766 = CARTESIAN_POINT('',(74.6,6.,36.));
#767 = VECTOR('',#768,1.);
#768 = DIRECTION('',(0.,-1.,0.));
#769 = ORIENTED_EDGE('',*,*,#770,.F.);
#770 = EDGE_CURVE('',#771,#763,#773,.T.);
#771 = VERTEX_POINT('',#772);
#772 = CARTESIAN_POINT('',(11.4,5.9,36.));
#773 = LINE('',#774,#775);
#774 = CARTESIAN_POINT('',(4.4,5.9,36.));
#775 = VECTOR('',#776,1.);
#776 = DIRECTION('',(1.,0.,0.));
#777 = ORIENTED_EDGE('',*,*,#778,.T.);
#778 = EDGE_CURVE('',#771,#779,#781,.T.);
#779 = VERTEX_POINT('',#780);
#780 = CARTESIAN_POINT('',(11.4,6.,36.));
#781 = LINE('',#782,#783);
#782 = CARTESIAN_POINT('',(11.4,0.,36.));
#783 = VECTOR('',#784,1.);
#784 = DIRECTION('',(0.,1.,0.));
#785 = ORIENTED_EDGE('',*,*,#786,.T.);
#786 = EDGE_CURVE('',#779,#787,#789,.T.);
#787 = VERTEX_POINT('',#788);
#788 = CARTESIAN_POINT('',(10.8,6.,36.));
#789 = LINE('',#790,#791);
#790 = CARTESIAN_POINT('',(11.4,6.,36.));
#791 = VECTOR('',#792,1.);
#792 = DIRECTION('',(-1.,0.,0.));
#793 = ORIENTED_EDGE('',*,*,#794,.T.);
#794 = EDGE_CURVE('',#787,#795,#797,.T.);
#795 = VERTEX_POINT('',#796);
#796 = CARTESIAN_POINT('',(10.8,7.4,36.));
#797 = LINE('',#798,#799);
#798 = CARTESIAN_POINT('',(10.8,5.9,36.));
#799 = VECTOR('',#800,1.);
#800 = DIRECTION('',(0.,1.,0.));
#801 = ORIENTED_EDGE('',*,*,#802,.T.);
#802 = EDGE_CURVE('',#795,#803,#805,.T.);
#803 = VERTEX_POINT('',#804);
#804 = CARTESIAN_POINT('',(4.,7.4,36.));
#805 = LINE('',#806,#807);
#806 = CARTESIAN_POINT('',(10.8,7.4,36.));
#807 = VECTOR('',#808,1.);
#808 = DIRECTION('',(-1.,0.,0.));
#809 = ORIENTED_EDGE('',*,*,#810,.T.);
#810 = EDGE_CURVE('',#803,#811,#813,.T.);
#811 = VERTEX_POINT('',#812);
#812 = CARTESIAN_POINT('',(4.,6.,36.));
#813 = LINE('',#814,#815);
#814 = CARTESIAN_POINT('',(4.,7.4,36.));
#815 = VECTOR('',#816,1.);
#816 = DIRECTION('',(0.,-1.,0.));
#817 = ORIENTED_EDGE('',*,*,#818,.T.);
#818 = EDGE_CURVE('',#811,#819,#821,.T.);
#819 = VERTEX_POINT('',#820);
#820 = CARTESIAN_POINT('',(3.77550020016,6.,36.));
#821 = LINE('',#822,#823);
#822 = CARTESIAN_POINT('',(11.4,6.,36.));
#823 = VECTOR('',#824,1.);
#824 = DIRECTION('',(-1.,0.,0.));
#825 = ORIENTED_EDGE('',*,*,#826,.F.);
#826 = EDGE_CURVE('',#827,#819,#829,.T.);
#827 = VERTEX_POINT('',#828);
#828 = CARTESIAN_POINT('',(2.4,7.9,36.));
#829 = CIRCLE('',#830,2.);
#830 = AXIS2_PLACEMENT_3D('',#831,#832,#833);
#831 = CARTESIAN_POINT('',(4.4,7.9,36.));
#832 = DIRECTION('',(0.,0.,1.));
#833 = DIRECTION('',(1.,0.,0.));
#834 = ORIENTED_EDGE('',*,*,#835,.F.);
#835 = EDGE_CURVE('',#836,#827,#838,.T.);
#836 = VERTEX_POINT('',#837);
#837 = CARTESIAN_POINT('',(2.4,25.9,36.));
#838 = LINE('',#839,#840);
#839 = CARTESIAN_POINT('',(2.4,25.9,36.));
#840 = VECTOR('',#841,1.);
#841 = DIRECTION('',(0.,-1.,0.));
#842 = ORIENTED_EDGE('',*,*,#843,.F.);
#843 = EDGE_CURVE('',#844,#836,#846,.T.);
#844 = VERTEX_POINT('',#845);
#845 = CARTESIAN_POINT('',(3.77550020016,27.8,36.));
#846 = CIRCLE('',#847,2.);
#847 = AXIS2_PLACEMENT_3D('',#848,#849,#850);
#848 = CARTESIAN_POINT('',(4.4,25.9,36.));
#849 = DIRECTION('',(0.,0.,1.));
#850 = DIRECTION('',(1.,0.,0.));
#851 = ORIENTED_EDGE('',*,*,#852,.T.);
#852 = EDGE_CURVE('',#844,#853,#855,.T.);
#853 = VERTEX_POINT('',#854);
#854 = CARTESIAN_POINT('',(4.,27.8,36.));
#855 = LINE('',#856,#857);
#856 = CARTESIAN_POINT('',(2.4,27.8,36.));
#857 = VECTOR('',#858,1.);
#858 = DIRECTION('',(1.,0.,0.));
#859 = ORIENTED_EDGE('',*,*,#860,.T.);
#860 = EDGE_CURVE('',#853,#861,#863,.T.);
#861 = VERTEX_POINT('',#862);
#862 = CARTESIAN_POINT('',(4.,26.4,36.));
#863 = LINE('',#864,#865);
#864 = CARTESIAN_POINT('',(4.,27.9,36.));
#865 = VECTOR('',#866,1.);
#866 = DIRECTION('',(0.,-1.,0.));
#867 = ORIENTED_EDGE('',*,*,#868,.T.);
#868 = EDGE_CURVE('',#861,#869,#871,.T.);
#869 = VERTEX_POINT('',#870);
#870 = CARTESIAN_POINT('',(24.,26.4,36.));
#871 = LINE('',#872,#873);
#872 = CARTESIAN_POINT('',(4.,26.4,36.));
#873 = VECTOR('',#874,1.);
#874 = DIRECTION('',(1.,0.,0.));
#875 = ORIENTED_EDGE('',*,*,#876,.T.);
#876 = EDGE_CURVE('',#869,#877,#879,.T.);
#877 = VERTEX_POINT('',#878);
#878 = CARTESIAN_POINT('',(24.,27.9,36.));
#879 = LINE('',#880,#881);
#880 = CARTESIAN_POINT('',(24.,26.4,36.));
#881 = VECTOR('',#882,1.);
#882 = DIRECTION('',(0.,1.,0.));
#883 = ORIENTED_EDGE('',*,*,#884,.F.);
#884 = EDGE_CURVE('',#885,#877,#887,.T.);
#885 = VERTEX_POINT('',#886);
#886 = CARTESIAN_POINT('',(74.6,27.9,36.));
#887 = LINE('',#888,#889);
#888 = CARTESIAN_POINT('',(81.6,27.9,36.));
#889 = VECTOR('',#890,1.);
#890 = DIRECTION('',(-1.,0.,0.));
#891 = ORIENTED_EDGE('',*,*,#892,.T.);
#892 = EDGE_CURVE('',#885,#893,#895,.T.);
#893 = VERTEX_POINT('',#894);
#894 = CARTESIAN_POINT('',(74.6,27.8,36.));
#895 = LINE('',#896,#897);
#896 = CARTESIAN_POINT('',(74.6,33.8,36.));
#897 = VECTOR('',#898,1.);
#898 = DIRECTION('',(0.,-1.,0.));
#899 = ORIENTED_EDGE('',*,*,#900,.T.);
#900 = EDGE_CURVE('',#893,#901,#903,.T.);
#901 = VERTEX_POINT('',#902);
#902 = CARTESIAN_POINT('',(78.,27.8,36.));
#903 = LINE('',#904,#905);
#904 = CARTESIAN_POINT('',(74.6,27.8,36.));
#905 = VECTOR('',#906,1.);
#906 = DIRECTION('',(1.,0.,0.));
#907 = ORIENTED_EDGE('',*,*,#908,.T.);
#908 = EDGE_CURVE('',#901,#909,#911,.T.);
#909 = VERTEX_POINT('',#910);
#910 = CARTESIAN_POINT('',(78.,25.,36.));
#911 = LINE('',#912,#913);
#912 = CARTESIAN_POINT('',(78.,27.9,36.));
#913 = VECTOR('',#914,1.);
#914 = DIRECTION('',(0.,-1.,0.));
#915 = ORIENTED_EDGE('',*,*,#916,.T.);
#916 = EDGE_CURVE('',#909,#917,#919,.T.);
#917 = VERTEX_POINT('',#918);
#918 = CARTESIAN_POINT('',(82.,25.,36.));
#919 = LINE('',#920,#921);
#920 = CARTESIAN_POINT('',(78.,25.,36.));
#921 = VECTOR('',#922,1.);
#922 = DIRECTION('',(1.,0.,0.));
#923 = ORIENTED_EDGE('',*,*,#924,.T.);
#924 = EDGE_CURVE('',#917,#925,#927,.T.);
#925 = VERTEX_POINT('',#926);
#926 = CARTESIAN_POINT('',(82.,27.8,36.));
#927 = LINE('',#928,#929);
#928 = CARTESIAN_POINT('',(82.,25.,36.));
#929 = VECTOR('',#930,1.);
#930 = DIRECTION('',(0.,1.,0.));
#931 = ORIENTED_EDGE('',*,*,#932,.T.);
#932 = EDGE_CURVE('',#925,#933,#935,.T.);
#933 = VERTEX_POINT('',#934);
#934 = CARTESIAN_POINT('',(82.22449979984,27.8,36.));
#935 = LINE('',#936,#937);
#936 = CARTESIAN_POINT('',(74.6,27.8,36.));
#937 = VECTOR('',#938,1.);
#938 = DIRECTION('',(1.,0.,0.));
#939 = ORIENTED_EDGE('',*,*,#940,.F.);
#940 = EDGE_CURVE('',#441,#933,#941,.T.);
#941 = CIRCLE('',#942,2.);
#942 = AXIS2_PLACEMENT_3D('',#943,#944,#945);
#943 = CARTESIAN_POINT('',(81.6,25.9,36.));
#944 = DIRECTION('',(0.,0.,1.));
#945 = DIRECTION('',(1.,0.,0.));
#946 = ORIENTED_EDGE('',*,*,#440,.F.);
#947 = ORIENTED_EDGE('',*,*,#295,.F.);
#948 = ORIENTED_EDGE('',*,*,#509,.T.);
#949 = ORIENTED_EDGE('',*,*,#950,.T.);
#950 = EDGE_CURVE('',#510,#951,#953,.T.);
#951 = VERTEX_POINT('',#952);
#952 = CARTESIAN_POINT('',(84.,33.8,36.));
#953 = CIRCLE('',#954,2.);
#954 = AXIS2_PLACEMENT_3D('',#955,#956,#957);
#955 = CARTESIAN_POINT('',(84.,31.8,36.));
#956 = DIRECTION('',(0.,0.,1.));
#957 = DIRECTION('',(1.,0.,0.));
#958 = ORIENTED_EDGE('',*,*,#959,.T.);
#959 = EDGE_CURVE('',#951,#668,#960,.T.);
#960 = LINE('',#961,#962);
#961 = CARTESIAN_POINT('',(84.,33.8,36.));
#962 = VECTOR('',#963,1.);
#963 = DIRECTION('',(-1.,0.,0.));
#964 = FACE_BOUND('',#965,.T.);
#965 = EDGE_LOOP('',(#966));
#966 = ORIENTED_EDGE('',*,*,#967,.F.);
#967 = EDGE_CURVE('',#968,#968,#970,.T.);
#968 = VERTEX_POINT('',#969);
#969 = CARTESIAN_POINT('',(8.4,3.,36.));
#970 = CIRCLE('',#971,1.5);
#971 = AXIS2_PLACEMENT_3D('',#972,#973,#974);
#972 = CARTESIAN_POINT('',(6.9,3.,36.));
#973 = DIRECTION('',(0.,0.,1.));
#974 = DIRECTION('',(1.,0.,0.));
#975 = FACE_BOUND('',#976,.T.);
#976 = EDGE_LOOP('',(#977));
#977 = ORIENTED_EDGE('',*,*,#978,.F.);
#978 = EDGE_CURVE('',#979,#979,#981,.T.);
#979 = VERTEX_POINT('',#980);
#980 = CARTESIAN_POINT('',(8.4,30.8,36.));
#981 = CIRCLE('',#982,1.5);
#982 = AXIS2_PLACEMENT_3D('',#983,#984,#985);
#983 = CARTESIAN_POINT('',(6.9,30.8,36.));
#984 = DIRECTION('',(0.,0.,1.));
#985 = DIRECTION('',(1.,0.,0.));
#986 = FACE_BOUND('',#987,.T.);
#987 = EDGE_LOOP('',(#988));
#988 = ORIENTED_EDGE('',*,*,#989,.F.);
#989 = EDGE_CURVE('',#990,#990,#992,.T.);
#990 = VERTEX_POINT('',#991);
#991 = CARTESIAN_POINT('',(80.6,3.,36.));
#992 = CIRCLE('',#993,1.5);
#993 = AXIS2_PLACEMENT_3D('',#994,#995,#996);
#994 = CARTESIAN_POINT('',(79.1,3.,36.));
#995 = DIRECTION('',(0.,0.,1.));
#996 = DIRECTION('',(1.,0.,0.));
#997 = FACE_BOUND('',#998,.T.);
#998 = EDGE_LOOP('',(#999));
#999 = ORIENTED_EDGE('',*,*,#1000,.F.);
#1000 = EDGE_CURVE('',#1001,#1001,#1003,.T.);
#1001 = VERTEX_POINT('',#1002);
#1002 = CARTESIAN_POINT('',(80.6,30.8,36.));
#1003 = CIRCLE('',#1004,1.5);
#1004 = AXIS2_PLACEMENT_3D('',#1005,#1006,#1007);
#1005 = CARTESIAN_POINT('',(79.1,30.8,36.));
#1006 = DIRECTION('',(0.,0.,1.));
#1007 = DIRECTION('',(1.,0.,0.));
#1008 = PLANE('',#1009);
#1009 = AXIS2_PLACEMENT_3D('',#1010,#1011,#1012);
#1010 = CARTESIAN_POINT('',(41.895974750915,16.869481791581,36.));
#1011 = DIRECTION('',(0.,0.,1.));
#1012 = DIRECTION('',(1.,0.,0.));
#1013 = ADVANCED_FACE('',(#1014),#1111,.T.);
#1014 = FACE_BOUND('',#1015,.T.);
#1015 = EDGE_LOOP('',(#1016,#1017,#1025,#1033,#1041,#1049,#1057,#1065,
    #1073,#1081,#1089,#1097,#1103,#1104,#1105));
#1016 = ORIENTED_EDGE('',*,*,#551,.F.);
#1017 = ORIENTED_EDGE('',*,*,#1018,.T.);
#1018 = EDGE_CURVE('',#528,#1019,#1021,.T.);
#1019 = VERTEX_POINT('',#1020);
#1020 = CARTESIAN_POINT('',(83.6,10.96,17.));
#1021 = LINE('',#1022,#1023);
#1022 = CARTESIAN_POINT('',(87.,10.96,17.));
#1023 = VECTOR('',#1024,1.);
#1024 = DIRECTION('',(-1.,-0.,-0.));
#1025 = ORIENTED_EDGE('',*,*,#1026,.F.);
#1026 = EDGE_CURVE('',#1027,#1019,#1029,.T.);
#1027 = VERTEX_POINT('',#1028);
#1028 = CARTESIAN_POINT('',(83.6,10.96,13.5));
#1029 = LINE('',#1030,#1031);
#1030 = CARTESIAN_POINT('',(83.6,10.96,0.));
#1031 = VECTOR('',#1032,1.);
#1032 = DIRECTION('',(0.,0.,1.));
#1033 = ORIENTED_EDGE('',*,*,#1034,.F.);
#1034 = EDGE_CURVE('',#1035,#1027,#1037,.T.);
#1035 = VERTEX_POINT('',#1036);
#1036 = CARTESIAN_POINT('',(83.6,10.96,11.5));
#1037 = LINE('',#1038,#1039);
#1038 = CARTESIAN_POINT('',(83.6,10.96,0.));
#1039 = VECTOR('',#1040,1.);
#1040 = DIRECTION('',(0.,0.,1.));
#1041 = ORIENTED_EDGE('',*,*,#1042,.F.);
#1042 = EDGE_CURVE('',#1043,#1035,#1045,.T.);
#1043 = VERTEX_POINT('',#1044);
#1044 = CARTESIAN_POINT('',(83.6,10.96,9.5));
#1045 = LINE('',#1046,#1047);
#1046 = CARTESIAN_POINT('',(83.6,10.96,0.));
#1047 = VECTOR('',#1048,1.);
#1048 = DIRECTION('',(0.,0.,1.));
#1049 = ORIENTED_EDGE('',*,*,#1050,.F.);
#1050 = EDGE_CURVE('',#1051,#1043,#1053,.T.);
#1051 = VERTEX_POINT('',#1052);
#1052 = CARTESIAN_POINT('',(83.6,10.96,7.5));
#1053 = LINE('',#1054,#1055);
#1054 = CARTESIAN_POINT('',(83.6,10.96,0.));
#1055 = VECTOR('',#1056,1.);
#1056 = DIRECTION('',(0.,0.,1.));
#1057 = ORIENTED_EDGE('',*,*,#1058,.F.);
#1058 = EDGE_CURVE('',#1059,#1051,#1061,.T.);
#1059 = VERTEX_POINT('',#1060);
#1060 = CARTESIAN_POINT('',(83.6,10.96,5.5));
#1061 = LINE('',#1062,#1063);
#1062 = CARTESIAN_POINT('',(83.6,10.96,0.));
#1063 = VECTOR('',#1064,1.);
#1064 = DIRECTION('',(0.,0.,1.));
#1065 = ORIENTED_EDGE('',*,*,#1066,.F.);
#1066 = EDGE_CURVE('',#1067,#1059,#1069,.T.);
#1067 = VERTEX_POINT('',#1068);
#1068 = CARTESIAN_POINT('',(83.6,10.96,3.5));
#1069 = LINE('',#1070,#1071);
#1070 = CARTESIAN_POINT('',(83.6,10.96,0.));
#1071 = VECTOR('',#1072,1.);
#1072 = DIRECTION('',(0.,0.,1.));
#1073 = ORIENTED_EDGE('',*,*,#1074,.F.);
#1074 = EDGE_CURVE('',#1075,#1067,#1077,.T.);
#1075 = VERTEX_POINT('',#1076);
#1076 = CARTESIAN_POINT('',(83.6,10.96,0.));
#1077 = LINE('',#1078,#1079);
#1078 = CARTESIAN_POINT('',(83.6,10.96,0.));
#1079 = VECTOR('',#1080,1.);
#1080 = DIRECTION('',(0.,0.,1.));
#1081 = ORIENTED_EDGE('',*,*,#1082,.T.);
#1082 = EDGE_CURVE('',#1075,#1083,#1085,.T.);
#1083 = VERTEX_POINT('',#1084);
#1084 = CARTESIAN_POINT('',(81.66,10.96,0.));
#1085 = LINE('',#1086,#1087);
#1086 = CARTESIAN_POINT('',(83.6,10.96,0.));
#1087 = VECTOR('',#1088,1.);
#1088 = DIRECTION('',(-1.,0.,0.));
#1089 = ORIENTED_EDGE('',*,*,#1090,.T.);
#1090 = EDGE_CURVE('',#1083,#1091,#1093,.T.);
#1091 = VERTEX_POINT('',#1092);
#1092 = CARTESIAN_POINT('',(81.66,10.96,20.));
#1093 = LINE('',#1094,#1095);
#1094 = CARTESIAN_POINT('',(81.66,10.96,0.));
#1095 = VECTOR('',#1096,1.);
#1096 = DIRECTION('',(0.,0.,1.));
#1097 = ORIENTED_EDGE('',*,*,#1098,.F.);
#1098 = EDGE_CURVE('',#384,#1091,#1099,.T.);
#1099 = LINE('',#1100,#1101);
#1100 = CARTESIAN_POINT('',(83.6,10.96,20.));
#1101 = VECTOR('',#1102,1.);
#1102 = DIRECTION('',(-1.,0.,0.));
#1103 = ORIENTED_EDGE('',*,*,#391,.F.);
#1104 = ORIENTED_EDGE('',*,*,#410,.F.);
#1105 = ORIENTED_EDGE('',*,*,#1106,.F.);
#1106 = EDGE_CURVE('',#544,#411,#1107,.T.);
#1107 = LINE('',#1108,#1109);
#1108 = CARTESIAN_POINT('',(87.,10.96,24.));
#1109 = VECTOR('',#1110,1.);
#1110 = DIRECTION('',(-1.,-0.,-0.));
#1111 = PLANE('',#1112);
#1112 = AXIS2_PLACEMENT_3D('',#1113,#1114,#1115);
#1113 = CARTESIAN_POINT('',(83.247078334509,10.96,12.58292166549));
#1114 = DIRECTION('',(0.,1.,0.));
#1115 = DIRECTION('',(0.,0.,1.));
#1116 = ADVANCED_FACE('',(#1117),#1160,.T.);
#1117 = FACE_BOUND('',#1118,.T.);
#1118 = EDGE_LOOP('',(#1119,#1120,#1128,#1136,#1144,#1152,#1159));
#1119 = ORIENTED_EDGE('',*,*,#1098,.T.);
#1120 = ORIENTED_EDGE('',*,*,#1121,.T.);
#1121 = EDGE_CURVE('',#1091,#1122,#1124,.T.);
#1122 = VERTEX_POINT('',#1123);
#1123 = CARTESIAN_POINT('',(81.66,8.3,20.));
#1124 = LINE('',#1125,#1126);
#1125 = CARTESIAN_POINT('',(81.66,10.96,20.));
#1126 = VECTOR('',#1127,1.);
#1127 = DIRECTION('',(0.,-1.,0.));
#1128 = ORIENTED_EDGE('',*,*,#1129,.T.);
#1129 = EDGE_CURVE('',#1122,#1130,#1132,.T.);
#1130 = VERTEX_POINT('',#1131);
#1131 = CARTESIAN_POINT('',(82.,8.3,20.));
#1132 = LINE('',#1133,#1134);
#1133 = CARTESIAN_POINT('',(82.315,8.3,20.));
#1134 = VECTOR('',#1135,1.);
#1135 = DIRECTION('',(1.,0.,0.));
#1136 = ORIENTED_EDGE('',*,*,#1137,.T.);
#1137 = EDGE_CURVE('',#1130,#1138,#1140,.T.);
#1138 = VERTEX_POINT('',#1139);
#1139 = CARTESIAN_POINT('',(82.,6.,20.));
#1140 = LINE('',#1141,#1142);
#1141 = CARTESIAN_POINT('',(82.,11.391730981257,20.));
#1142 = VECTOR('',#1143,1.);
#1143 = DIRECTION('',(0.,-1.,0.));
#1144 = ORIENTED_EDGE('',*,*,#1145,.F.);
#1145 = EDGE_CURVE('',#1146,#1138,#1148,.T.);
#1146 = VERTEX_POINT('',#1147);
#1147 = CARTESIAN_POINT('',(82.22449979984,6.,20.));
#1148 = LINE('',#1149,#1150);
#1149 = CARTESIAN_POINT('',(83.115,6.,20.));
#1150 = VECTOR('',#1151,1.);
#1151 = DIRECTION('',(-1.,0.,0.));
#1152 = ORIENTED_EDGE('',*,*,#1153,.T.);
#1153 = EDGE_CURVE('',#1146,#376,#1154,.T.);
#1154 = CIRCLE('',#1155,2.);
#1155 = AXIS2_PLACEMENT_3D('',#1156,#1157,#1158);
#1156 = CARTESIAN_POINT('',(81.6,7.9,20.));
#1157 = DIRECTION('',(0.,0.,1.));
#1158 = DIRECTION('',(1.,0.,0.));
#1159 = ORIENTED_EDGE('',*,*,#383,.T.);
#1160 = PLANE('',#1161);
#1161 = AXIS2_PLACEMENT_3D('',#1162,#1163,#1164);
#1162 = CARTESIAN_POINT('',(82.63,16.883461962514,20.));
#1163 = DIRECTION('',(0.,0.,1.));
#1164 = DIRECTION('',(1.,0.,0.));
#1165 = ADVANCED_FACE('',(#1166),#1177,.F.);
#1166 = FACE_BOUND('',#1167,.F.);
#1167 = EDGE_LOOP('',(#1168,#1169,#1175,#1176));
#1168 = ORIENTED_EDGE('',*,*,#713,.F.);
#1169 = ORIENTED_EDGE('',*,*,#1170,.F.);
#1170 = EDGE_CURVE('',#1146,#714,#1171,.T.);
#1171 = LINE('',#1172,#1173);
#1172 = CARTESIAN_POINT('',(82.22449979984,6.,36.));
#1173 = VECTOR('',#1174,1.);
#1174 = DIRECTION('',(0.,0.,1.));
#1175 = ORIENTED_EDGE('',*,*,#1153,.T.);
#1176 = ORIENTED_EDGE('',*,*,#375,.F.);
#1177 = CYLINDRICAL_SURFACE('',#1178,2.);
#1178 = AXIS2_PLACEMENT_3D('',#1179,#1180,#1181);
#1179 = CARTESIAN_POINT('',(81.6,7.9,36.));
#1180 = DIRECTION('',(0.,0.,1.));
#1181 = DIRECTION('',(1.,0.,0.));
#1182 = ADVANCED_FACE('',(#1183),#1280,.T.);
#1183 = FACE_BOUND('',#1184,.T.);
#1184 = EDGE_LOOP('',(#1185,#1186,#1192,#1193,#1194,#1202,#1210,#1218,
    #1226,#1234,#1242,#1250,#1258,#1266,#1274));
#1185 = ORIENTED_EDGE('',*,*,#535,.F.);
#1186 = ORIENTED_EDGE('',*,*,#1187,.T.);
#1187 = EDGE_CURVE('',#536,#419,#1188,.T.);
#1188 = LINE('',#1189,#1190);
#1189 = CARTESIAN_POINT('',(87.,22.9,24.));
#1190 = VECTOR('',#1191,1.);
#1191 = DIRECTION('',(-1.,-0.,-0.));
#1192 = ORIENTED_EDGE('',*,*,#426,.F.);
#1193 = ORIENTED_EDGE('',*,*,#452,.F.);
#1194 = ORIENTED_EDGE('',*,*,#1195,.F.);
#1195 = EDGE_CURVE('',#1196,#453,#1198,.T.);
#1196 = VERTEX_POINT('',#1197);
#1197 = CARTESIAN_POINT('',(81.66,22.9,20.));
#1198 = LINE('',#1199,#1200);
#1199 = CARTESIAN_POINT('',(81.66,22.9,20.));
#1200 = VECTOR('',#1201,1.);
#1201 = DIRECTION('',(1.,0.,0.));
#1202 = ORIENTED_EDGE('',*,*,#1203,.F.);
#1203 = EDGE_CURVE('',#1204,#1196,#1206,.T.);
#1204 = VERTEX_POINT('',#1205);
#1205 = CARTESIAN_POINT('',(81.66,22.9,0.));
#1206 = LINE('',#1207,#1208);
#1207 = CARTESIAN_POINT('',(81.66,22.9,0.));
#1208 = VECTOR('',#1209,1.);
#1209 = DIRECTION('',(0.,0.,1.));
#1210 = ORIENTED_EDGE('',*,*,#1211,.T.);
#1211 = EDGE_CURVE('',#1204,#1212,#1214,.T.);
#1212 = VERTEX_POINT('',#1213);
#1213 = CARTESIAN_POINT('',(83.6,22.9,0.));
#1214 = LINE('',#1215,#1216);
#1215 = CARTESIAN_POINT('',(81.66,22.9,0.));
#1216 = VECTOR('',#1217,1.);
#1217 = DIRECTION('',(1.,0.,0.));
#1218 = ORIENTED_EDGE('',*,*,#1219,.T.);
#1219 = EDGE_CURVE('',#1212,#1220,#1222,.T.);
#1220 = VERTEX_POINT('',#1221);
#1221 = CARTESIAN_POINT('',(83.6,22.9,3.5));
#1222 = LINE('',#1223,#1224);
#1223 = CARTESIAN_POINT('',(83.6,22.9,0.));
#1224 = VECTOR('',#1225,1.);
#1225 = DIRECTION('',(0.,0.,1.));
#1226 = ORIENTED_EDGE('',*,*,#1227,.T.);
#1227 = EDGE_CURVE('',#1220,#1228,#1230,.T.);
#1228 = VERTEX_POINT('',#1229);
#1229 = CARTESIAN_POINT('',(83.6,22.9,5.5));
#1230 = LINE('',#1231,#1232);
#1231 = CARTESIAN_POINT('',(83.6,22.9,0.));
#1232 = VECTOR('',#1233,1.);
#1233 = DIRECTION('',(0.,0.,1.));
#1234 = ORIENTED_EDGE('',*,*,#1235,.T.);
#1235 = EDGE_CURVE('',#1228,#1236,#1238,.T.);
#1236 = VERTEX_POINT('',#1237);
#1237 = CARTESIAN_POINT('',(83.6,22.9,7.5));
#1238 = LINE('',#1239,#1240);
#1239 = CARTESIAN_POINT('',(83.6,22.9,0.));
#1240 = VECTOR('',#1241,1.);
#1241 = DIRECTION('',(0.,0.,1.));
#1242 = ORIENTED_EDGE('',*,*,#1243,.T.);
#1243 = EDGE_CURVE('',#1236,#1244,#1246,.T.);
#1244 = VERTEX_POINT('',#1245);
#1245 = CARTESIAN_POINT('',(83.6,22.9,9.5));
#1246 = LINE('',#1247,#1248);
#1247 = CARTESIAN_POINT('',(83.6,22.9,0.));
#1248 = VECTOR('',#1249,1.);
#1249 = DIRECTION('',(0.,0.,1.));
#1250 = ORIENTED_EDGE('',*,*,#1251,.T.);
#1251 = EDGE_CURVE('',#1244,#1252,#1254,.T.);
#1252 = VERTEX_POINT('',#1253);
#1253 = CARTESIAN_POINT('',(83.6,22.9,11.5));
#1254 = LINE('',#1255,#1256);
#1255 = CARTESIAN_POINT('',(83.6,22.9,0.));
#1256 = VECTOR('',#1257,1.);
#1257 = DIRECTION('',(0.,0.,1.));
#1258 = ORIENTED_EDGE('',*,*,#1259,.T.);
#1259 = EDGE_CURVE('',#1252,#1260,#1262,.T.);
#1260 = VERTEX_POINT('',#1261);
#1261 = CARTESIAN_POINT('',(83.6,22.9,13.5));
#1262 = LINE('',#1263,#1264);
#1263 = CARTESIAN_POINT('',(83.6,22.9,0.));
#1264 = VECTOR('',#1265,1.);
#1265 = DIRECTION('',(0.,0.,1.));
#1266 = ORIENTED_EDGE('',*,*,#1267,.T.);
#1267 = EDGE_CURVE('',#1260,#1268,#1270,.T.);
#1268 = VERTEX_POINT('',#1269);
#1269 = CARTESIAN_POINT('',(83.6,22.9,17.));
#1270 = LINE('',#1271,#1272);
#1271 = CARTESIAN_POINT('',(83.6,22.9,0.));
#1272 = VECTOR('',#1273,1.);
#1273 = DIRECTION('',(0.,0.,1.));
#1274 = ORIENTED_EDGE('',*,*,#1275,.F.);
#1275 = EDGE_CURVE('',#526,#1268,#1276,.T.);
#1276 = LINE('',#1277,#1278);
#1277 = CARTESIAN_POINT('',(87.,22.9,17.));
#1278 = VECTOR('',#1279,1.);
#1279 = DIRECTION('',(-1.,-0.,-0.));
#1280 = PLANE('',#1281);
#1281 = AXIS2_PLACEMENT_3D('',#1282,#1283,#1284);
#1282 = CARTESIAN_POINT('',(83.24707833451,22.9,12.58292166549));
#1283 = DIRECTION('',(-0.,-1.,-0.));
#1284 = DIRECTION('',(0.,0.,-1.));
#1285 = ADVANCED_FACE('',(#1286),#1292,.F.);
#1286 = FACE_BOUND('',#1287,.F.);
#1287 = EDGE_LOOP('',(#1288,#1289,#1290,#1291));
#1288 = ORIENTED_EDGE('',*,*,#543,.T.);
#1289 = ORIENTED_EDGE('',*,*,#1187,.T.);
#1290 = ORIENTED_EDGE('',*,*,#418,.T.);
#1291 = ORIENTED_EDGE('',*,*,#1106,.F.);
#1292 = PLANE('',#1293);
#1293 = AXIS2_PLACEMENT_3D('',#1294,#1295,#1296);
#1294 = CARTESIAN_POINT('',(87.,22.9,24.));
#1295 = DIRECTION('',(0.,0.,1.));
#1296 = DIRECTION('',(0.,-1.,0.));
#1297 = ADVANCED_FACE('',(#1298),#1317,.F.);
#1298 = FACE_BOUND('',#1299,.F.);
#1299 = EDGE_LOOP('',(#1300,#1301,#1302,#1311));
#1300 = ORIENTED_EDGE('',*,*,#940,.F.);
#1301 = ORIENTED_EDGE('',*,*,#468,.T.);
#1302 = ORIENTED_EDGE('',*,*,#1303,.T.);
#1303 = EDGE_CURVE('',#461,#1304,#1306,.T.);
#1304 = VERTEX_POINT('',#1305);
#1305 = CARTESIAN_POINT('',(82.22449979984,27.8,20.));
#1306 = CIRCLE('',#1307,2.);
#1307 = AXIS2_PLACEMENT_3D('',#1308,#1309,#1310);
#1308 = CARTESIAN_POINT('',(81.6,25.9,20.));
#1309 = DIRECTION('',(0.,0.,1.));
#1310 = DIRECTION('',(1.,0.,0.));
#1311 = ORIENTED_EDGE('',*,*,#1312,.T.);
#1312 = EDGE_CURVE('',#1304,#933,#1313,.T.);
#1313 = LINE('',#1314,#1315);
#1314 = CARTESIAN_POINT('',(82.22449979984,27.8,36.));
#1315 = VECTOR('',#1316,1.);
#1316 = DIRECTION('',(0.,0.,1.));
#1317 = CYLINDRICAL_SURFACE('',#1318,2.);
#1318 = AXIS2_PLACEMENT_3D('',#1319,#1320,#1321);
#1319 = CARTESIAN_POINT('',(81.6,25.9,36.));
#1320 = DIRECTION('',(0.,0.,1.));
#1321 = DIRECTION('',(1.,0.,0.));
#1322 = ADVANCED_FACE('',(#1323),#1358,.T.);
#1323 = FACE_BOUND('',#1324,.T.);
#1324 = EDGE_LOOP('',(#1325,#1335,#1341,#1342,#1343,#1344,#1352));
#1325 = ORIENTED_EDGE('',*,*,#1326,.T.);
#1326 = EDGE_CURVE('',#1327,#1329,#1331,.T.);
#1327 = VERTEX_POINT('',#1328);
#1328 = CARTESIAN_POINT('',(82.,25.,20.));
#1329 = VERTEX_POINT('',#1330);
#1330 = CARTESIAN_POINT('',(81.66,25.,20.));
#1331 = LINE('',#1332,#1333);
#1332 = CARTESIAN_POINT('',(80.315,25.,20.));
#1333 = VECTOR('',#1334,1.);
#1334 = DIRECTION('',(-1.,0.,0.));
#1335 = ORIENTED_EDGE('',*,*,#1336,.T.);
#1336 = EDGE_CURVE('',#1329,#1196,#1337,.T.);
#1337 = LINE('',#1338,#1339);
#1338 = CARTESIAN_POINT('',(81.66,30.,20.));
#1339 = VECTOR('',#1340,1.);
#1340 = DIRECTION('',(0.,-1.,0.));
#1341 = ORIENTED_EDGE('',*,*,#1195,.T.);
#1342 = ORIENTED_EDGE('',*,*,#460,.T.);
#1343 = ORIENTED_EDGE('',*,*,#1303,.T.);
#1344 = ORIENTED_EDGE('',*,*,#1345,.F.);
#1345 = EDGE_CURVE('',#1346,#1304,#1348,.T.);
#1346 = VERTEX_POINT('',#1347);
#1347 = CARTESIAN_POINT('',(82.,27.8,20.));
#1348 = LINE('',#1349,#1350);
#1349 = CARTESIAN_POINT('',(78.615,27.8,20.));
#1350 = VECTOR('',#1351,1.);
#1351 = DIRECTION('',(1.,0.,0.));
#1352 = ORIENTED_EDGE('',*,*,#1353,.T.);
#1353 = EDGE_CURVE('',#1346,#1327,#1354,.T.);
#1354 = LINE('',#1355,#1356);
#1355 = CARTESIAN_POINT('',(82.,20.941730981257,20.));
#1356 = VECTOR('',#1357,1.);
#1357 = DIRECTION('',(0.,-1.,0.));
#1358 = PLANE('',#1359);
#1359 = AXIS2_PLACEMENT_3D('',#1360,#1361,#1362);
#1360 = CARTESIAN_POINT('',(82.63,16.883461962514,20.));
#1361 = DIRECTION('',(0.,0.,1.));
#1362 = DIRECTION('',(1.,0.,0.));
#1363 = ADVANCED_FACE('',(#1364,#1425,#1605,#1616,#1627,#1638),#1649,.T.
  );
#1364 = FACE_BOUND('',#1365,.T.);
#1365 = EDGE_LOOP('',(#1366,#1377,#1385,#1394,#1402,#1409,#1410,#1419));
#1366 = ORIENTED_EDGE('',*,*,#1367,.F.);
#1367 = EDGE_CURVE('',#1368,#1370,#1372,.T.);
#1368 = VERTEX_POINT('',#1369);
#1369 = CARTESIAN_POINT('',(0.,2.,0.));
#1370 = VERTEX_POINT('',#1371);
#1371 = CARTESIAN_POINT('',(2.,0.,0.));
#1372 = CIRCLE('',#1373,2.);
#1373 = AXIS2_PLACEMENT_3D('',#1374,#1375,#1376);
#1374 = CARTESIAN_POINT('',(2.,2.,0.));
#1375 = DIRECTION('',(0.,0.,1.));
#1376 = DIRECTION('',(1.,0.,0.));
#1377 = ORIENTED_EDGE('',*,*,#1378,.F.);
#1378 = EDGE_CURVE('',#1379,#1368,#1381,.T.);
#1379 = VERTEX_POINT('',#1380);
#1380 = CARTESIAN_POINT('',(0.,31.8,0.));
#1381 = LINE('',#1382,#1383);
#1382 = CARTESIAN_POINT('',(0.,31.8,0.));
#1383 = VECTOR('',#1384,1.);
#1384 = DIRECTION('',(0.,-1.,0.));
#1385 = ORIENTED_EDGE('',*,*,#1386,.F.);
#1386 = EDGE_CURVE('',#1387,#1379,#1389,.T.);
#1387 = VERTEX_POINT('',#1388);
#1388 = CARTESIAN_POINT('',(2.,33.8,0.));
#1389 = CIRCLE('',#1390,2.);
#1390 = AXIS2_PLACEMENT_3D('',#1391,#1392,#1393);
#1391 = CARTESIAN_POINT('',(2.,31.8,0.));
#1392 = DIRECTION('',(0.,0.,1.));
#1393 = DIRECTION('',(1.,0.,0.));
#1394 = ORIENTED_EDGE('',*,*,#1395,.F.);
#1395 = EDGE_CURVE('',#1396,#1387,#1398,.T.);
#1396 = VERTEX_POINT('',#1397);
#1397 = CARTESIAN_POINT('',(84.,33.8,0.));
#1398 = LINE('',#1399,#1400);
#1399 = CARTESIAN_POINT('',(84.,33.8,0.));
#1400 = VECTOR('',#1401,1.);
#1401 = DIRECTION('',(-1.,0.,0.));
#1402 = ORIENTED_EDGE('',*,*,#1403,.F.);
#1403 = EDGE_CURVE('',#485,#1396,#1404,.T.);
#1404 = CIRCLE('',#1405,2.);
#1405 = AXIS2_PLACEMENT_3D('',#1406,#1407,#1408);
#1406 = CARTESIAN_POINT('',(84.,31.8,0.));
#1407 = DIRECTION('',(0.,0.,1.));
#1408 = DIRECTION('',(1.,0.,0.));
#1409 = ORIENTED_EDGE('',*,*,#482,.F.);
#1410 = ORIENTED_EDGE('',*,*,#1411,.F.);
#1411 = EDGE_CURVE('',#1412,#483,#1414,.T.);
#1412 = VERTEX_POINT('',#1413);
#1413 = CARTESIAN_POINT('',(84.,0.,0.));
#1414 = CIRCLE('',#1415,2.);
#1415 = AXIS2_PLACEMENT_3D('',#1416,#1417,#1418);
#1416 = CARTESIAN_POINT('',(84.,2.,0.));
#1417 = DIRECTION('',(0.,0.,1.));
#1418 = DIRECTION('',(1.,0.,0.));
#1419 = ORIENTED_EDGE('',*,*,#1420,.F.);
#1420 = EDGE_CURVE('',#1370,#1412,#1421,.T.);
#1421 = LINE('',#1422,#1423);
#1422 = CARTESIAN_POINT('',(2.,0.,0.));
#1423 = VECTOR('',#1424,1.);
#1424 = DIRECTION('',(1.,0.,0.));
#1425 = FACE_BOUND('',#1426,.T.);
#1426 = EDGE_LOOP('',(#1427,#1437,#1446,#1454,#1462,#1471,#1479,#1488,
    #1496,#1504,#1513,#1521,#1529,#1537,#1545,#1553,#1559,#1560,#1566,
    #1567,#1575,#1583,#1591,#1599));
#1427 = ORIENTED_EDGE('',*,*,#1428,.F.);
#1428 = EDGE_CURVE('',#1429,#1431,#1433,.T.);
#1429 = VERTEX_POINT('',#1430);
#1430 = CARTESIAN_POINT('',(3.77550020016,27.8,0.));
#1431 = VERTEX_POINT('',#1432);
#1432 = CARTESIAN_POINT('',(11.4,27.8,0.));
#1433 = LINE('',#1434,#1435);
#1434 = CARTESIAN_POINT('',(2.4,27.8,0.));
#1435 = VECTOR('',#1436,1.);
#1436 = DIRECTION('',(1.,0.,0.));
#1437 = ORIENTED_EDGE('',*,*,#1438,.T.);
#1438 = EDGE_CURVE('',#1429,#1439,#1441,.T.);
#1439 = VERTEX_POINT('',#1440);
#1440 = CARTESIAN_POINT('',(3.35,27.602204453055,0.));
#1441 = CIRCLE('',#1442,2.);
#1442 = AXIS2_PLACEMENT_3D('',#1443,#1444,#1445);
#1443 = CARTESIAN_POINT('',(4.4,25.9,0.));
#1444 = DIRECTION('',(0.,0.,1.));
#1445 = DIRECTION('',(1.,0.,0.));
#1446 = ORIENTED_EDGE('',*,*,#1447,.F.);
#1447 = EDGE_CURVE('',#1448,#1439,#1450,.T.);
#1448 = VERTEX_POINT('',#1449);
#1449 = CARTESIAN_POINT('',(3.35,26.5,0.));
#1450 = LINE('',#1451,#1452);
#1451 = CARTESIAN_POINT('',(3.35,26.5,0.));
#1452 = VECTOR('',#1453,1.);
#1453 = DIRECTION('',(0.,1.,0.));
#1454 = ORIENTED_EDGE('',*,*,#1455,.F.);
#1455 = EDGE_CURVE('',#1456,#1448,#1458,.T.);
#1456 = VERTEX_POINT('',#1457);
#1457 = CARTESIAN_POINT('',(2.492121597166,26.5,0.));
#1458 = LINE('',#1459,#1460);
#1459 = CARTESIAN_POINT('',(2.4,26.5,0.));
#1460 = VECTOR('',#1461,1.);
#1461 = DIRECTION('',(1.,0.,0.));
#1462 = ORIENTED_EDGE('',*,*,#1463,.T.);
#1463 = EDGE_CURVE('',#1456,#1464,#1466,.T.);
#1464 = VERTEX_POINT('',#1465);
#1465 = CARTESIAN_POINT('',(2.4,25.9,0.));
#1466 = CIRCLE('',#1467,2.);
#1467 = AXIS2_PLACEMENT_3D('',#1468,#1469,#1470);
#1468 = CARTESIAN_POINT('',(4.4,25.9,0.));
#1469 = DIRECTION('',(0.,0.,1.));
#1470 = DIRECTION('',(1.,0.,0.));
#1471 = ORIENTED_EDGE('',*,*,#1472,.T.);
#1472 = EDGE_CURVE('',#1464,#1473,#1475,.T.);
#1473 = VERTEX_POINT('',#1474);
#1474 = CARTESIAN_POINT('',(2.4,7.9,0.));
#1475 = LINE('',#1476,#1477);
#1476 = CARTESIAN_POINT('',(2.4,25.9,0.));
#1477 = VECTOR('',#1478,1.);
#1478 = DIRECTION('',(0.,-1.,0.));
#1479 = ORIENTED_EDGE('',*,*,#1480,.T.);
#1480 = EDGE_CURVE('',#1473,#1481,#1483,.T.);
#1481 = VERTEX_POINT('',#1482);
#1482 = CARTESIAN_POINT('',(2.492121597166,7.3,0.));
#1483 = CIRCLE('',#1484,2.);
#1484 = AXIS2_PLACEMENT_3D('',#1485,#1486,#1487);
#1485 = CARTESIAN_POINT('',(4.4,7.9,0.));
#1486 = DIRECTION('',(0.,0.,1.));
#1487 = DIRECTION('',(1.,0.,0.));
#1488 = ORIENTED_EDGE('',*,*,#1489,.F.);
#1489 = EDGE_CURVE('',#1490,#1481,#1492,.T.);
#1490 = VERTEX_POINT('',#1491);
#1491 = CARTESIAN_POINT('',(3.35,7.3,0.));
#1492 = LINE('',#1493,#1494);
#1493 = CARTESIAN_POINT('',(3.35,7.3,0.));
#1494 = VECTOR('',#1495,1.);
#1495 = DIRECTION('',(-1.,0.,0.));
#1496 = ORIENTED_EDGE('',*,*,#1497,.F.);
#1497 = EDGE_CURVE('',#1498,#1490,#1500,.T.);
#1498 = VERTEX_POINT('',#1499);
#1499 = CARTESIAN_POINT('',(3.35,6.197795546945,0.));
#1500 = LINE('',#1501,#1502);
#1501 = CARTESIAN_POINT('',(3.35,5.9,0.));
#1502 = VECTOR('',#1503,1.);
#1503 = DIRECTION('',(0.,1.,0.));
#1504 = ORIENTED_EDGE('',*,*,#1505,.T.);
#1505 = EDGE_CURVE('',#1498,#1506,#1508,.T.);
#1506 = VERTEX_POINT('',#1507);
#1507 = CARTESIAN_POINT('',(3.77550020016,6.,0.));
#1508 = CIRCLE('',#1509,2.);
#1509 = AXIS2_PLACEMENT_3D('',#1510,#1511,#1512);
#1510 = CARTESIAN_POINT('',(4.4,7.9,0.));
#1511 = DIRECTION('',(0.,0.,1.));
#1512 = DIRECTION('',(1.,0.,0.));
#1513 = ORIENTED_EDGE('',*,*,#1514,.F.);
#1514 = EDGE_CURVE('',#1515,#1506,#1517,.T.);
#1515 = VERTEX_POINT('',#1516);
#1516 = CARTESIAN_POINT('',(11.4,6.,0.));
#1517 = LINE('',#1518,#1519);
#1518 = CARTESIAN_POINT('',(11.4,6.,0.));
#1519 = VECTOR('',#1520,1.);
#1520 = DIRECTION('',(-1.,0.,0.));
#1521 = ORIENTED_EDGE('',*,*,#1522,.F.);
#1522 = EDGE_CURVE('',#1523,#1515,#1525,.T.);
#1523 = VERTEX_POINT('',#1524);
#1524 = CARTESIAN_POINT('',(11.4,5.9,0.));
#1525 = LINE('',#1526,#1527);
#1526 = CARTESIAN_POINT('',(11.4,0.,0.));
#1527 = VECTOR('',#1528,1.);
#1528 = DIRECTION('',(0.,1.,0.));
#1529 = ORIENTED_EDGE('',*,*,#1530,.T.);
#1530 = EDGE_CURVE('',#1523,#1531,#1533,.T.);
#1531 = VERTEX_POINT('',#1532);
#1532 = CARTESIAN_POINT('',(74.6,5.9,0.));
#1533 = LINE('',#1534,#1535);
#1534 = CARTESIAN_POINT('',(4.4,5.9,0.));
#1535 = VECTOR('',#1536,1.);
#1536 = DIRECTION('',(1.,0.,0.));
#1537 = ORIENTED_EDGE('',*,*,#1538,.F.);
#1538 = EDGE_CURVE('',#1539,#1531,#1541,.T.);
#1539 = VERTEX_POINT('',#1540);
#1540 = CARTESIAN_POINT('',(74.6,6.,0.));
#1541 = LINE('',#1542,#1543);
#1542 = CARTESIAN_POINT('',(74.6,6.,0.));
#1543 = VECTOR('',#1544,1.);
#1544 = DIRECTION('',(0.,-1.,0.));
#1545 = ORIENTED_EDGE('',*,*,#1546,.F.);
#1546 = EDGE_CURVE('',#1547,#1539,#1549,.T.);
#1547 = VERTEX_POINT('',#1548);
#1548 = CARTESIAN_POINT('',(81.66,6.,0.));
#1549 = LINE('',#1550,#1551);
#1550 = CARTESIAN_POINT('',(83.6,6.,0.));
#1551 = VECTOR('',#1552,1.);
#1552 = DIRECTION('',(-1.,0.,0.));
#1553 = ORIENTED_EDGE('',*,*,#1554,.F.);
#1554 = EDGE_CURVE('',#1083,#1547,#1555,.T.);
#1555 = LINE('',#1556,#1557);
#1556 = CARTESIAN_POINT('',(81.66,10.96,0.));
#1557 = VECTOR('',#1558,1.);
#1558 = DIRECTION('',(0.,-1.,0.));
#1559 = ORIENTED_EDGE('',*,*,#1082,.F.);
#1560 = ORIENTED_EDGE('',*,*,#1561,.T.);
#1561 = EDGE_CURVE('',#1075,#1212,#1562,.T.);
#1562 = LINE('',#1563,#1564);
#1563 = CARTESIAN_POINT('',(83.6,7.9,0.));
#1564 = VECTOR('',#1565,1.);
#1565 = DIRECTION('',(0.,1.,0.));
#1566 = ORIENTED_EDGE('',*,*,#1211,.F.);
#1567 = ORIENTED_EDGE('',*,*,#1568,.F.);
#1568 = EDGE_CURVE('',#1569,#1204,#1571,.T.);
#1569 = VERTEX_POINT('',#1570);
#1570 = CARTESIAN_POINT('',(81.66,27.8,0.));
#1571 = LINE('',#1572,#1573);
#1572 = CARTESIAN_POINT('',(81.66,30.,0.));
#1573 = VECTOR('',#1574,1.);
#1574 = DIRECTION('',(0.,-1.,0.));
#1575 = ORIENTED_EDGE('',*,*,#1576,.F.);
#1576 = EDGE_CURVE('',#1577,#1569,#1579,.T.);
#1577 = VERTEX_POINT('',#1578);
#1578 = CARTESIAN_POINT('',(74.6,27.8,0.));
#1579 = LINE('',#1580,#1581);
#1580 = CARTESIAN_POINT('',(74.6,27.8,0.));
#1581 = VECTOR('',#1582,1.);
#1582 = DIRECTION('',(1.,0.,0.));
#1583 = ORIENTED_EDGE('',*,*,#1584,.F.);
#1584 = EDGE_CURVE('',#1585,#1577,#1587,.T.);
#1585 = VERTEX_POINT('',#1586);
#1586 = CARTESIAN_POINT('',(74.6,27.9,0.));
#1587 = LINE('',#1588,#1589);
#1588 = CARTESIAN_POINT('',(74.6,33.8,0.));
#1589 = VECTOR('',#1590,1.);
#1590 = DIRECTION('',(0.,-1.,0.));
#1591 = ORIENTED_EDGE('',*,*,#1592,.T.);
#1592 = EDGE_CURVE('',#1585,#1593,#1595,.T.);
#1593 = VERTEX_POINT('',#1594);
#1594 = CARTESIAN_POINT('',(11.4,27.9,0.));
#1595 = LINE('',#1596,#1597);
#1596 = CARTESIAN_POINT('',(81.6,27.9,0.));
#1597 = VECTOR('',#1598,1.);
#1598 = DIRECTION('',(-1.,0.,0.));
#1599 = ORIENTED_EDGE('',*,*,#1600,.F.);
#1600 = EDGE_CURVE('',#1431,#1593,#1601,.T.);
#1601 = LINE('',#1602,#1603);
#1602 = CARTESIAN_POINT('',(11.4,27.8,0.));
#1603 = VECTOR('',#1604,1.);
#1604 = DIRECTION('',(0.,1.,0.));
#1605 = FACE_BOUND('',#1606,.T.);
#1606 = EDGE_LOOP('',(#1607));
#1607 = ORIENTED_EDGE('',*,*,#1608,.T.);
#1608 = EDGE_CURVE('',#1609,#1609,#1611,.T.);
#1609 = VERTEX_POINT('',#1610);
#1610 = CARTESIAN_POINT('',(80.6,3.,0.));
#1611 = CIRCLE('',#1612,1.5);
#1612 = AXIS2_PLACEMENT_3D('',#1613,#1614,#1615);
#1613 = CARTESIAN_POINT('',(79.1,3.,0.));
#1614 = DIRECTION('',(0.,0.,1.));
#1615 = DIRECTION('',(1.,0.,0.));
#1616 = FACE_BOUND('',#1617,.T.);
#1617 = EDGE_LOOP('',(#1618));
#1618 = ORIENTED_EDGE('',*,*,#1619,.T.);
#1619 = EDGE_CURVE('',#1620,#1620,#1622,.T.);
#1620 = VERTEX_POINT('',#1621);
#1621 = CARTESIAN_POINT('',(8.4,3.,0.));
#1622 = CIRCLE('',#1623,1.5);
#1623 = AXIS2_PLACEMENT_3D('',#1624,#1625,#1626);
#1624 = CARTESIAN_POINT('',(6.9,3.,0.));
#1625 = DIRECTION('',(0.,0.,1.));
#1626 = DIRECTION('',(1.,0.,0.));
#1627 = FACE_BOUND('',#1628,.T.);
#1628 = EDGE_LOOP('',(#1629));
#1629 = ORIENTED_EDGE('',*,*,#1630,.T.);
#1630 = EDGE_CURVE('',#1631,#1631,#1633,.T.);
#1631 = VERTEX_POINT('',#1632);
#1632 = CARTESIAN_POINT('',(80.6,30.8,0.));
#1633 = CIRCLE('',#1634,1.5);
#1634 = AXIS2_PLACEMENT_3D('',#1635,#1636,#1637);
#1635 = CARTESIAN_POINT('',(79.1,30.8,0.));
#1636 = DIRECTION('',(0.,0.,1.));
#1637 = DIRECTION('',(1.,0.,0.));
#1638 = FACE_BOUND('',#1639,.T.);
#1639 = EDGE_LOOP('',(#1640));
#1640 = ORIENTED_EDGE('',*,*,#1641,.T.);
#1641 = EDGE_CURVE('',#1642,#1642,#1644,.T.);
#1642 = VERTEX_POINT('',#1643);
#1643 = CARTESIAN_POINT('',(8.4,30.8,0.));
#1644 = CIRCLE('',#1645,1.5);
#1645 = AXIS2_PLACEMENT_3D('',#1646,#1647,#1648);
#1646 = CARTESIAN_POINT('',(6.9,30.8,0.));
#1647 = DIRECTION('',(0.,0.,1.));
#1648 = DIRECTION('',(1.,0.,0.));
#1649 = PLANE('',#1650);
#1650 = AXIS2_PLACEMENT_3D('',#1651,#1652,#1653);
#1651 = CARTESIAN_POINT('',(43.,16.9,0.));
#1652 = DIRECTION('',(-0.,-0.,-1.));
#1653 = DIRECTION('',(-1.,0.,0.));
#1654 = ADVANCED_FACE('',(#1655),#1666,.T.);
#1655 = FACE_BOUND('',#1656,.F.);
#1656 = EDGE_LOOP('',(#1657,#1658,#1659,#1665));
#1657 = ORIENTED_EDGE('',*,*,#517,.T.);
#1658 = ORIENTED_EDGE('',*,*,#950,.T.);
#1659 = ORIENTED_EDGE('',*,*,#1660,.F.);
#1660 = EDGE_CURVE('',#1396,#951,#1661,.T.);
#1661 = LINE('',#1662,#1663);
#1662 = CARTESIAN_POINT('',(84.,33.8,0.));
#1663 = VECTOR('',#1664,1.);
#1664 = DIRECTION('',(0.,0.,1.));
#1665 = ORIENTED_EDGE('',*,*,#1403,.F.);
#1666 = CYLINDRICAL_SURFACE('',#1667,2.);
#1667 = AXIS2_PLACEMENT_3D('',#1668,#1669,#1670);
#1668 = CARTESIAN_POINT('',(84.,31.8,0.));
#1669 = DIRECTION('',(-0.,-0.,-1.));
#1670 = DIRECTION('',(1.,0.,0.));
#1671 = ADVANCED_FACE('',(#1672),#1683,.T.);
#1672 = FACE_BOUND('',#1673,.F.);
#1673 = EDGE_LOOP('',(#1674,#1680,#1681,#1682));
#1674 = ORIENTED_EDGE('',*,*,#1675,.T.);
#1675 = EDGE_CURVE('',#1412,#696,#1676,.T.);
#1676 = LINE('',#1677,#1678);
#1677 = CARTESIAN_POINT('',(84.,0.,0.));
#1678 = VECTOR('',#1679,1.);
#1679 = DIRECTION('',(0.,0.,1.));
#1680 = ORIENTED_EDGE('',*,*,#703,.T.);
#1681 = ORIENTED_EDGE('',*,*,#492,.F.);
#1682 = ORIENTED_EDGE('',*,*,#1411,.F.);
#1683 = CYLINDRICAL_SURFACE('',#1684,2.);
#1684 = AXIS2_PLACEMENT_3D('',#1685,#1686,#1687);
#1685 = CARTESIAN_POINT('',(84.,2.,0.));
#1686 = DIRECTION('',(-0.,-0.,-1.));
#1687 = DIRECTION('',(1.,0.,0.));
#1688 = ADVANCED_FACE('',(#1689),#1700,.F.);
#1689 = FACE_BOUND('',#1690,.F.);
#1690 = EDGE_LOOP('',(#1691,#1692,#1693,#1699));
#1691 = ORIENTED_EDGE('',*,*,#525,.T.);
#1692 = ORIENTED_EDGE('',*,*,#1018,.T.);
#1693 = ORIENTED_EDGE('',*,*,#1694,.T.);
#1694 = EDGE_CURVE('',#1019,#1268,#1695,.T.);
#1695 = LINE('',#1696,#1697);
#1696 = CARTESIAN_POINT('',(83.6,9.43,17.));
#1697 = VECTOR('',#1698,1.);
#1698 = DIRECTION('',(0.,1.,0.));
#1699 = ORIENTED_EDGE('',*,*,#1275,.F.);
#1700 = PLANE('',#1701);
#1701 = AXIS2_PLACEMENT_3D('',#1702,#1703,#1704);
#1702 = CARTESIAN_POINT('',(87.,10.96,17.));
#1703 = DIRECTION('',(0.,0.,-1.));
#1704 = DIRECTION('',(0.,1.,0.));
#1705 = ADVANCED_FACE('',(#1706),#1743,.F.);
#1706 = FACE_BOUND('',#1707,.F.);
#1707 = EDGE_LOOP('',(#1708,#1716,#1717,#1725,#1731,#1737));
#1708 = ORIENTED_EDGE('',*,*,#1709,.F.);
#1709 = EDGE_CURVE('',#560,#1710,#1712,.T.);
#1710 = VERTEX_POINT('',#1711);
#1711 = CARTESIAN_POINT('',(83.6,26.9,11.5));
#1712 = LINE('',#1713,#1714);
#1713 = CARTESIAN_POINT('',(87.,26.9,11.5));
#1714 = VECTOR('',#1715,1.);
#1715 = DIRECTION('',(-1.,-0.,-0.));
#1716 = ORIENTED_EDGE('',*,*,#559,.T.);
#1717 = ORIENTED_EDGE('',*,*,#1718,.T.);
#1718 = EDGE_CURVE('',#562,#1719,#1721,.T.);
#1719 = VERTEX_POINT('',#1720);
#1720 = CARTESIAN_POINT('',(83.6,6.9,11.5));
#1721 = LINE('',#1722,#1723);
#1722 = CARTESIAN_POINT('',(87.,6.9,11.5));
#1723 = VECTOR('',#1724,1.);
#1724 = DIRECTION('',(-1.,-0.,-0.));
#1725 = ORIENTED_EDGE('',*,*,#1726,.T.);
#1726 = EDGE_CURVE('',#1719,#1035,#1727,.T.);
#1727 = LINE('',#1728,#1729);
#1728 = CARTESIAN_POINT('',(83.6,7.4,11.5));
#1729 = VECTOR('',#1730,1.);
#1730 = DIRECTION('',(0.,1.,0.));
#1731 = ORIENTED_EDGE('',*,*,#1732,.T.);
#1732 = EDGE_CURVE('',#1035,#1252,#1733,.T.);
#1733 = LINE('',#1734,#1735);
#1734 = CARTESIAN_POINT('',(83.6,7.4,11.5));
#1735 = VECTOR('',#1736,1.);
#1736 = DIRECTION('',(0.,1.,0.));
#1737 = ORIENTED_EDGE('',*,*,#1738,.T.);
#1738 = EDGE_CURVE('',#1252,#1710,#1739,.T.);
#1739 = LINE('',#1740,#1741);
#1740 = CARTESIAN_POINT('',(83.6,14.9,11.5));
#1741 = VECTOR('',#1742,1.);
#1742 = DIRECTION('',(0.,1.,0.));
#1743 = PLANE('',#1744);
#1744 = AXIS2_PLACEMENT_3D('',#1745,#1746,#1747);
#1745 = CARTESIAN_POINT('',(87.,6.9,11.5));
#1746 = DIRECTION('',(0.,0.,-1.));
#1747 = DIRECTION('',(0.,1.,0.));
#1748 = ADVANCED_FACE('',(#1749),#1767,.F.);
#1749 = FACE_BOUND('',#1750,.F.);
#1750 = EDGE_LOOP('',(#1751,#1759,#1760,#1761));
#1751 = ORIENTED_EDGE('',*,*,#1752,.F.);
#1752 = EDGE_CURVE('',#570,#1753,#1755,.T.);
#1753 = VERTEX_POINT('',#1754);
#1754 = CARTESIAN_POINT('',(83.6,26.9,13.5));
#1755 = LINE('',#1756,#1757);
#1756 = CARTESIAN_POINT('',(87.,26.9,13.5));
#1757 = VECTOR('',#1758,1.);
#1758 = DIRECTION('',(-1.,-0.,-0.));
#1759 = ORIENTED_EDGE('',*,*,#569,.T.);
#1760 = ORIENTED_EDGE('',*,*,#1709,.T.);
#1761 = ORIENTED_EDGE('',*,*,#1762,.T.);
#1762 = EDGE_CURVE('',#1710,#1753,#1763,.T.);
#1763 = LINE('',#1764,#1765);
#1764 = CARTESIAN_POINT('',(83.6,26.9,5.75));
#1765 = VECTOR('',#1766,1.);
#1766 = DIRECTION('',(0.,0.,1.));
#1767 = PLANE('',#1768);
#1768 = AXIS2_PLACEMENT_3D('',#1769,#1770,#1771);
#1769 = CARTESIAN_POINT('',(87.,26.9,11.5));
#1770 = DIRECTION('',(0.,1.,0.));
#1771 = DIRECTION('',(0.,0.,1.));
#1772 = ADVANCED_FACE('',(#1773),#1791,.F.);
#1773 = FACE_BOUND('',#1774,.F.);
#1774 = EDGE_LOOP('',(#1775,#1776,#1777,#1785));
#1775 = ORIENTED_EDGE('',*,*,#1718,.F.);
#1776 = ORIENTED_EDGE('',*,*,#585,.T.);
#1777 = ORIENTED_EDGE('',*,*,#1778,.T.);
#1778 = EDGE_CURVE('',#578,#1779,#1781,.T.);
#1779 = VERTEX_POINT('',#1780);
#1780 = CARTESIAN_POINT('',(83.6,6.9,13.5));
#1781 = LINE('',#1782,#1783);
#1782 = CARTESIAN_POINT('',(87.,6.9,13.5));
#1783 = VECTOR('',#1784,1.);
#1784 = DIRECTION('',(-1.,-0.,-0.));
#1785 = ORIENTED_EDGE('',*,*,#1786,.T.);
#1786 = EDGE_CURVE('',#1779,#1719,#1787,.T.);
#1787 = LINE('',#1788,#1789);
#1788 = CARTESIAN_POINT('',(83.6,6.9,6.75));
#1789 = VECTOR('',#1790,1.);
#1790 = DIRECTION('',(-0.,-0.,-1.));
#1791 = PLANE('',#1792);
#1792 = AXIS2_PLACEMENT_3D('',#1793,#1794,#1795);
#1793 = CARTESIAN_POINT('',(87.,6.9,13.5));
#1794 = DIRECTION('',(0.,-1.,0.));
#1795 = DIRECTION('',(0.,0.,-1.));
#1796 = ADVANCED_FACE('',(#1797),#1820,.F.);
#1797 = FACE_BOUND('',#1798,.F.);
#1798 = EDGE_LOOP('',(#1799,#1800,#1801,#1802,#1808,#1814));
#1799 = ORIENTED_EDGE('',*,*,#1778,.F.);
#1800 = ORIENTED_EDGE('',*,*,#577,.T.);
#1801 = ORIENTED_EDGE('',*,*,#1752,.T.);
#1802 = ORIENTED_EDGE('',*,*,#1803,.T.);
#1803 = EDGE_CURVE('',#1753,#1260,#1804,.T.);
#1804 = LINE('',#1805,#1806);
#1805 = CARTESIAN_POINT('',(83.6,17.4,13.5));
#1806 = VECTOR('',#1807,1.);
#1807 = DIRECTION('',(0.,-1.,0.));
#1808 = ORIENTED_EDGE('',*,*,#1809,.T.);
#1809 = EDGE_CURVE('',#1260,#1027,#1810,.T.);
#1810 = LINE('',#1811,#1812);
#1811 = CARTESIAN_POINT('',(83.6,17.4,13.5));
#1812 = VECTOR('',#1813,1.);
#1813 = DIRECTION('',(0.,-1.,0.));
#1814 = ORIENTED_EDGE('',*,*,#1815,.T.);
#1815 = EDGE_CURVE('',#1027,#1779,#1816,.T.);
#1816 = LINE('',#1817,#1818);
#1817 = CARTESIAN_POINT('',(83.6,15.35,13.5));
#1818 = VECTOR('',#1819,1.);
#1819 = DIRECTION('',(0.,-1.,0.));
#1820 = PLANE('',#1821);
#1821 = AXIS2_PLACEMENT_3D('',#1822,#1823,#1824);
#1822 = CARTESIAN_POINT('',(87.,26.9,13.5));
#1823 = DIRECTION('',(0.,0.,1.));
#1824 = DIRECTION('',(0.,-1.,0.));
#1825 = ADVANCED_FACE('',(#1826),#1863,.F.);
#1826 = FACE_BOUND('',#1827,.F.);
#1827 = EDGE_LOOP('',(#1828,#1836,#1837,#1845,#1851,#1857));
#1828 = ORIENTED_EDGE('',*,*,#1829,.F.);
#1829 = EDGE_CURVE('',#594,#1830,#1832,.T.);
#1830 = VERTEX_POINT('',#1831);
#1831 = CARTESIAN_POINT('',(83.6,26.9,7.5));
#1832 = LINE('',#1833,#1834);
#1833 = CARTESIAN_POINT('',(87.,26.9,7.5));
#1834 = VECTOR('',#1835,1.);
#1835 = DIRECTION('',(-1.,-0.,-0.));
#1836 = ORIENTED_EDGE('',*,*,#593,.T.);
#1837 = ORIENTED_EDGE('',*,*,#1838,.T.);
#1838 = EDGE_CURVE('',#596,#1839,#1841,.T.);
#1839 = VERTEX_POINT('',#1840);
#1840 = CARTESIAN_POINT('',(83.6,6.9,7.5));
#1841 = LINE('',#1842,#1843);
#1842 = CARTESIAN_POINT('',(87.,6.9,7.5));
#1843 = VECTOR('',#1844,1.);
#1844 = DIRECTION('',(-1.,-0.,-0.));
#1845 = ORIENTED_EDGE('',*,*,#1846,.T.);
#1846 = EDGE_CURVE('',#1839,#1051,#1847,.T.);
#1847 = LINE('',#1848,#1849);
#1848 = CARTESIAN_POINT('',(83.6,7.4,7.5));
#1849 = VECTOR('',#1850,1.);
#1850 = DIRECTION('',(0.,1.,0.));
#1851 = ORIENTED_EDGE('',*,*,#1852,.T.);
#1852 = EDGE_CURVE('',#1051,#1236,#1853,.T.);
#1853 = LINE('',#1854,#1855);
#1854 = CARTESIAN_POINT('',(83.6,7.4,7.5));
#1855 = VECTOR('',#1856,1.);
#1856 = DIRECTION('',(0.,1.,0.));
#1857 = ORIENTED_EDGE('',*,*,#1858,.T.);
#1858 = EDGE_CURVE('',#1236,#1830,#1859,.T.);
#1859 = LINE('',#1860,#1861);
#1860 = CARTESIAN_POINT('',(83.6,14.9,7.5));
#1861 = VECTOR('',#1862,1.);
#1862 = DIRECTION('',(0.,1.,0.));
#1863 = PLANE('',#1864);
#1864 = AXIS2_PLACEMENT_3D('',#1865,#1866,#1867);
#1865 = CARTESIAN_POINT('',(87.,6.9,7.5));
#1866 = DIRECTION('',(0.,0.,-1.));
#1867 = DIRECTION('',(0.,1.,0.));
#1868 = ADVANCED_FACE('',(#1869),#1887,.F.);
#1869 = FACE_BOUND('',#1870,.F.);
#1870 = EDGE_LOOP('',(#1871,#1879,#1880,#1881));
#1871 = ORIENTED_EDGE('',*,*,#1872,.F.);
#1872 = EDGE_CURVE('',#604,#1873,#1875,.T.);
#1873 = VERTEX_POINT('',#1874);
#1874 = CARTESIAN_POINT('',(83.6,26.9,9.5));
#1875 = LINE('',#1876,#1877);
#1876 = CARTESIAN_POINT('',(87.,26.9,9.5));
#1877 = VECTOR('',#1878,1.);
#1878 = DIRECTION('',(-1.,-0.,-0.));
#1879 = ORIENTED_EDGE('',*,*,#603,.T.);
#1880 = ORIENTED_EDGE('',*,*,#1829,.T.);
#1881 = ORIENTED_EDGE('',*,*,#1882,.T.);
#1882 = EDGE_CURVE('',#1830,#1873,#1883,.T.);
#1883 = LINE('',#1884,#1885);
#1884 = CARTESIAN_POINT('',(83.6,26.9,3.75));
#1885 = VECTOR('',#1886,1.);
#1886 = DIRECTION('',(0.,0.,1.));
#1887 = PLANE('',#1888);
#1888 = AXIS2_PLACEMENT_3D('',#1889,#1890,#1891);
#1889 = CARTESIAN_POINT('',(87.,26.9,7.5));
#1890 = DIRECTION('',(0.,1.,0.));
#1891 = DIRECTION('',(0.,0.,1.));
#1892 = ADVANCED_FACE('',(#1893),#1911,.F.);
#1893 = FACE_BOUND('',#1894,.F.);
#1894 = EDGE_LOOP('',(#1895,#1896,#1897,#1905));
#1895 = ORIENTED_EDGE('',*,*,#1838,.F.);
#1896 = ORIENTED_EDGE('',*,*,#619,.T.);
#1897 = ORIENTED_EDGE('',*,*,#1898,.T.);
#1898 = EDGE_CURVE('',#612,#1899,#1901,.T.);
#1899 = VERTEX_POINT('',#1900);
#1900 = CARTESIAN_POINT('',(83.6,6.9,9.5));
#1901 = LINE('',#1902,#1903);
#1902 = CARTESIAN_POINT('',(87.,6.9,9.5));
#1903 = VECTOR('',#1904,1.);
#1904 = DIRECTION('',(-1.,-0.,-0.));
#1905 = ORIENTED_EDGE('',*,*,#1906,.T.);
#1906 = EDGE_CURVE('',#1899,#1839,#1907,.T.);
#1907 = LINE('',#1908,#1909);
#1908 = CARTESIAN_POINT('',(83.6,6.9,4.75));
#1909 = VECTOR('',#1910,1.);
#1910 = DIRECTION('',(-0.,-0.,-1.));
#1911 = PLANE('',#1912);
#1912 = AXIS2_PLACEMENT_3D('',#1913,#1914,#1915);
#1913 = CARTESIAN_POINT('',(87.,6.9,9.5));
#1914 = DIRECTION('',(0.,-1.,0.));
#1915 = DIRECTION('',(0.,0.,-1.));
#1916 = ADVANCED_FACE('',(#1917),#1940,.F.);
#1917 = FACE_BOUND('',#1918,.F.);
#1918 = EDGE_LOOP('',(#1919,#1920,#1921,#1922,#1928,#1934));
#1919 = ORIENTED_EDGE('',*,*,#1898,.F.);
#1920 = ORIENTED_EDGE('',*,*,#611,.T.);
#1921 = ORIENTED_EDGE('',*,*,#1872,.T.);
#1922 = ORIENTED_EDGE('',*,*,#1923,.T.);
#1923 = EDGE_CURVE('',#1873,#1244,#1924,.T.);
#1924 = LINE('',#1925,#1926);
#1925 = CARTESIAN_POINT('',(83.6,17.4,9.5));
#1926 = VECTOR('',#1927,1.);
#1927 = DIRECTION('',(0.,-1.,0.));
#1928 = ORIENTED_EDGE('',*,*,#1929,.T.);
#1929 = EDGE_CURVE('',#1244,#1043,#1930,.T.);
#1930 = LINE('',#1931,#1932);
#1931 = CARTESIAN_POINT('',(83.6,17.4,9.5));
#1932 = VECTOR('',#1933,1.);
#1933 = DIRECTION('',(0.,-1.,0.));
#1934 = ORIENTED_EDGE('',*,*,#1935,.T.);
#1935 = EDGE_CURVE('',#1043,#1899,#1936,.T.);
#1936 = LINE('',#1937,#1938);
#1937 = CARTESIAN_POINT('',(83.6,15.35,9.5));
#1938 = VECTOR('',#1939,1.);
#1939 = DIRECTION('',(0.,-1.,0.));
#1940 = PLANE('',#1941);
#1941 = AXIS2_PLACEMENT_3D('',#1942,#1943,#1944);
#1942 = CARTESIAN_POINT('',(87.,26.9,9.5));
#1943 = DIRECTION('',(0.,0.,1.));
#1944 = DIRECTION('',(0.,-1.,0.));
#1945 = ADVANCED_FACE('',(#1946),#1983,.F.);
#1946 = FACE_BOUND('',#1947,.F.);
#1947 = EDGE_LOOP('',(#1948,#1956,#1957,#1965,#1971,#1977));
#1948 = ORIENTED_EDGE('',*,*,#1949,.F.);
#1949 = EDGE_CURVE('',#628,#1950,#1952,.T.);
#1950 = VERTEX_POINT('',#1951);
#1951 = CARTESIAN_POINT('',(83.6,26.9,3.5));
#1952 = LINE('',#1953,#1954);
#1953 = CARTESIAN_POINT('',(87.,26.9,3.5));
#1954 = VECTOR('',#1955,1.);
#1955 = DIRECTION('',(-1.,-0.,-0.));
#1956 = ORIENTED_EDGE('',*,*,#627,.T.);
#1957 = ORIENTED_EDGE('',*,*,#1958,.T.);
#1958 = EDGE_CURVE('',#630,#1959,#1961,.T.);
#1959 = VERTEX_POINT('',#1960);
#1960 = CARTESIAN_POINT('',(83.6,6.9,3.5));
#1961 = LINE('',#1962,#1963);
#1962 = CARTESIAN_POINT('',(87.,6.9,3.5));
#1963 = VECTOR('',#1964,1.);
#1964 = DIRECTION('',(-1.,-0.,-0.));
#1965 = ORIENTED_EDGE('',*,*,#1966,.T.);
#1966 = EDGE_CURVE('',#1959,#1067,#1967,.T.);
#1967 = LINE('',#1968,#1969);
#1968 = CARTESIAN_POINT('',(83.6,7.4,3.5));
#1969 = VECTOR('',#1970,1.);
#1970 = DIRECTION('',(0.,1.,0.));
#1971 = ORIENTED_EDGE('',*,*,#1972,.T.);
#1972 = EDGE_CURVE('',#1067,#1220,#1973,.T.);
#1973 = LINE('',#1974,#1975);
#1974 = CARTESIAN_POINT('',(83.6,7.4,3.5));
#1975 = VECTOR('',#1976,1.);
#1976 = DIRECTION('',(0.,1.,0.));
#1977 = ORIENTED_EDGE('',*,*,#1978,.T.);
#1978 = EDGE_CURVE('',#1220,#1950,#1979,.T.);
#1979 = LINE('',#1980,#1981);
#1980 = CARTESIAN_POINT('',(83.6,14.9,3.5));
#1981 = VECTOR('',#1982,1.);
#1982 = DIRECTION('',(0.,1.,0.));
#1983 = PLANE('',#1984);
#1984 = AXIS2_PLACEMENT_3D('',#1985,#1986,#1987);
#1985 = CARTESIAN_POINT('',(87.,6.9,3.5));
#1986 = DIRECTION('',(0.,0.,-1.));
#1987 = DIRECTION('',(0.,1.,0.));
#1988 = ADVANCED_FACE('',(#1989),#2007,.F.);
#1989 = FACE_BOUND('',#1990,.F.);
#1990 = EDGE_LOOP('',(#1991,#1999,#2000,#2001));
#1991 = ORIENTED_EDGE('',*,*,#1992,.F.);
#1992 = EDGE_CURVE('',#638,#1993,#1995,.T.);
#1993 = VERTEX_POINT('',#1994);
#1994 = CARTESIAN_POINT('',(83.6,26.9,5.5));
#1995 = LINE('',#1996,#1997);
#1996 = CARTESIAN_POINT('',(87.,26.9,5.5));
#1997 = VECTOR('',#1998,1.);
#1998 = DIRECTION('',(-1.,-0.,-0.));
#1999 = ORIENTED_EDGE('',*,*,#637,.T.);
#2000 = ORIENTED_EDGE('',*,*,#1949,.T.);
#2001 = ORIENTED_EDGE('',*,*,#2002,.T.);
#2002 = EDGE_CURVE('',#1950,#1993,#2003,.T.);
#2003 = LINE('',#2004,#2005);
#2004 = CARTESIAN_POINT('',(83.6,26.9,1.75));
#2005 = VECTOR('',#2006,1.);
#2006 = DIRECTION('',(0.,0.,1.));
#2007 = PLANE('',#2008);
#2008 = AXIS2_PLACEMENT_3D('',#2009,#2010,#2011);
#2009 = CARTESIAN_POINT('',(87.,26.9,3.5));
#2010 = DIRECTION('',(0.,1.,0.));
#2011 = DIRECTION('',(0.,0.,1.));
#2012 = ADVANCED_FACE('',(#2013),#2031,.F.);
#2013 = FACE_BOUND('',#2014,.F.);
#2014 = EDGE_LOOP('',(#2015,#2016,#2017,#2025));
#2015 = ORIENTED_EDGE('',*,*,#1958,.F.);
#2016 = ORIENTED_EDGE('',*,*,#653,.T.);
#2017 = ORIENTED_EDGE('',*,*,#2018,.T.);
#2018 = EDGE_CURVE('',#646,#2019,#2021,.T.);
#2019 = VERTEX_POINT('',#2020);
#2020 = CARTESIAN_POINT('',(83.6,6.9,5.5));
#2021 = LINE('',#2022,#2023);
#2022 = CARTESIAN_POINT('',(87.,6.9,5.5));
#2023 = VECTOR('',#2024,1.);
#2024 = DIRECTION('',(-1.,-0.,-0.));
#2025 = ORIENTED_EDGE('',*,*,#2026,.T.);
#2026 = EDGE_CURVE('',#2019,#1959,#2027,.T.);
#2027 = LINE('',#2028,#2029);
#2028 = CARTESIAN_POINT('',(83.6,6.9,2.75));
#2029 = VECTOR('',#2030,1.);
#2030 = DIRECTION('',(-0.,-0.,-1.));
#2031 = PLANE('',#2032);
#2032 = AXIS2_PLACEMENT_3D('',#2033,#2034,#2035);
#2033 = CARTESIAN_POINT('',(87.,6.9,5.5));
#2034 = DIRECTION('',(0.,-1.,0.));
#2035 = DIRECTION('',(0.,0.,-1.));
#2036 = ADVANCED_FACE('',(#2037),#2060,.F.);
#2037 = FACE_BOUND('',#2038,.F.);
#2038 = EDGE_LOOP('',(#2039,#2040,#2041,#2042,#2048,#2054));
#2039 = ORIENTED_EDGE('',*,*,#2018,.F.);
#2040 = ORIENTED_EDGE('',*,*,#645,.T.);
#2041 = ORIENTED_EDGE('',*,*,#1992,.T.);
#2042 = ORIENTED_EDGE('',*,*,#2043,.T.);
#2043 = EDGE_CURVE('',#1993,#1228,#2044,.T.);
#2044 = LINE('',#2045,#2046);
#2045 = CARTESIAN_POINT('',(83.6,17.4,5.5));
#2046 = VECTOR('',#2047,1.);
#2047 = DIRECTION('',(0.,-1.,0.));
#2048 = ORIENTED_EDGE('',*,*,#2049,.T.);
#2049 = EDGE_CURVE('',#1228,#1059,#2050,.T.);
#2050 = LINE('',#2051,#2052);
#2051 = CARTESIAN_POINT('',(83.6,17.4,5.5));
#2052 = VECTOR('',#2053,1.);
#2053 = DIRECTION('',(0.,-1.,0.));
#2054 = ORIENTED_EDGE('',*,*,#2055,.T.);
#2055 = EDGE_CURVE('',#1059,#2019,#2056,.T.);
#2056 = LINE('',#2057,#2058);
#2057 = CARTESIAN_POINT('',(83.6,15.35,5.5));
#2058 = VECTOR('',#2059,1.);
#2059 = DIRECTION('',(0.,-1.,0.));
#2060 = PLANE('',#2061);
#2061 = AXIS2_PLACEMENT_3D('',#2062,#2063,#2064);
#2062 = CARTESIAN_POINT('',(87.,26.9,5.5));
#2063 = DIRECTION('',(0.,0.,1.));
#2064 = DIRECTION('',(0.,-1.,0.));
#2065 = ADVANCED_FACE('',(#2066),#2082,.T.);
#2066 = FACE_BOUND('',#2067,.F.);
#2067 = EDGE_LOOP('',(#2068,#2074,#2075,#2081));
#2068 = ORIENTED_EDGE('',*,*,#2069,.T.);
#2069 = EDGE_CURVE('',#1387,#668,#2070,.T.);
#2070 = LINE('',#2071,#2072);
#2071 = CARTESIAN_POINT('',(2.,33.8,0.));
#2072 = VECTOR('',#2073,1.);
#2073 = DIRECTION('',(0.,0.,1.));
#2074 = ORIENTED_EDGE('',*,*,#667,.T.);
#2075 = ORIENTED_EDGE('',*,*,#2076,.F.);
#2076 = EDGE_CURVE('',#1379,#670,#2077,.T.);
#2077 = LINE('',#2078,#2079);
#2078 = CARTESIAN_POINT('',(0.,31.8,0.));
#2079 = VECTOR('',#2080,1.);
#2080 = DIRECTION('',(0.,0.,1.));
#2081 = ORIENTED_EDGE('',*,*,#1386,.F.);
#2082 = CYLINDRICAL_SURFACE('',#2083,2.);
#2083 = AXIS2_PLACEMENT_3D('',#2084,#2085,#2086);
#2084 = CARTESIAN_POINT('',(2.,31.8,0.));
#2085 = DIRECTION('',(-0.,-0.,-1.));
#2086 = DIRECTION('',(1.,0.,0.));
#2087 = ADVANCED_FACE('',(#2088,#2099,#2133,#2167,#2201),#2235,.F.);
#2088 = FACE_BOUND('',#2089,.F.);
#2089 = EDGE_LOOP('',(#2090,#2091,#2092,#2098));
#2090 = ORIENTED_EDGE('',*,*,#2076,.T.);
#2091 = ORIENTED_EDGE('',*,*,#678,.T.);
#2092 = ORIENTED_EDGE('',*,*,#2093,.F.);
#2093 = EDGE_CURVE('',#1368,#679,#2094,.T.);
#2094 = LINE('',#2095,#2096);
#2095 = CARTESIAN_POINT('',(0.,2.,0.));
#2096 = VECTOR('',#2097,1.);
#2097 = DIRECTION('',(0.,0.,1.));
#2098 = ORIENTED_EDGE('',*,*,#1378,.F.);
#2099 = FACE_BOUND('',#2100,.F.);
#2100 = EDGE_LOOP('',(#2101,#2111,#2119,#2127));
#2101 = ORIENTED_EDGE('',*,*,#2102,.T.);
#2102 = EDGE_CURVE('',#2103,#2105,#2107,.T.);
#2103 = VERTEX_POINT('',#2104);
#2104 = CARTESIAN_POINT('',(0.,26.49,34.2));
#2105 = VERTEX_POINT('',#2106);
#2106 = CARTESIAN_POINT('',(0.,26.49,15.15));
#2107 = LINE('',#2108,#2109);
#2108 = CARTESIAN_POINT('',(0.,26.49,7.575));
#2109 = VECTOR('',#2110,1.);
#2110 = DIRECTION('',(0.,0.,-1.));
#2111 = ORIENTED_EDGE('',*,*,#2112,.T.);
#2112 = EDGE_CURVE('',#2105,#2113,#2115,.T.);
#2113 = VERTEX_POINT('',#2114);
#2114 = CARTESIAN_POINT('',(0.,7.18,15.15));
#2115 = LINE('',#2116,#2117);
#2116 = CARTESIAN_POINT('',(0.,19.49,15.15));
#2117 = VECTOR('',#2118,1.);
#2118 = DIRECTION('',(0.,-1.,0.));
#2119 = ORIENTED_EDGE('',*,*,#2120,.T.);
#2120 = EDGE_CURVE('',#2113,#2121,#2123,.T.);
#2121 = VERTEX_POINT('',#2122);
#2122 = CARTESIAN_POINT('',(0.,7.18,34.2));
#2123 = LINE('',#2124,#2125);
#2124 = CARTESIAN_POINT('',(0.,7.18,17.1));
#2125 = VECTOR('',#2126,1.);
#2126 = DIRECTION('',(0.,0.,1.));
#2127 = ORIENTED_EDGE('',*,*,#2128,.T.);
#2128 = EDGE_CURVE('',#2121,#2103,#2129,.T.);
#2129 = LINE('',#2130,#2131);
#2130 = CARTESIAN_POINT('',(0.,29.145,34.2));
#2131 = VECTOR('',#2132,1.);
#2132 = DIRECTION('',(0.,1.,0.));
#2133 = FACE_BOUND('',#2134,.F.);
#2134 = EDGE_LOOP('',(#2135,#2145,#2153,#2161));
#2135 = ORIENTED_EDGE('',*,*,#2136,.T.);
#2136 = EDGE_CURVE('',#2137,#2139,#2141,.T.);
#2137 = VERTEX_POINT('',#2138);
#2138 = CARTESIAN_POINT('',(0.,26.9,13.5));
#2139 = VERTEX_POINT('',#2140);
#2140 = CARTESIAN_POINT('',(0.,26.9,11.5));
#2141 = LINE('',#2142,#2143);
#2142 = CARTESIAN_POINT('',(0.,26.9,5.75));
#2143 = VECTOR('',#2144,1.);
#2144 = DIRECTION('',(0.,0.,-1.));
#2145 = ORIENTED_EDGE('',*,*,#2146,.T.);
#2146 = EDGE_CURVE('',#2139,#2147,#2149,.T.);
#2147 = VERTEX_POINT('',#2148);
#2148 = CARTESIAN_POINT('',(0.,6.9,11.5));
#2149 = LINE('',#2150,#2151);
#2150 = CARTESIAN_POINT('',(0.,19.35,11.5));
#2151 = VECTOR('',#2152,1.);
#2152 = DIRECTION('',(0.,-1.,0.));
#2153 = ORIENTED_EDGE('',*,*,#2154,.T.);
#2154 = EDGE_CURVE('',#2147,#2155,#2157,.T.);
#2155 = VERTEX_POINT('',#2156);
#2156 = CARTESIAN_POINT('',(0.,6.9,13.5));
#2157 = LINE('',#2158,#2159);
#2158 = CARTESIAN_POINT('',(0.,6.9,6.75));
#2159 = VECTOR('',#2160,1.);
#2160 = DIRECTION('',(0.,0.,1.));
#2161 = ORIENTED_EDGE('',*,*,#2162,.T.);
#2162 = EDGE_CURVE('',#2155,#2137,#2163,.T.);
#2163 = LINE('',#2164,#2165);
#2164 = CARTESIAN_POINT('',(0.,29.35,13.5));
#2165 = VECTOR('',#2166,1.);
#2166 = DIRECTION('',(0.,1.,0.));
#2167 = FACE_BOUND('',#2168,.F.);
#2168 = EDGE_LOOP('',(#2169,#2179,#2187,#2195));
#2169 = ORIENTED_EDGE('',*,*,#2170,.T.);
#2170 = EDGE_CURVE('',#2171,#2173,#2175,.T.);
#2171 = VERTEX_POINT('',#2172);
#2172 = CARTESIAN_POINT('',(0.,26.9,9.5));
#2173 = VERTEX_POINT('',#2174);
#2174 = CARTESIAN_POINT('',(0.,26.9,7.5));
#2175 = LINE('',#2176,#2177);
#2176 = CARTESIAN_POINT('',(0.,26.9,3.75));
#2177 = VECTOR('',#2178,1.);
#2178 = DIRECTION('',(0.,0.,-1.));
#2179 = ORIENTED_EDGE('',*,*,#2180,.T.);
#2180 = EDGE_CURVE('',#2173,#2181,#2183,.T.);
#2181 = VERTEX_POINT('',#2182);
#2182 = CARTESIAN_POINT('',(0.,6.9,7.5));
#2183 = LINE('',#2184,#2185);
#2184 = CARTESIAN_POINT('',(0.,19.35,7.5));
#2185 = VECTOR('',#2186,1.);
#2186 = DIRECTION('',(0.,-1.,0.));
#2187 = ORIENTED_EDGE('',*,*,#2188,.T.);
#2188 = EDGE_CURVE('',#2181,#2189,#2191,.T.);
#2189 = VERTEX_POINT('',#2190);
#2190 = CARTESIAN_POINT('',(0.,6.9,9.5));
#2191 = LINE('',#2192,#2193);
#2192 = CARTESIAN_POINT('',(0.,6.9,4.75));
#2193 = VECTOR('',#2194,1.);
#2194 = DIRECTION('',(0.,0.,1.));
#2195 = ORIENTED_EDGE('',*,*,#2196,.T.);
#2196 = EDGE_CURVE('',#2189,#2171,#2197,.T.);
#2197 = LINE('',#2198,#2199);
#2198 = CARTESIAN_POINT('',(0.,29.35,9.5));
#2199 = VECTOR('',#2200,1.);
#2200 = DIRECTION('',(0.,1.,0.));
#2201 = FACE_BOUND('',#2202,.F.);
#2202 = EDGE_LOOP('',(#2203,#2213,#2221,#2229));
#2203 = ORIENTED_EDGE('',*,*,#2204,.T.);
#2204 = EDGE_CURVE('',#2205,#2207,#2209,.T.);
#2205 = VERTEX_POINT('',#2206);
#2206 = CARTESIAN_POINT('',(0.,26.9,5.5));
#2207 = VERTEX_POINT('',#2208);
#2208 = CARTESIAN_POINT('',(0.,26.9,3.5));
#2209 = LINE('',#2210,#2211);
#2210 = CARTESIAN_POINT('',(0.,26.9,1.75));
#2211 = VECTOR('',#2212,1.);
#2212 = DIRECTION('',(0.,0.,-1.));
#2213 = ORIENTED_EDGE('',*,*,#2214,.T.);
#2214 = EDGE_CURVE('',#2207,#2215,#2217,.T.);
#2215 = VERTEX_POINT('',#2216);
#2216 = CARTESIAN_POINT('',(0.,6.9,3.5));
#2217 = LINE('',#2218,#2219);
#2218 = CARTESIAN_POINT('',(0.,19.35,3.5));
#2219 = VECTOR('',#2220,1.);
#2220 = DIRECTION('',(0.,-1.,0.));
#2221 = ORIENTED_EDGE('',*,*,#2222,.T.);
#2222 = EDGE_CURVE('',#2215,#2223,#2225,.T.);
#2223 = VERTEX_POINT('',#2224);
#2224 = CARTESIAN_POINT('',(0.,6.9,5.5));
#2225 = LINE('',#2226,#2227);
#2226 = CARTESIAN_POINT('',(0.,6.9,2.75));
#2227 = VECTOR('',#2228,1.);
#2228 = DIRECTION('',(0.,0.,1.));
#2229 = ORIENTED_EDGE('',*,*,#2230,.T.);
#2230 = EDGE_CURVE('',#2223,#2205,#2231,.T.);
#2231 = LINE('',#2232,#2233);
#2232 = CARTESIAN_POINT('',(0.,29.35,5.5));
#2233 = VECTOR('',#2234,1.);
#2234 = DIRECTION('',(0.,1.,0.));
#2235 = PLANE('',#2236);
#2236 = AXIS2_PLACEMENT_3D('',#2237,#2238,#2239);
#2237 = CARTESIAN_POINT('',(0.,31.8,0.));
#2238 = DIRECTION('',(1.,0.,0.));
#2239 = DIRECTION('',(0.,-1.,0.));
#2240 = ADVANCED_FACE('',(#2241),#2252,.T.);
#2241 = FACE_BOUND('',#2242,.F.);
#2242 = EDGE_LOOP('',(#2243,#2244,#2245,#2251));
#2243 = ORIENTED_EDGE('',*,*,#2093,.T.);
#2244 = ORIENTED_EDGE('',*,*,#686,.T.);
#2245 = ORIENTED_EDGE('',*,*,#2246,.F.);
#2246 = EDGE_CURVE('',#1370,#687,#2247,.T.);
#2247 = LINE('',#2248,#2249);
#2248 = CARTESIAN_POINT('',(2.,0.,0.));
#2249 = VECTOR('',#2250,1.);
#2250 = DIRECTION('',(0.,0.,1.));
#2251 = ORIENTED_EDGE('',*,*,#1367,.F.);
#2252 = CYLINDRICAL_SURFACE('',#2253,2.);
#2253 = AXIS2_PLACEMENT_3D('',#2254,#2255,#2256);
#2254 = CARTESIAN_POINT('',(2.,2.,0.));
#2255 = DIRECTION('',(-0.,-0.,-1.));
#2256 = DIRECTION('',(1.,0.,0.));
#2257 = ADVANCED_FACE('',(#2258),#2264,.T.);
#2258 = FACE_BOUND('',#2259,.T.);
#2259 = EDGE_LOOP('',(#2260,#2261,#2262,#2263));
#2260 = ORIENTED_EDGE('',*,*,#1420,.T.);
#2261 = ORIENTED_EDGE('',*,*,#1675,.T.);
#2262 = ORIENTED_EDGE('',*,*,#695,.F.);
#2263 = ORIENTED_EDGE('',*,*,#2246,.F.);
#2264 = PLANE('',#2265);
#2265 = AXIS2_PLACEMENT_3D('',#2266,#2267,#2268);
#2266 = CARTESIAN_POINT('',(43.,0.,18.));
#2267 = DIRECTION('',(-0.,-1.,-0.));
#2268 = DIRECTION('',(0.,0.,-1.));
#2269 = ADVANCED_FACE('',(#2270),#2281,.F.);
#2270 = FACE_BOUND('',#2271,.F.);
#2271 = EDGE_LOOP('',(#2272,#2278,#2279,#2280));
#2272 = ORIENTED_EDGE('',*,*,#2273,.T.);
#2273 = EDGE_CURVE('',#723,#1138,#2274,.T.);
#2274 = LINE('',#2275,#2276);
#2275 = CARTESIAN_POINT('',(82.,6.,9.65));
#2276 = VECTOR('',#2277,1.);
#2277 = DIRECTION('',(-0.,-0.,-1.));
#2278 = ORIENTED_EDGE('',*,*,#1145,.F.);
#2279 = ORIENTED_EDGE('',*,*,#1170,.T.);
#2280 = ORIENTED_EDGE('',*,*,#722,.T.);
#2281 = PLANE('',#2282);
#2282 = AXIS2_PLACEMENT_3D('',#2283,#2284,#2285);
#2283 = CARTESIAN_POINT('',(83.6,6.,0.));
#2284 = DIRECTION('',(0.,-1.,0.));
#2285 = DIRECTION('',(-1.,0.,0.));
#2286 = ADVANCED_FACE('',(#2287),#2298,.F.);
#2287 = FACE_BOUND('',#2288,.F.);
#2288 = EDGE_LOOP('',(#2289,#2290,#2291,#2297));
#2289 = ORIENTED_EDGE('',*,*,#2273,.F.);
#2290 = ORIENTED_EDGE('',*,*,#730,.T.);
#2291 = ORIENTED_EDGE('',*,*,#2292,.F.);
#2292 = EDGE_CURVE('',#1130,#731,#2293,.T.);
#2293 = LINE('',#2294,#2295);
#2294 = CARTESIAN_POINT('',(82.,8.3,19.3));
#2295 = VECTOR('',#2296,1.);
#2296 = DIRECTION('',(0.,0.,1.));
#2297 = ORIENTED_EDGE('',*,*,#1137,.T.);
#2298 = PLANE('',#2299);
#2299 = AXIS2_PLACEMENT_3D('',#2300,#2301,#2302);
#2300 = CARTESIAN_POINT('',(82.,5.9,19.3));
#2301 = DIRECTION('',(-1.,0.,0.));
#2302 = DIRECTION('',(0.,1.,0.));
#2303 = ADVANCED_FACE('',(#2304),#2331,.F.);
#2304 = FACE_BOUND('',#2305,.F.);
#2305 = EDGE_LOOP('',(#2306,#2307,#2308,#2309,#2317,#2325));
#2306 = ORIENTED_EDGE('',*,*,#1129,.T.);
#2307 = ORIENTED_EDGE('',*,*,#2292,.T.);
#2308 = ORIENTED_EDGE('',*,*,#738,.T.);
#2309 = ORIENTED_EDGE('',*,*,#2310,.F.);
#2310 = EDGE_CURVE('',#2311,#739,#2313,.T.);
#2311 = VERTEX_POINT('',#2312);
#2312 = CARTESIAN_POINT('',(78.,8.3,19.3));
#2313 = LINE('',#2314,#2315);
#2314 = CARTESIAN_POINT('',(78.,8.3,19.3));
#2315 = VECTOR('',#2316,1.);
#2316 = DIRECTION('',(0.,0.,1.));
#2317 = ORIENTED_EDGE('',*,*,#2318,.F.);
#2318 = EDGE_CURVE('',#2319,#2311,#2321,.T.);
#2319 = VERTEX_POINT('',#2320);
#2320 = CARTESIAN_POINT('',(81.66,8.3,19.3));
#2321 = LINE('',#2322,#2323);
#2322 = CARTESIAN_POINT('',(82.,8.3,19.3));
#2323 = VECTOR('',#2324,1.);
#2324 = DIRECTION('',(-1.,0.,0.));
#2325 = ORIENTED_EDGE('',*,*,#2326,.F.);
#2326 = EDGE_CURVE('',#1122,#2319,#2327,.T.);
#2327 = LINE('',#2328,#2329);
#2328 = CARTESIAN_POINT('',(81.66,8.3,9.65));
#2329 = VECTOR('',#2330,1.);
#2330 = DIRECTION('',(0.,0.,-1.));
#2331 = PLANE('',#2332);
#2332 = AXIS2_PLACEMENT_3D('',#2333,#2334,#2335);
#2333 = CARTESIAN_POINT('',(82.,8.3,19.3));
#2334 = DIRECTION('',(0.,-1.,0.));
#2335 = DIRECTION('',(-1.,0.,0.));
#2336 = ADVANCED_FACE('',(#2337),#2355,.F.);
#2337 = FACE_BOUND('',#2338,.F.);
#2338 = EDGE_LOOP('',(#2339,#2347,#2348,#2349));
#2339 = ORIENTED_EDGE('',*,*,#2340,.F.);
#2340 = EDGE_CURVE('',#2311,#2341,#2343,.T.);
#2341 = VERTEX_POINT('',#2342);
#2342 = CARTESIAN_POINT('',(78.,6.,19.3));
#2343 = LINE('',#2344,#2345);
#2344 = CARTESIAN_POINT('',(78.,8.3,19.3));
#2345 = VECTOR('',#2346,1.);
#2346 = DIRECTION('',(0.,-1.,0.));
#2347 = ORIENTED_EDGE('',*,*,#2310,.T.);
#2348 = ORIENTED_EDGE('',*,*,#746,.T.);
#2349 = ORIENTED_EDGE('',*,*,#2350,.F.);
#2350 = EDGE_CURVE('',#2341,#747,#2351,.T.);
#2351 = LINE('',#2352,#2353);
#2352 = CARTESIAN_POINT('',(78.,6.,9.65));
#2353 = VECTOR('',#2354,1.);
#2354 = DIRECTION('',(0.,0.,1.));
#2355 = PLANE('',#2356);
#2356 = AXIS2_PLACEMENT_3D('',#2357,#2358,#2359);
#2357 = CARTESIAN_POINT('',(78.,8.3,19.3));
#2358 = DIRECTION('',(1.,0.,0.));
#2359 = DIRECTION('',(0.,-1.,0.));
#2360 = ADVANCED_FACE('',(#2361),#2386,.F.);
#2361 = FACE_BOUND('',#2362,.F.);
#2362 = EDGE_LOOP('',(#2363,#2364,#2372,#2378,#2379,#2380));
#2363 = ORIENTED_EDGE('',*,*,#1546,.F.);
#2364 = ORIENTED_EDGE('',*,*,#2365,.T.);
#2365 = EDGE_CURVE('',#1547,#2366,#2368,.T.);
#2366 = VERTEX_POINT('',#2367);
#2367 = CARTESIAN_POINT('',(81.66,6.,19.3));
#2368 = LINE('',#2369,#2370);
#2369 = CARTESIAN_POINT('',(81.66,6.,0.));
#2370 = VECTOR('',#2371,1.);
#2371 = DIRECTION('',(0.,0.,1.));
#2372 = ORIENTED_EDGE('',*,*,#2373,.T.);
#2373 = EDGE_CURVE('',#2366,#2341,#2374,.T.);
#2374 = LINE('',#2375,#2376);
#2375 = CARTESIAN_POINT('',(58.347795823666,6.,19.3));
#2376 = VECTOR('',#2377,1.);
#2377 = DIRECTION('',(-1.,0.,0.));
#2378 = ORIENTED_EDGE('',*,*,#2350,.T.);
#2379 = ORIENTED_EDGE('',*,*,#754,.T.);
#2380 = ORIENTED_EDGE('',*,*,#2381,.F.);
#2381 = EDGE_CURVE('',#1539,#755,#2382,.T.);
#2382 = LINE('',#2383,#2384);
#2383 = CARTESIAN_POINT('',(74.6,6.,0.));
#2384 = VECTOR('',#2385,1.);
#2385 = DIRECTION('',(0.,0.,1.));
#2386 = PLANE('',#2387);
#2387 = AXIS2_PLACEMENT_3D('',#2388,#2389,#2390);
#2388 = CARTESIAN_POINT('',(83.6,6.,0.));
#2389 = DIRECTION('',(0.,-1.,0.));
#2390 = DIRECTION('',(-1.,0.,0.));
#2391 = ADVANCED_FACE('',(#2392),#2435,.T.);
#2392 = FACE_BOUND('',#2393,.T.);
#2393 = EDGE_LOOP('',(#2394,#2395,#2396,#2404,#2412,#2420,#2428,#2434));
#2394 = ORIENTED_EDGE('',*,*,#2381,.F.);
#2395 = ORIENTED_EDGE('',*,*,#1538,.T.);
#2396 = ORIENTED_EDGE('',*,*,#2397,.T.);
#2397 = EDGE_CURVE('',#1531,#2398,#2400,.T.);
#2398 = VERTEX_POINT('',#2399);
#2399 = CARTESIAN_POINT('',(74.6,5.9,19.5));
#2400 = LINE('',#2401,#2402);
#2401 = CARTESIAN_POINT('',(74.6,5.9,18.));
#2402 = VECTOR('',#2403,1.);
#2403 = DIRECTION('',(0.,0.,1.));
#2404 = ORIENTED_EDGE('',*,*,#2405,.F.);
#2405 = EDGE_CURVE('',#2406,#2398,#2408,.T.);
#2406 = VERTEX_POINT('',#2407);
#2407 = CARTESIAN_POINT('',(74.6,2.9,19.5));
#2408 = LINE('',#2409,#2410);
#2409 = CARTESIAN_POINT('',(74.6,2.9,19.5));
#2410 = VECTOR('',#2411,1.);
#2411 = DIRECTION('',(0.,1.,-2.22044604925E-16));
#2412 = ORIENTED_EDGE('',*,*,#2413,.T.);
#2413 = EDGE_CURVE('',#2406,#2414,#2416,.T.);
#2414 = VERTEX_POINT('',#2415);
#2415 = CARTESIAN_POINT('',(74.6,2.9,30.));
#2416 = LINE('',#2417,#2418);
#2417 = CARTESIAN_POINT('',(74.6,2.9,19.5));
#2418 = VECTOR('',#2419,1.);
#2419 = DIRECTION('',(0.,2.22044604925E-16,1.));
#2420 = ORIENTED_EDGE('',*,*,#2421,.T.);
#2421 = EDGE_CURVE('',#2414,#2422,#2424,.T.);
#2422 = VERTEX_POINT('',#2423);
#2423 = CARTESIAN_POINT('',(74.6,5.9,30.));
#2424 = LINE('',#2425,#2426);
#2425 = CARTESIAN_POINT('',(74.6,2.9,30.));
#2426 = VECTOR('',#2427,1.);
#2427 = DIRECTION('',(0.,1.,-2.22044604925E-16));
#2428 = ORIENTED_EDGE('',*,*,#2429,.T.);
#2429 = EDGE_CURVE('',#2422,#763,#2430,.T.);
#2430 = LINE('',#2431,#2432);
#2431 = CARTESIAN_POINT('',(74.6,5.9,18.));
#2432 = VECTOR('',#2433,1.);
#2433 = DIRECTION('',(0.,0.,1.));
#2434 = ORIENTED_EDGE('',*,*,#762,.F.);
#2435 = PLANE('',#2436);
#2436 = AXIS2_PLACEMENT_3D('',#2437,#2438,#2439);
#2437 = CARTESIAN_POINT('',(74.6,5.428260869565,18.517902813299));
#2438 = DIRECTION('',(-1.,-0.,-0.));
#2439 = DIRECTION('',(0.,0.,-1.));
#2440 = ADVANCED_FACE('',(#2441),#2475,.F.);
#2441 = FACE_BOUND('',#2442,.F.);
#2442 = EDGE_LOOP('',(#2443,#2444,#2452,#2460,#2468,#2474));
#2443 = ORIENTED_EDGE('',*,*,#770,.F.);
#2444 = ORIENTED_EDGE('',*,*,#2445,.T.);
#2445 = EDGE_CURVE('',#771,#2446,#2448,.T.);
#2446 = VERTEX_POINT('',#2447);
#2447 = CARTESIAN_POINT('',(11.4,5.9,22.5));
#2448 = LINE('',#2449,#2450);
#2449 = CARTESIAN_POINT('',(11.4,5.9,18.));
#2450 = VECTOR('',#2451,1.);
#2451 = DIRECTION('',(-0.,-0.,-1.));
#2452 = ORIENTED_EDGE('',*,*,#2453,.F.);
#2453 = EDGE_CURVE('',#2454,#2446,#2456,.T.);
#2454 = VERTEX_POINT('',#2455);
#2455 = CARTESIAN_POINT('',(71.6,5.9,22.5));
#2456 = LINE('',#2457,#2458);
#2457 = CARTESIAN_POINT('',(74.6,5.9,22.5));
#2458 = VECTOR('',#2459,1.);
#2459 = DIRECTION('',(-1.,0.,0.));
#2460 = ORIENTED_EDGE('',*,*,#2461,.F.);
#2461 = EDGE_CURVE('',#2462,#2454,#2464,.T.);
#2462 = VERTEX_POINT('',#2463);
#2463 = CARTESIAN_POINT('',(71.6,5.9,30.));
#2464 = LINE('',#2465,#2466);
#2465 = CARTESIAN_POINT('',(71.6,5.9,30.));
#2466 = VECTOR('',#2467,1.);
#2467 = DIRECTION('',(0.,-2.22044604925E-16,-1.));
#2468 = ORIENTED_EDGE('',*,*,#2469,.F.);
#2469 = EDGE_CURVE('',#2422,#2462,#2470,.T.);
#2470 = LINE('',#2471,#2472);
#2471 = CARTESIAN_POINT('',(74.6,5.9,30.));
#2472 = VECTOR('',#2473,1.);
#2473 = DIRECTION('',(-1.,0.,0.));
#2474 = ORIENTED_EDGE('',*,*,#2429,.T.);
#2475 = PLANE('',#2476);
#2476 = AXIS2_PLACEMENT_3D('',#2477,#2478,#2479);
#2477 = CARTESIAN_POINT('',(4.4,5.9,36.));
#2478 = DIRECTION('',(0.,-1.,0.));
#2479 = DIRECTION('',(1.,0.,0.));
#2480 = ADVANCED_FACE('',(#2481),#2520,.F.);
#2481 = FACE_BOUND('',#2482,.F.);
#2482 = EDGE_LOOP('',(#2483,#2484,#2490,#2491,#2499,#2507,#2513,#2514));
#2483 = ORIENTED_EDGE('',*,*,#1514,.F.);
#2484 = ORIENTED_EDGE('',*,*,#2485,.T.);
#2485 = EDGE_CURVE('',#1515,#779,#2486,.T.);
#2486 = LINE('',#2487,#2488);
#2487 = CARTESIAN_POINT('',(11.4,6.,0.));
#2488 = VECTOR('',#2489,1.);
#2489 = DIRECTION('',(0.,0.,1.));
#2490 = ORIENTED_EDGE('',*,*,#786,.T.);
#2491 = ORIENTED_EDGE('',*,*,#2492,.T.);
#2492 = EDGE_CURVE('',#787,#2493,#2495,.T.);
#2493 = VERTEX_POINT('',#2494);
#2494 = CARTESIAN_POINT('',(10.8,6.,19.3));
#2495 = LINE('',#2496,#2497);
#2496 = CARTESIAN_POINT('',(10.8,6.,9.65));
#2497 = VECTOR('',#2498,1.);
#2498 = DIRECTION('',(-0.,-0.,-1.));
#2499 = ORIENTED_EDGE('',*,*,#2500,.T.);
#2500 = EDGE_CURVE('',#2493,#2501,#2503,.T.);
#2501 = VERTEX_POINT('',#2502);
#2502 = CARTESIAN_POINT('',(4.,6.,19.3));
#2503 = LINE('',#2504,#2505);
#2504 = CARTESIAN_POINT('',(22.247795823666,6.,19.3));
#2505 = VECTOR('',#2506,1.);
#2506 = DIRECTION('',(-1.,0.,0.));
#2507 = ORIENTED_EDGE('',*,*,#2508,.T.);
#2508 = EDGE_CURVE('',#2501,#811,#2509,.T.);
#2509 = LINE('',#2510,#2511);
#2510 = CARTESIAN_POINT('',(4.,6.,9.65));
#2511 = VECTOR('',#2512,1.);
#2512 = DIRECTION('',(0.,0.,1.));
#2513 = ORIENTED_EDGE('',*,*,#818,.T.);
#2514 = ORIENTED_EDGE('',*,*,#2515,.F.);
#2515 = EDGE_CURVE('',#1506,#819,#2516,.T.);
#2516 = LINE('',#2517,#2518);
#2517 = CARTESIAN_POINT('',(3.77550020016,6.,36.));
#2518 = VECTOR('',#2519,1.);
#2519 = DIRECTION('',(0.,0.,1.));
#2520 = PLANE('',#2521);
#2521 = AXIS2_PLACEMENT_3D('',#2522,#2523,#2524);
#2522 = CARTESIAN_POINT('',(11.4,6.,0.));
#2523 = DIRECTION('',(0.,-1.,0.));
#2524 = DIRECTION('',(-1.,0.,0.));
#2525 = ADVANCED_FACE('',(#2526),#2544,.F.);
#2526 = FACE_BOUND('',#2527,.F.);
#2527 = EDGE_LOOP('',(#2528,#2536,#2537,#2538));
#2528 = ORIENTED_EDGE('',*,*,#2529,.F.);
#2529 = EDGE_CURVE('',#2493,#2530,#2532,.T.);
#2530 = VERTEX_POINT('',#2531);
#2531 = CARTESIAN_POINT('',(10.8,7.4,19.3));
#2532 = LINE('',#2533,#2534);
#2533 = CARTESIAN_POINT('',(10.8,5.9,19.3));
#2534 = VECTOR('',#2535,1.);
#2535 = DIRECTION('',(0.,1.,0.));
#2536 = ORIENTED_EDGE('',*,*,#2492,.F.);
#2537 = ORIENTED_EDGE('',*,*,#794,.T.);
#2538 = ORIENTED_EDGE('',*,*,#2539,.F.);
#2539 = EDGE_CURVE('',#2530,#795,#2540,.T.);
#2540 = LINE('',#2541,#2542);
#2541 = CARTESIAN_POINT('',(10.8,7.4,19.3));
#2542 = VECTOR('',#2543,1.);
#2543 = DIRECTION('',(0.,0.,1.));
#2544 = PLANE('',#2545);
#2545 = AXIS2_PLACEMENT_3D('',#2546,#2547,#2548);
#2546 = CARTESIAN_POINT('',(10.8,5.9,19.3));
#2547 = DIRECTION('',(-1.,0.,0.));
#2548 = DIRECTION('',(0.,1.,0.));
#2549 = ADVANCED_FACE('',(#2550),#2568,.F.);
#2550 = FACE_BOUND('',#2551,.F.);
#2551 = EDGE_LOOP('',(#2552,#2553,#2554,#2562));
#2552 = ORIENTED_EDGE('',*,*,#2539,.T.);
#2553 = ORIENTED_EDGE('',*,*,#802,.T.);
#2554 = ORIENTED_EDGE('',*,*,#2555,.F.);
#2555 = EDGE_CURVE('',#2556,#803,#2558,.T.);
#2556 = VERTEX_POINT('',#2557);
#2557 = CARTESIAN_POINT('',(4.,7.4,19.3));
#2558 = LINE('',#2559,#2560);
#2559 = CARTESIAN_POINT('',(4.,7.4,19.3));
#2560 = VECTOR('',#2561,1.);
#2561 = DIRECTION('',(0.,0.,1.));
#2562 = ORIENTED_EDGE('',*,*,#2563,.F.);
#2563 = EDGE_CURVE('',#2530,#2556,#2564,.T.);
#2564 = LINE('',#2565,#2566);
#2565 = CARTESIAN_POINT('',(10.8,7.4,19.3));
#2566 = VECTOR('',#2567,1.);
#2567 = DIRECTION('',(-1.,0.,0.));
#2568 = PLANE('',#2569);
#2569 = AXIS2_PLACEMENT_3D('',#2570,#2571,#2572);
#2570 = CARTESIAN_POINT('',(10.8,7.4,19.3));
#2571 = DIRECTION('',(0.,-1.,0.));
#2572 = DIRECTION('',(-1.,0.,0.));
#2573 = ADVANCED_FACE('',(#2574),#2585,.F.);
#2574 = FACE_BOUND('',#2575,.F.);
#2575 = EDGE_LOOP('',(#2576,#2582,#2583,#2584));
#2576 = ORIENTED_EDGE('',*,*,#2577,.F.);
#2577 = EDGE_CURVE('',#2556,#2501,#2578,.T.);
#2578 = LINE('',#2579,#2580);
#2579 = CARTESIAN_POINT('',(4.,7.4,19.3));
#2580 = VECTOR('',#2581,1.);
#2581 = DIRECTION('',(0.,-1.,0.));
#2582 = ORIENTED_EDGE('',*,*,#2555,.T.);
#2583 = ORIENTED_EDGE('',*,*,#810,.T.);
#2584 = ORIENTED_EDGE('',*,*,#2508,.F.);
#2585 = PLANE('',#2586);
#2586 = AXIS2_PLACEMENT_3D('',#2587,#2588,#2589);
#2587 = CARTESIAN_POINT('',(4.,7.4,19.3));
#2588 = DIRECTION('',(1.,0.,0.));
#2589 = DIRECTION('',(0.,-1.,0.));
#2590 = ADVANCED_FACE('',(#2591),#2636,.F.);
#2591 = FACE_BOUND('',#2592,.F.);
#2592 = EDGE_LOOP('',(#2593,#2594,#2602,#2611,#2619,#2628,#2634,#2635));
#2593 = ORIENTED_EDGE('',*,*,#826,.F.);
#2594 = ORIENTED_EDGE('',*,*,#2595,.T.);
#2595 = EDGE_CURVE('',#827,#2596,#2598,.T.);
#2596 = VERTEX_POINT('',#2597);
#2597 = CARTESIAN_POINT('',(2.4,7.9,34.2));
#2598 = LINE('',#2599,#2600);
#2599 = CARTESIAN_POINT('',(2.4,7.9,36.));
#2600 = VECTOR('',#2601,1.);
#2601 = DIRECTION('',(-0.,-0.,-1.));
#2602 = ORIENTED_EDGE('',*,*,#2603,.T.);
#2603 = EDGE_CURVE('',#2596,#2604,#2606,.T.);
#2604 = VERTEX_POINT('',#2605);
#2605 = CARTESIAN_POINT('',(2.53409539365,7.18,34.2));
#2606 = CIRCLE('',#2607,2.);
#2607 = AXIS2_PLACEMENT_3D('',#2608,#2609,#2610);
#2608 = CARTESIAN_POINT('',(4.4,7.9,34.2));
#2609 = DIRECTION('',(0.,0.,1.));
#2610 = DIRECTION('',(1.,0.,0.));
#2611 = ORIENTED_EDGE('',*,*,#2612,.F.);
#2612 = EDGE_CURVE('',#2613,#2604,#2615,.T.);
#2613 = VERTEX_POINT('',#2614);
#2614 = CARTESIAN_POINT('',(2.53409539365,7.18,19.2));
#2615 = LINE('',#2616,#2617);
#2616 = CARTESIAN_POINT('',(2.53409539365,7.18,36.));
#2617 = VECTOR('',#2618,1.);
#2618 = DIRECTION('',(0.,0.,1.));
#2619 = ORIENTED_EDGE('',*,*,#2620,.T.);
#2620 = EDGE_CURVE('',#2613,#2621,#2623,.T.);
#2621 = VERTEX_POINT('',#2622);
#2622 = CARTESIAN_POINT('',(3.35,6.197795546945,19.2));
#2623 = CIRCLE('',#2624,2.);
#2624 = AXIS2_PLACEMENT_3D('',#2625,#2626,#2627);
#2625 = CARTESIAN_POINT('',(4.4,7.9,19.2));
#2626 = DIRECTION('',(0.,0.,1.));
#2627 = DIRECTION('',(1.,0.,0.));
#2628 = ORIENTED_EDGE('',*,*,#2629,.F.);
#2629 = EDGE_CURVE('',#1498,#2621,#2630,.T.);
#2630 = LINE('',#2631,#2632);
#2631 = CARTESIAN_POINT('',(3.35,6.197795546945,36.));
#2632 = VECTOR('',#2633,1.);
#2633 = DIRECTION('',(0.,0.,1.));
#2634 = ORIENTED_EDGE('',*,*,#1505,.T.);
#2635 = ORIENTED_EDGE('',*,*,#2515,.T.);
#2636 = CYLINDRICAL_SURFACE('',#2637,2.);
#2637 = AXIS2_PLACEMENT_3D('',#2638,#2639,#2640);
#2638 = CARTESIAN_POINT('',(4.4,7.9,36.));
#2639 = DIRECTION('',(0.,0.,1.));
#2640 = DIRECTION('',(1.,0.,0.));
#2641 = ADVANCED_FACE('',(#2642),#2660,.F.);
#2642 = FACE_BOUND('',#2643,.F.);
#2643 = EDGE_LOOP('',(#2644,#2645,#2653,#2659));
#2644 = ORIENTED_EDGE('',*,*,#835,.F.);
#2645 = ORIENTED_EDGE('',*,*,#2646,.T.);
#2646 = EDGE_CURVE('',#836,#2647,#2649,.T.);
#2647 = VERTEX_POINT('',#2648);
#2648 = CARTESIAN_POINT('',(2.4,25.9,34.2));
#2649 = LINE('',#2650,#2651);
#2650 = CARTESIAN_POINT('',(2.4,25.9,36.));
#2651 = VECTOR('',#2652,1.);
#2652 = DIRECTION('',(-0.,-0.,-1.));
#2653 = ORIENTED_EDGE('',*,*,#2654,.T.);
#2654 = EDGE_CURVE('',#2647,#2596,#2655,.T.);
#2655 = LINE('',#2656,#2657);
#2656 = CARTESIAN_POINT('',(2.4,26.195,34.2));
#2657 = VECTOR('',#2658,1.);
#2658 = DIRECTION('',(-0.,-1.,-0.));
#2659 = ORIENTED_EDGE('',*,*,#2595,.F.);
#2660 = PLANE('',#2661);
#2661 = AXIS2_PLACEMENT_3D('',#2662,#2663,#2664);
#2662 = CARTESIAN_POINT('',(2.4,25.9,36.));
#2663 = DIRECTION('',(-1.,0.,0.));
#2664 = DIRECTION('',(0.,-1.,0.));
#2665 = ADVANCED_FACE('',(#2666),#2743,.F.);
#2666 = FACE_BOUND('',#2667,.F.);
#2667 = EDGE_LOOP('',(#2668,#2669,#2675,#2676,#2684,#2693,#2701,#2710,
    #2718,#2727,#2735,#2742));
#2668 = ORIENTED_EDGE('',*,*,#843,.F.);
#2669 = ORIENTED_EDGE('',*,*,#2670,.F.);
#2670 = EDGE_CURVE('',#1429,#844,#2671,.T.);
#2671 = LINE('',#2672,#2673);
#2672 = CARTESIAN_POINT('',(3.77550020016,27.8,36.));
#2673 = VECTOR('',#2674,1.);
#2674 = DIRECTION('',(0.,0.,1.));
#2675 = ORIENTED_EDGE('',*,*,#1438,.T.);
#2676 = ORIENTED_EDGE('',*,*,#2677,.T.);
#2677 = EDGE_CURVE('',#1439,#2678,#2680,.T.);
#2678 = VERTEX_POINT('',#2679);
#2679 = CARTESIAN_POINT('',(3.35,27.602204453055,19.2));
#2680 = LINE('',#2681,#2682);
#2681 = CARTESIAN_POINT('',(3.35,27.602204453055,36.));
#2682 = VECTOR('',#2683,1.);
#2683 = DIRECTION('',(0.,0.,1.));
#2684 = ORIENTED_EDGE('',*,*,#2685,.T.);
#2685 = EDGE_CURVE('',#2678,#2686,#2688,.T.);
#2686 = VERTEX_POINT('',#2687);
#2687 = CARTESIAN_POINT('',(2.492121597166,26.5,19.2));
#2688 = CIRCLE('',#2689,2.);
#2689 = AXIS2_PLACEMENT_3D('',#2690,#2691,#2692);
#2690 = CARTESIAN_POINT('',(4.4,25.9,19.2));
#2691 = DIRECTION('',(0.,0.,1.));
#2692 = DIRECTION('',(1.,0.,0.));
#2693 = ORIENTED_EDGE('',*,*,#2694,.F.);
#2694 = EDGE_CURVE('',#2695,#2686,#2697,.T.);
#2695 = VERTEX_POINT('',#2696);
#2696 = CARTESIAN_POINT('',(2.492121597166,26.5,13.5));
#2697 = LINE('',#2698,#2699);
#2698 = CARTESIAN_POINT('',(2.492121597166,26.5,36.));
#2699 = VECTOR('',#2700,1.);
#2700 = DIRECTION('',(0.,0.,1.));
#2701 = ORIENTED_EDGE('',*,*,#2702,.T.);
#2702 = EDGE_CURVE('',#2695,#2703,#2705,.T.);
#2703 = VERTEX_POINT('',#2704);
#2704 = CARTESIAN_POINT('',(2.4,25.9,13.5));
#2705 = CIRCLE('',#2706,2.);
#2706 = AXIS2_PLACEMENT_3D('',#2707,#2708,#2709);
#2707 = CARTESIAN_POINT('',(4.4,25.9,13.5));
#2708 = DIRECTION('',(0.,0.,1.));
#2709 = DIRECTION('',(1.,0.,0.));
#2710 = ORIENTED_EDGE('',*,*,#2711,.F.);
#2711 = EDGE_CURVE('',#2712,#2703,#2714,.T.);
#2712 = VERTEX_POINT('',#2713);
#2713 = CARTESIAN_POINT('',(2.4,25.9,15.15));
#2714 = LINE('',#2715,#2716);
#2715 = CARTESIAN_POINT('',(2.4,25.9,36.));
#2716 = VECTOR('',#2717,1.);
#2717 = DIRECTION('',(-0.,-0.,-1.));
#2718 = ORIENTED_EDGE('',*,*,#2719,.F.);
#2719 = EDGE_CURVE('',#2720,#2712,#2722,.T.);
#2720 = VERTEX_POINT('',#2721);
#2721 = CARTESIAN_POINT('',(2.489005494513,26.49,15.15));
#2722 = CIRCLE('',#2723,2.);
#2723 = AXIS2_PLACEMENT_3D('',#2724,#2725,#2726);
#2724 = CARTESIAN_POINT('',(4.4,25.9,15.15));
#2725 = DIRECTION('',(0.,0.,1.));
#2726 = DIRECTION('',(1.,0.,0.));
#2727 = ORIENTED_EDGE('',*,*,#2728,.T.);
#2728 = EDGE_CURVE('',#2720,#2729,#2731,.T.);
#2729 = VERTEX_POINT('',#2730);
#2730 = CARTESIAN_POINT('',(2.489005494513,26.49,34.2));
#2731 = LINE('',#2732,#2733);
#2732 = CARTESIAN_POINT('',(2.489005494513,26.49,36.));
#2733 = VECTOR('',#2734,1.);
#2734 = DIRECTION('',(0.,0.,1.));
#2735 = ORIENTED_EDGE('',*,*,#2736,.T.);
#2736 = EDGE_CURVE('',#2729,#2647,#2737,.T.);
#2737 = CIRCLE('',#2738,2.);
#2738 = AXIS2_PLACEMENT_3D('',#2739,#2740,#2741);
#2739 = CARTESIAN_POINT('',(4.4,25.9,34.2));
#2740 = DIRECTION('',(0.,0.,1.));
#2741 = DIRECTION('',(1.,0.,0.));
#2742 = ORIENTED_EDGE('',*,*,#2646,.F.);
#2743 = CYLINDRICAL_SURFACE('',#2744,2.);
#2744 = AXIS2_PLACEMENT_3D('',#2745,#2746,#2747);
#2745 = CARTESIAN_POINT('',(4.4,25.9,36.));
#2746 = DIRECTION('',(0.,0.,1.));
#2747 = DIRECTION('',(1.,0.,0.));
#2748 = ADVANCED_FACE('',(#2749),#2776,.F.);
#2749 = FACE_BOUND('',#2750,.F.);
#2750 = EDGE_LOOP('',(#2751,#2752,#2753,#2754,#2762,#2770));
#2751 = ORIENTED_EDGE('',*,*,#1428,.F.);
#2752 = ORIENTED_EDGE('',*,*,#2670,.T.);
#2753 = ORIENTED_EDGE('',*,*,#852,.T.);
#2754 = ORIENTED_EDGE('',*,*,#2755,.T.);
#2755 = EDGE_CURVE('',#853,#2756,#2758,.T.);
#2756 = VERTEX_POINT('',#2757);
#2757 = CARTESIAN_POINT('',(4.,27.8,19.3));
#2758 = LINE('',#2759,#2760);
#2759 = CARTESIAN_POINT('',(4.,27.8,9.65));
#2760 = VECTOR('',#2761,1.);
#2761 = DIRECTION('',(0.,0.,-1.));
#2762 = ORIENTED_EDGE('',*,*,#2763,.T.);
#2763 = EDGE_CURVE('',#2756,#2764,#2766,.T.);
#2764 = VERTEX_POINT('',#2765);
#2765 = CARTESIAN_POINT('',(11.4,27.8,19.3));
#2766 = LINE('',#2767,#2768);
#2767 = CARTESIAN_POINT('',(17.747795823666,27.8,19.3));
#2768 = VECTOR('',#2769,1.);
#2769 = DIRECTION('',(1.,0.,0.));
#2770 = ORIENTED_EDGE('',*,*,#2771,.F.);
#2771 = EDGE_CURVE('',#1431,#2764,#2772,.T.);
#2772 = LINE('',#2773,#2774);
#2773 = CARTESIAN_POINT('',(11.4,27.8,0.));
#2774 = VECTOR('',#2775,1.);
#2775 = DIRECTION('',(0.,0.,1.));
#2776 = PLANE('',#2777);
#2777 = AXIS2_PLACEMENT_3D('',#2778,#2779,#2780);
#2778 = CARTESIAN_POINT('',(2.4,27.8,0.));
#2779 = DIRECTION('',(0.,1.,0.));
#2780 = DIRECTION('',(1.,0.,0.));
#2781 = ADVANCED_FACE('',(#2782),#2800,.F.);
#2782 = FACE_BOUND('',#2783,.F.);
#2783 = EDGE_LOOP('',(#2784,#2792,#2793,#2794));
#2784 = ORIENTED_EDGE('',*,*,#2785,.F.);
#2785 = EDGE_CURVE('',#2756,#2786,#2788,.T.);
#2786 = VERTEX_POINT('',#2787);
#2787 = CARTESIAN_POINT('',(4.,26.4,19.3));
#2788 = LINE('',#2789,#2790);
#2789 = CARTESIAN_POINT('',(4.,27.9,19.3));
#2790 = VECTOR('',#2791,1.);
#2791 = DIRECTION('',(0.,-1.,0.));
#2792 = ORIENTED_EDGE('',*,*,#2755,.F.);
#2793 = ORIENTED_EDGE('',*,*,#860,.T.);
#2794 = ORIENTED_EDGE('',*,*,#2795,.F.);
#2795 = EDGE_CURVE('',#2786,#861,#2796,.T.);
#2796 = LINE('',#2797,#2798);
#2797 = CARTESIAN_POINT('',(4.,26.4,19.3));
#2798 = VECTOR('',#2799,1.);
#2799 = DIRECTION('',(0.,0.,1.));
#2800 = PLANE('',#2801);
#2801 = AXIS2_PLACEMENT_3D('',#2802,#2803,#2804);
#2802 = CARTESIAN_POINT('',(4.,27.9,19.3));
#2803 = DIRECTION('',(1.,0.,0.));
#2804 = DIRECTION('',(0.,-1.,0.));
#2805 = ADVANCED_FACE('',(#2806),#2824,.F.);
#2806 = FACE_BOUND('',#2807,.F.);
#2807 = EDGE_LOOP('',(#2808,#2809,#2810,#2818));
#2808 = ORIENTED_EDGE('',*,*,#2795,.T.);
#2809 = ORIENTED_EDGE('',*,*,#868,.T.);
#2810 = ORIENTED_EDGE('',*,*,#2811,.F.);
#2811 = EDGE_CURVE('',#2812,#869,#2814,.T.);
#2812 = VERTEX_POINT('',#2813);
#2813 = CARTESIAN_POINT('',(24.,26.4,19.3));
#2814 = LINE('',#2815,#2816);
#2815 = CARTESIAN_POINT('',(24.,26.4,19.3));
#2816 = VECTOR('',#2817,1.);
#2817 = DIRECTION('',(0.,0.,1.));
#2818 = ORIENTED_EDGE('',*,*,#2819,.F.);
#2819 = EDGE_CURVE('',#2786,#2812,#2820,.T.);
#2820 = LINE('',#2821,#2822);
#2821 = CARTESIAN_POINT('',(4.,26.4,19.3));
#2822 = VECTOR('',#2823,1.);
#2823 = DIRECTION('',(1.,0.,0.));
#2824 = PLANE('',#2825);
#2825 = AXIS2_PLACEMENT_3D('',#2826,#2827,#2828);
#2826 = CARTESIAN_POINT('',(4.,26.4,19.3));
#2827 = DIRECTION('',(0.,1.,0.));
#2828 = DIRECTION('',(1.,0.,0.));
#2829 = ADVANCED_FACE('',(#2830),#2848,.F.);
#2830 = FACE_BOUND('',#2831,.F.);
#2831 = EDGE_LOOP('',(#2832,#2833,#2834,#2842));
#2832 = ORIENTED_EDGE('',*,*,#2811,.T.);
#2833 = ORIENTED_EDGE('',*,*,#876,.T.);
#2834 = ORIENTED_EDGE('',*,*,#2835,.F.);
#2835 = EDGE_CURVE('',#2836,#877,#2838,.T.);
#2836 = VERTEX_POINT('',#2837);
#2837 = CARTESIAN_POINT('',(24.,27.9,19.3));
#2838 = LINE('',#2839,#2840);
#2839 = CARTESIAN_POINT('',(24.,27.9,19.3));
#2840 = VECTOR('',#2841,1.);
#2841 = DIRECTION('',(0.,0.,1.));
#2842 = ORIENTED_EDGE('',*,*,#2843,.F.);
#2843 = EDGE_CURVE('',#2812,#2836,#2844,.T.);
#2844 = LINE('',#2845,#2846);
#2845 = CARTESIAN_POINT('',(24.,26.4,19.3));
#2846 = VECTOR('',#2847,1.);
#2847 = DIRECTION('',(0.,1.,0.));
#2848 = PLANE('',#2849);
#2849 = AXIS2_PLACEMENT_3D('',#2850,#2851,#2852);
#2850 = CARTESIAN_POINT('',(24.,26.4,19.3));
#2851 = DIRECTION('',(-1.,0.,0.));
#2852 = DIRECTION('',(0.,1.,0.));
#2853 = ADVANCED_FACE('',(#2854),#2879,.F.);
#2854 = FACE_BOUND('',#2855,.F.);
#2855 = EDGE_LOOP('',(#2856,#2857,#2863,#2864,#2872,#2878));
#2856 = ORIENTED_EDGE('',*,*,#884,.F.);
#2857 = ORIENTED_EDGE('',*,*,#2858,.T.);
#2858 = EDGE_CURVE('',#885,#1585,#2859,.T.);
#2859 = LINE('',#2860,#2861);
#2860 = CARTESIAN_POINT('',(74.6,27.9,18.));
#2861 = VECTOR('',#2862,1.);
#2862 = DIRECTION('',(0.,0.,-1.));
#2863 = ORIENTED_EDGE('',*,*,#1592,.T.);
#2864 = ORIENTED_EDGE('',*,*,#2865,.T.);
#2865 = EDGE_CURVE('',#1593,#2866,#2868,.T.);
#2866 = VERTEX_POINT('',#2867);
#2867 = CARTESIAN_POINT('',(11.4,27.9,19.3));
#2868 = LINE('',#2869,#2870);
#2869 = CARTESIAN_POINT('',(11.4,27.9,18.));
#2870 = VECTOR('',#2871,1.);
#2871 = DIRECTION('',(0.,0.,1.));
#2872 = ORIENTED_EDGE('',*,*,#2873,.F.);
#2873 = EDGE_CURVE('',#2836,#2866,#2874,.T.);
#2874 = LINE('',#2875,#2876);
#2875 = CARTESIAN_POINT('',(24.,27.9,19.3));
#2876 = VECTOR('',#2877,1.);
#2877 = DIRECTION('',(-1.,0.,0.));
#2878 = ORIENTED_EDGE('',*,*,#2835,.T.);
#2879 = PLANE('',#2880);
#2880 = AXIS2_PLACEMENT_3D('',#2881,#2882,#2883);
#2881 = CARTESIAN_POINT('',(81.6,27.9,36.));
#2882 = DIRECTION('',(0.,1.,0.));
#2883 = DIRECTION('',(-1.,0.,0.));
#2884 = ADVANCED_FACE('',(#2885),#2896,.F.);
#2885 = FACE_BOUND('',#2886,.F.);
#2886 = EDGE_LOOP('',(#2887,#2888,#2889,#2890));
#2887 = ORIENTED_EDGE('',*,*,#1584,.F.);
#2888 = ORIENTED_EDGE('',*,*,#2858,.F.);
#2889 = ORIENTED_EDGE('',*,*,#892,.T.);
#2890 = ORIENTED_EDGE('',*,*,#2891,.F.);
#2891 = EDGE_CURVE('',#1577,#893,#2892,.T.);
#2892 = LINE('',#2893,#2894);
#2893 = CARTESIAN_POINT('',(74.6,27.8,0.));
#2894 = VECTOR('',#2895,1.);
#2895 = DIRECTION('',(0.,0.,1.));
#2896 = PLANE('',#2897);
#2897 = AXIS2_PLACEMENT_3D('',#2898,#2899,#2900);
#2898 = CARTESIAN_POINT('',(74.6,33.8,0.));
#2899 = DIRECTION('',(1.,0.,0.));
#2900 = DIRECTION('',(0.,-1.,0.));
#2901 = ADVANCED_FACE('',(#2902),#2929,.F.);
#2902 = FACE_BOUND('',#2903,.F.);
#2903 = EDGE_LOOP('',(#2904,#2905,#2906,#2907,#2915,#2923));
#2904 = ORIENTED_EDGE('',*,*,#1576,.F.);
#2905 = ORIENTED_EDGE('',*,*,#2891,.T.);
#2906 = ORIENTED_EDGE('',*,*,#900,.T.);
#2907 = ORIENTED_EDGE('',*,*,#2908,.T.);
#2908 = EDGE_CURVE('',#901,#2909,#2911,.T.);
#2909 = VERTEX_POINT('',#2910);
#2910 = CARTESIAN_POINT('',(78.,27.8,19.3));
#2911 = LINE('',#2912,#2913);
#2912 = CARTESIAN_POINT('',(78.,27.8,9.65));
#2913 = VECTOR('',#2914,1.);
#2914 = DIRECTION('',(0.,0.,-1.));
#2915 = ORIENTED_EDGE('',*,*,#2916,.T.);
#2916 = EDGE_CURVE('',#2909,#2917,#2919,.T.);
#2917 = VERTEX_POINT('',#2918);
#2918 = CARTESIAN_POINT('',(81.66,27.8,19.3));
#2919 = LINE('',#2920,#2921);
#2920 = CARTESIAN_POINT('',(53.847795823666,27.8,19.3));
#2921 = VECTOR('',#2922,1.);
#2922 = DIRECTION('',(1.,0.,0.));
#2923 = ORIENTED_EDGE('',*,*,#2924,.T.);
#2924 = EDGE_CURVE('',#2917,#1569,#2925,.T.);
#2925 = LINE('',#2926,#2927);
#2926 = CARTESIAN_POINT('',(81.66,27.8,0.));
#2927 = VECTOR('',#2928,1.);
#2928 = DIRECTION('',(0.,0.,-1.));
#2929 = PLANE('',#2930);
#2930 = AXIS2_PLACEMENT_3D('',#2931,#2932,#2933);
#2931 = CARTESIAN_POINT('',(74.6,27.8,0.));
#2932 = DIRECTION('',(0.,1.,0.));
#2933 = DIRECTION('',(1.,0.,0.));
#2934 = ADVANCED_FACE('',(#2935),#2953,.F.);
#2935 = FACE_BOUND('',#2936,.F.);
#2936 = EDGE_LOOP('',(#2937,#2945,#2946,#2947));
#2937 = ORIENTED_EDGE('',*,*,#2938,.F.);
#2938 = EDGE_CURVE('',#2909,#2939,#2941,.T.);
#2939 = VERTEX_POINT('',#2940);
#2940 = CARTESIAN_POINT('',(78.,25.,19.3));
#2941 = LINE('',#2942,#2943);
#2942 = CARTESIAN_POINT('',(78.,27.9,19.3));
#2943 = VECTOR('',#2944,1.);
#2944 = DIRECTION('',(0.,-1.,0.));
#2945 = ORIENTED_EDGE('',*,*,#2908,.F.);
#2946 = ORIENTED_EDGE('',*,*,#908,.T.);
#2947 = ORIENTED_EDGE('',*,*,#2948,.F.);
#2948 = EDGE_CURVE('',#2939,#909,#2949,.T.);
#2949 = LINE('',#2950,#2951);
#2950 = CARTESIAN_POINT('',(78.,25.,19.3));
#2951 = VECTOR('',#2952,1.);
#2952 = DIRECTION('',(0.,0.,1.));
#2953 = PLANE('',#2954);
#2954 = AXIS2_PLACEMENT_3D('',#2955,#2956,#2957);
#2955 = CARTESIAN_POINT('',(78.,27.9,19.3));
#2956 = DIRECTION('',(1.,0.,0.));
#2957 = DIRECTION('',(0.,-1.,0.));
#2958 = ADVANCED_FACE('',(#2959),#2984,.F.);
#2959 = FACE_BOUND('',#2960,.F.);
#2960 = EDGE_LOOP('',(#2961,#2969,#2970,#2971,#2977,#2978));
#2961 = ORIENTED_EDGE('',*,*,#2962,.F.);
#2962 = EDGE_CURVE('',#2939,#2963,#2965,.T.);
#2963 = VERTEX_POINT('',#2964);
#2964 = CARTESIAN_POINT('',(81.66,25.,19.3));
#2965 = LINE('',#2966,#2967);
#2966 = CARTESIAN_POINT('',(78.,25.,19.3));
#2967 = VECTOR('',#2968,1.);
#2968 = DIRECTION('',(1.,0.,0.));
#2969 = ORIENTED_EDGE('',*,*,#2948,.T.);
#2970 = ORIENTED_EDGE('',*,*,#916,.T.);
#2971 = ORIENTED_EDGE('',*,*,#2972,.F.);
#2972 = EDGE_CURVE('',#1327,#917,#2973,.T.);
#2973 = LINE('',#2974,#2975);
#2974 = CARTESIAN_POINT('',(82.,25.,19.3));
#2975 = VECTOR('',#2976,1.);
#2976 = DIRECTION('',(0.,0.,1.));
#2977 = ORIENTED_EDGE('',*,*,#1326,.T.);
#2978 = ORIENTED_EDGE('',*,*,#2979,.F.);
#2979 = EDGE_CURVE('',#2963,#1329,#2980,.T.);
#2980 = LINE('',#2981,#2982);
#2981 = CARTESIAN_POINT('',(81.66,25.,9.65));
#2982 = VECTOR('',#2983,1.);
#2983 = DIRECTION('',(0.,0.,1.));
#2984 = PLANE('',#2985);
#2985 = AXIS2_PLACEMENT_3D('',#2986,#2987,#2988);
#2986 = CARTESIAN_POINT('',(78.,25.,19.3));
#2987 = DIRECTION('',(0.,1.,0.));
#2988 = DIRECTION('',(1.,0.,0.));
#2989 = ADVANCED_FACE('',(#2990),#3001,.F.);
#2990 = FACE_BOUND('',#2991,.F.);
#2991 = EDGE_LOOP('',(#2992,#2993,#2994,#2995));
#2992 = ORIENTED_EDGE('',*,*,#1353,.T.);
#2993 = ORIENTED_EDGE('',*,*,#2972,.T.);
#2994 = ORIENTED_EDGE('',*,*,#924,.T.);
#2995 = ORIENTED_EDGE('',*,*,#2996,.F.);
#2996 = EDGE_CURVE('',#1346,#925,#2997,.T.);
#2997 = LINE('',#2998,#2999);
#2998 = CARTESIAN_POINT('',(82.,27.8,9.65));
#2999 = VECTOR('',#3000,1.);
#3000 = DIRECTION('',(0.,0.,1.));
#3001 = PLANE('',#3002);
#3002 = AXIS2_PLACEMENT_3D('',#3003,#3004,#3005);
#3003 = CARTESIAN_POINT('',(82.,25.,19.3));
#3004 = DIRECTION('',(-1.,0.,0.));
#3005 = DIRECTION('',(0.,1.,0.));
#3006 = ADVANCED_FACE('',(#3007),#3013,.F.);
#3007 = FACE_BOUND('',#3008,.F.);
#3008 = EDGE_LOOP('',(#3009,#3010,#3011,#3012));
#3009 = ORIENTED_EDGE('',*,*,#2996,.T.);
#3010 = ORIENTED_EDGE('',*,*,#932,.T.);
#3011 = ORIENTED_EDGE('',*,*,#1312,.F.);
#3012 = ORIENTED_EDGE('',*,*,#1345,.F.);
#3013 = PLANE('',#3014);
#3014 = AXIS2_PLACEMENT_3D('',#3015,#3016,#3017);
#3015 = CARTESIAN_POINT('',(74.6,27.8,0.));
#3016 = DIRECTION('',(0.,1.,0.));
#3017 = DIRECTION('',(1.,0.,0.));
#3018 = ADVANCED_FACE('',(#3019),#3025,.T.);
#3019 = FACE_BOUND('',#3020,.T.);
#3020 = EDGE_LOOP('',(#3021,#3022,#3023,#3024));
#3021 = ORIENTED_EDGE('',*,*,#1395,.T.);
#3022 = ORIENTED_EDGE('',*,*,#2069,.T.);
#3023 = ORIENTED_EDGE('',*,*,#959,.F.);
#3024 = ORIENTED_EDGE('',*,*,#1660,.F.);
#3025 = PLANE('',#3026);
#3026 = AXIS2_PLACEMENT_3D('',#3027,#3028,#3029);
#3027 = CARTESIAN_POINT('',(43.,33.8,18.));
#3028 = DIRECTION('',(0.,1.,0.));
#3029 = DIRECTION('',(0.,0.,1.));
#3030 = ADVANCED_FACE('',(#3031),#3050,.F.);
#3031 = FACE_BOUND('',#3032,.F.);
#3032 = EDGE_LOOP('',(#3033,#3041,#3048,#3049));
#3033 = ORIENTED_EDGE('',*,*,#3034,.T.);
#3034 = EDGE_CURVE('',#968,#3035,#3037,.T.);
#3035 = VERTEX_POINT('',#3036);
#3036 = CARTESIAN_POINT('',(8.4,3.,32.4));
#3037 = LINE('',#3038,#3039);
#3038 = CARTESIAN_POINT('',(8.4,3.,36.));
#3039 = VECTOR('',#3040,1.);
#3040 = DIRECTION('',(-0.,-0.,-1.));
#3041 = ORIENTED_EDGE('',*,*,#3042,.T.);
#3042 = EDGE_CURVE('',#3035,#3035,#3043,.T.);
#3043 = CIRCLE('',#3044,1.5);
#3044 = AXIS2_PLACEMENT_3D('',#3045,#3046,#3047);
#3045 = CARTESIAN_POINT('',(6.9,3.,32.4));
#3046 = DIRECTION('',(0.,0.,1.));
#3047 = DIRECTION('',(1.,0.,0.));
#3048 = ORIENTED_EDGE('',*,*,#3034,.F.);
#3049 = ORIENTED_EDGE('',*,*,#967,.F.);
#3050 = CYLINDRICAL_SURFACE('',#3051,1.5);
#3051 = AXIS2_PLACEMENT_3D('',#3052,#3053,#3054);
#3052 = CARTESIAN_POINT('',(6.9,3.,36.));
#3053 = DIRECTION('',(0.,0.,1.));
#3054 = DIRECTION('',(1.,0.,0.));
#3055 = ADVANCED_FACE('',(#3056),#3075,.F.);
#3056 = FACE_BOUND('',#3057,.F.);
#3057 = EDGE_LOOP('',(#3058,#3066,#3073,#3074));
#3058 = ORIENTED_EDGE('',*,*,#3059,.T.);
#3059 = EDGE_CURVE('',#979,#3060,#3062,.T.);
#3060 = VERTEX_POINT('',#3061);
#3061 = CARTESIAN_POINT('',(8.4,30.8,32.4));
#3062 = LINE('',#3063,#3064);
#3063 = CARTESIAN_POINT('',(8.4,30.8,36.));
#3064 = VECTOR('',#3065,1.);
#3065 = DIRECTION('',(-0.,-0.,-1.));
#3066 = ORIENTED_EDGE('',*,*,#3067,.T.);
#3067 = EDGE_CURVE('',#3060,#3060,#3068,.T.);
#3068 = CIRCLE('',#3069,1.5);
#3069 = AXIS2_PLACEMENT_3D('',#3070,#3071,#3072);
#3070 = CARTESIAN_POINT('',(6.9,30.8,32.4));
#3071 = DIRECTION('',(0.,0.,1.));
#3072 = DIRECTION('',(1.,0.,0.));
#3073 = ORIENTED_EDGE('',*,*,#3059,.F.);
#3074 = ORIENTED_EDGE('',*,*,#978,.F.);
#3075 = CYLINDRICAL_SURFACE('',#3076,1.5);
#3076 = AXIS2_PLACEMENT_3D('',#3077,#3078,#3079);
#3077 = CARTESIAN_POINT('',(6.9,30.8,36.));
#3078 = DIRECTION('',(0.,0.,1.));
#3079 = DIRECTION('',(1.,0.,0.));
#3080 = ADVANCED_FACE('',(#3081),#3100,.F.);
#3081 = FACE_BOUND('',#3082,.F.);
#3082 = EDGE_LOOP('',(#3083,#3091,#3098,#3099));
#3083 = ORIENTED_EDGE('',*,*,#3084,.T.);
#3084 = EDGE_CURVE('',#990,#3085,#3087,.T.);
#3085 = VERTEX_POINT('',#3086);
#3086 = CARTESIAN_POINT('',(80.6,3.,32.4));
#3087 = LINE('',#3088,#3089);
#3088 = CARTESIAN_POINT('',(80.6,3.,36.));
#3089 = VECTOR('',#3090,1.);
#3090 = DIRECTION('',(-0.,-0.,-1.));
#3091 = ORIENTED_EDGE('',*,*,#3092,.T.);
#3092 = EDGE_CURVE('',#3085,#3085,#3093,.T.);
#3093 = CIRCLE('',#3094,1.5);
#3094 = AXIS2_PLACEMENT_3D('',#3095,#3096,#3097);
#3095 = CARTESIAN_POINT('',(79.1,3.,32.4));
#3096 = DIRECTION('',(0.,0.,1.));
#3097 = DIRECTION('',(1.,0.,0.));
#3098 = ORIENTED_EDGE('',*,*,#3084,.F.);
#3099 = ORIENTED_EDGE('',*,*,#989,.F.);
#3100 = CYLINDRICAL_SURFACE('',#3101,1.5);
#3101 = AXIS2_PLACEMENT_3D('',#3102,#3103,#3104);
#3102 = CARTESIAN_POINT('',(79.1,3.,36.));
#3103 = DIRECTION('',(0.,0.,1.));
#3104 = DIRECTION('',(1.,0.,0.));
#3105 = ADVANCED_FACE('',(#3106),#3125,.F.);
#3106 = FACE_BOUND('',#3107,.F.);
#3107 = EDGE_LOOP('',(#3108,#3116,#3123,#3124));
#3108 = ORIENTED_EDGE('',*,*,#3109,.T.);
#3109 = EDGE_CURVE('',#1001,#3110,#3112,.T.);
#3110 = VERTEX_POINT('',#3111);
#3111 = CARTESIAN_POINT('',(80.6,30.8,32.4));
#3112 = LINE('',#3113,#3114);
#3113 = CARTESIAN_POINT('',(80.6,30.8,36.));
#3114 = VECTOR('',#3115,1.);
#3115 = DIRECTION('',(-0.,-0.,-1.));
#3116 = ORIENTED_EDGE('',*,*,#3117,.T.);
#3117 = EDGE_CURVE('',#3110,#3110,#3118,.T.);
#3118 = CIRCLE('',#3119,1.5);
#3119 = AXIS2_PLACEMENT_3D('',#3120,#3121,#3122);
#3120 = CARTESIAN_POINT('',(79.1,30.8,32.4));
#3121 = DIRECTION('',(0.,0.,1.));
#3122 = DIRECTION('',(1.,0.,0.));
#3123 = ORIENTED_EDGE('',*,*,#3109,.F.);
#3124 = ORIENTED_EDGE('',*,*,#1000,.F.);
#3125 = CYLINDRICAL_SURFACE('',#3126,1.5);
#3126 = AXIS2_PLACEMENT_3D('',#3127,#3128,#3129);
#3127 = CARTESIAN_POINT('',(79.1,30.8,36.));
#3128 = DIRECTION('',(0.,0.,1.));
#3129 = DIRECTION('',(1.,0.,0.));
#3130 = ADVANCED_FACE('',(#3131),#3137,.F.);
#3131 = FACE_BOUND('',#3132,.F.);
#3132 = EDGE_LOOP('',(#3133,#3134,#3135,#3136));
#3133 = ORIENTED_EDGE('',*,*,#1026,.F.);
#3134 = ORIENTED_EDGE('',*,*,#1809,.F.);
#3135 = ORIENTED_EDGE('',*,*,#1267,.T.);
#3136 = ORIENTED_EDGE('',*,*,#1694,.F.);
#3137 = PLANE('',#3138);
#3138 = AXIS2_PLACEMENT_3D('',#3139,#3140,#3141);
#3139 = CARTESIAN_POINT('',(83.6,7.9,36.));
#3140 = DIRECTION('',(1.,0.,0.));
#3141 = DIRECTION('',(0.,1.,0.));
#3142 = ADVANCED_FACE('',(#3143),#3149,.F.);
#3143 = FACE_BOUND('',#3144,.F.);
#3144 = EDGE_LOOP('',(#3145,#3146,#3147,#3148));
#3145 = ORIENTED_EDGE('',*,*,#1815,.F.);
#3146 = ORIENTED_EDGE('',*,*,#1034,.F.);
#3147 = ORIENTED_EDGE('',*,*,#1726,.F.);
#3148 = ORIENTED_EDGE('',*,*,#1786,.F.);
#3149 = PLANE('',#3150);
#3150 = AXIS2_PLACEMENT_3D('',#3151,#3152,#3153);
#3151 = CARTESIAN_POINT('',(83.6,3.8,0.));
#3152 = DIRECTION('',(-1.,0.,0.));
#3153 = DIRECTION('',(0.,1.,0.));
#3154 = ADVANCED_FACE('',(#3155),#3161,.F.);
#3155 = FACE_BOUND('',#3156,.F.);
#3156 = EDGE_LOOP('',(#3157,#3158,#3159,#3160));
#3157 = ORIENTED_EDGE('',*,*,#1732,.F.);
#3158 = ORIENTED_EDGE('',*,*,#1042,.F.);
#3159 = ORIENTED_EDGE('',*,*,#1929,.F.);
#3160 = ORIENTED_EDGE('',*,*,#1251,.T.);
#3161 = PLANE('',#3162);
#3162 = AXIS2_PLACEMENT_3D('',#3163,#3164,#3165);
#3163 = CARTESIAN_POINT('',(83.6,7.9,36.));
#3164 = DIRECTION('',(1.,0.,0.));
#3165 = DIRECTION('',(0.,1.,0.));
#3166 = ADVANCED_FACE('',(#3167),#3173,.F.);
#3167 = FACE_BOUND('',#3168,.F.);
#3168 = EDGE_LOOP('',(#3169,#3170,#3171,#3172));
#3169 = ORIENTED_EDGE('',*,*,#1050,.F.);
#3170 = ORIENTED_EDGE('',*,*,#1846,.F.);
#3171 = ORIENTED_EDGE('',*,*,#1906,.F.);
#3172 = ORIENTED_EDGE('',*,*,#1935,.F.);
#3173 = PLANE('',#3174);
#3174 = AXIS2_PLACEMENT_3D('',#3175,#3176,#3177);
#3175 = CARTESIAN_POINT('',(83.6,3.8,0.));
#3176 = DIRECTION('',(-1.,0.,0.));
#3177 = DIRECTION('',(0.,1.,0.));
#3178 = ADVANCED_FACE('',(#3179),#3185,.F.);
#3179 = FACE_BOUND('',#3180,.F.);
#3180 = EDGE_LOOP('',(#3181,#3182,#3183,#3184));
#3181 = ORIENTED_EDGE('',*,*,#1852,.F.);
#3182 = ORIENTED_EDGE('',*,*,#1058,.F.);
#3183 = ORIENTED_EDGE('',*,*,#2049,.F.);
#3184 = ORIENTED_EDGE('',*,*,#1235,.T.);
#3185 = PLANE('',#3186);
#3186 = AXIS2_PLACEMENT_3D('',#3187,#3188,#3189);
#3187 = CARTESIAN_POINT('',(83.6,7.9,36.));
#3188 = DIRECTION('',(1.,0.,0.));
#3189 = DIRECTION('',(0.,1.,0.));
#3190 = ADVANCED_FACE('',(#3191),#3197,.F.);
#3191 = FACE_BOUND('',#3192,.F.);
#3192 = EDGE_LOOP('',(#3193,#3194,#3195,#3196));
#3193 = ORIENTED_EDGE('',*,*,#1966,.F.);
#3194 = ORIENTED_EDGE('',*,*,#2026,.F.);
#3195 = ORIENTED_EDGE('',*,*,#2055,.F.);
#3196 = ORIENTED_EDGE('',*,*,#1066,.F.);
#3197 = PLANE('',#3198);
#3198 = AXIS2_PLACEMENT_3D('',#3199,#3200,#3201);
#3199 = CARTESIAN_POINT('',(83.6,3.8,0.));
#3200 = DIRECTION('',(-1.,0.,0.));
#3201 = DIRECTION('',(0.,1.,0.));
#3202 = ADVANCED_FACE('',(#3203),#3209,.F.);
#3203 = FACE_BOUND('',#3204,.F.);
#3204 = EDGE_LOOP('',(#3205,#3206,#3207,#3208));
#3205 = ORIENTED_EDGE('',*,*,#1972,.F.);
#3206 = ORIENTED_EDGE('',*,*,#1074,.F.);
#3207 = ORIENTED_EDGE('',*,*,#1561,.T.);
#3208 = ORIENTED_EDGE('',*,*,#1219,.T.);
#3209 = PLANE('',#3210);
#3210 = AXIS2_PLACEMENT_3D('',#3211,#3212,#3213);
#3211 = CARTESIAN_POINT('',(83.6,7.9,36.));
#3212 = DIRECTION('',(1.,0.,0.));
#3213 = DIRECTION('',(0.,1.,0.));
#3214 = ADVANCED_FACE('',(#3215),#3228,.F.);
#3215 = FACE_BOUND('',#3216,.F.);
#3216 = EDGE_LOOP('',(#3217,#3218,#3219,#3220,#3221,#3227));
#3217 = ORIENTED_EDGE('',*,*,#1554,.F.);
#3218 = ORIENTED_EDGE('',*,*,#1090,.T.);
#3219 = ORIENTED_EDGE('',*,*,#1121,.T.);
#3220 = ORIENTED_EDGE('',*,*,#2326,.T.);
#3221 = ORIENTED_EDGE('',*,*,#3222,.T.);
#3222 = EDGE_CURVE('',#2319,#2366,#3223,.T.);
#3223 = LINE('',#3224,#3225);
#3224 = CARTESIAN_POINT('',(81.66,15.536438515081,19.3));
#3225 = VECTOR('',#3226,1.);
#3226 = DIRECTION('',(0.,-1.,0.));
#3227 = ORIENTED_EDGE('',*,*,#2365,.F.);
#3228 = PLANE('',#3229);
#3229 = AXIS2_PLACEMENT_3D('',#3230,#3231,#3232);
#3230 = CARTESIAN_POINT('',(81.66,10.96,0.));
#3231 = DIRECTION('',(1.,0.,0.));
#3232 = DIRECTION('',(0.,-1.,0.));
#3233 = ADVANCED_FACE('',(#3234),#3247,.F.);
#3234 = FACE_BOUND('',#3235,.F.);
#3235 = EDGE_LOOP('',(#3236,#3237,#3238,#3244,#3245,#3246));
#3236 = ORIENTED_EDGE('',*,*,#1568,.F.);
#3237 = ORIENTED_EDGE('',*,*,#2924,.F.);
#3238 = ORIENTED_EDGE('',*,*,#3239,.T.);
#3239 = EDGE_CURVE('',#2917,#2963,#3240,.T.);
#3240 = LINE('',#3241,#3242);
#3241 = CARTESIAN_POINT('',(81.66,25.056438515081,19.3));
#3242 = VECTOR('',#3243,1.);
#3243 = DIRECTION('',(0.,-1.,0.));
#3244 = ORIENTED_EDGE('',*,*,#2979,.T.);
#3245 = ORIENTED_EDGE('',*,*,#1336,.T.);
#3246 = ORIENTED_EDGE('',*,*,#1203,.F.);
#3247 = PLANE('',#3248);
#3248 = AXIS2_PLACEMENT_3D('',#3249,#3250,#3251);
#3249 = CARTESIAN_POINT('',(81.66,30.,0.));
#3250 = DIRECTION('',(1.,0.,0.));
#3251 = DIRECTION('',(0.,-1.,0.));
#3252 = ADVANCED_FACE('',(#3253),#3259,.F.);
#3253 = FACE_BOUND('',#3254,.F.);
#3254 = EDGE_LOOP('',(#3255,#3256,#3257,#3258));
#3255 = ORIENTED_EDGE('',*,*,#1227,.T.);
#3256 = ORIENTED_EDGE('',*,*,#2043,.F.);
#3257 = ORIENTED_EDGE('',*,*,#2002,.F.);
#3258 = ORIENTED_EDGE('',*,*,#1978,.F.);
#3259 = PLANE('',#3260);
#3260 = AXIS2_PLACEMENT_3D('',#3261,#3262,#3263);
#3261 = CARTESIAN_POINT('',(83.6,22.9,0.));
#3262 = DIRECTION('',(-1.,0.,0.));
#3263 = DIRECTION('',(0.,1.,0.));
#3264 = ADVANCED_FACE('',(#3265),#3271,.F.);
#3265 = FACE_BOUND('',#3266,.F.);
#3266 = EDGE_LOOP('',(#3267,#3268,#3269,#3270));
#3267 = ORIENTED_EDGE('',*,*,#1243,.T.);
#3268 = ORIENTED_EDGE('',*,*,#1923,.F.);
#3269 = ORIENTED_EDGE('',*,*,#1882,.F.);
#3270 = ORIENTED_EDGE('',*,*,#1858,.F.);
#3271 = PLANE('',#3272);
#3272 = AXIS2_PLACEMENT_3D('',#3273,#3274,#3275);
#3273 = CARTESIAN_POINT('',(83.6,22.9,0.));
#3274 = DIRECTION('',(-1.,0.,0.));
#3275 = DIRECTION('',(0.,1.,0.));
#3276 = ADVANCED_FACE('',(#3277),#3283,.F.);
#3277 = FACE_BOUND('',#3278,.F.);
#3278 = EDGE_LOOP('',(#3279,#3280,#3281,#3282));
#3279 = ORIENTED_EDGE('',*,*,#1259,.T.);
#3280 = ORIENTED_EDGE('',*,*,#1803,.F.);
#3281 = ORIENTED_EDGE('',*,*,#1762,.F.);
#3282 = ORIENTED_EDGE('',*,*,#1738,.F.);
#3283 = PLANE('',#3284);
#3284 = AXIS2_PLACEMENT_3D('',#3285,#3286,#3287);
#3285 = CARTESIAN_POINT('',(83.6,22.9,0.));
#3286 = DIRECTION('',(-1.,0.,0.));
#3287 = DIRECTION('',(0.,1.,0.));
#3288 = ADVANCED_FACE('',(#3289),#3307,.F.);
#3289 = FACE_BOUND('',#3290,.F.);
#3290 = EDGE_LOOP('',(#3291,#3292,#3300,#3306));
#3291 = ORIENTED_EDGE('',*,*,#1447,.F.);
#3292 = ORIENTED_EDGE('',*,*,#3293,.T.);
#3293 = EDGE_CURVE('',#1448,#3294,#3296,.T.);
#3294 = VERTEX_POINT('',#3295);
#3295 = CARTESIAN_POINT('',(3.35,26.5,19.2));
#3296 = LINE('',#3297,#3298);
#3297 = CARTESIAN_POINT('',(3.35,26.5,0.));
#3298 = VECTOR('',#3299,1.);
#3299 = DIRECTION('',(0.,0.,1.));
#3300 = ORIENTED_EDGE('',*,*,#3301,.T.);
#3301 = EDGE_CURVE('',#3294,#2678,#3302,.T.);
#3302 = LINE('',#3303,#3304);
#3303 = CARTESIAN_POINT('',(3.35,26.5,19.2));
#3304 = VECTOR('',#3305,1.);
#3305 = DIRECTION('',(0.,1.,0.));
#3306 = ORIENTED_EDGE('',*,*,#2677,.F.);
#3307 = PLANE('',#3308);
#3308 = AXIS2_PLACEMENT_3D('',#3309,#3310,#3311);
#3309 = CARTESIAN_POINT('',(3.35,26.5,0.));
#3310 = DIRECTION('',(-1.,0.,0.));
#3311 = DIRECTION('',(0.,1.,0.));
#3312 = ADVANCED_FACE('',(#3313),#3418,.F.);
#3313 = FACE_BOUND('',#3314,.F.);
#3314 = EDGE_LOOP('',(#3315,#3325,#3333,#3341,#3349,#3357,#3365,#3373,
    #3381,#3389,#3397,#3403,#3404,#3410,#3411,#3412));
#3315 = ORIENTED_EDGE('',*,*,#3316,.T.);
#3316 = EDGE_CURVE('',#3317,#3319,#3321,.T.);
#3317 = VERTEX_POINT('',#3318);
#3318 = CARTESIAN_POINT('',(2.492121597166,26.5,3.5));
#3319 = VERTEX_POINT('',#3320);
#3320 = CARTESIAN_POINT('',(2.4,26.5,3.5));
#3321 = LINE('',#3322,#3323);
#3322 = CARTESIAN_POINT('',(0.7,26.5,3.5));
#3323 = VECTOR('',#3324,1.);
#3324 = DIRECTION('',(-1.,0.,0.));
#3325 = ORIENTED_EDGE('',*,*,#3326,.T.);
#3326 = EDGE_CURVE('',#3319,#3327,#3329,.T.);
#3327 = VERTEX_POINT('',#3328);
#3328 = CARTESIAN_POINT('',(2.4,26.5,5.5));
#3329 = LINE('',#3330,#3331);
#3330 = CARTESIAN_POINT('',(2.4,26.5,0.));
#3331 = VECTOR('',#3332,1.);
#3332 = DIRECTION('',(0.,0.,1.));
#3333 = ORIENTED_EDGE('',*,*,#3334,.T.);
#3334 = EDGE_CURVE('',#3327,#3335,#3337,.T.);
#3335 = VERTEX_POINT('',#3336);
#3336 = CARTESIAN_POINT('',(2.492121597166,26.5,5.5));
#3337 = LINE('',#3338,#3339);
#3338 = CARTESIAN_POINT('',(0.7,26.5,5.5));
#3339 = VECTOR('',#3340,1.);
#3340 = DIRECTION('',(1.,0.,0.));
#3341 = ORIENTED_EDGE('',*,*,#3342,.T.);
#3342 = EDGE_CURVE('',#3335,#3343,#3345,.T.);
#3343 = VERTEX_POINT('',#3344);
#3344 = CARTESIAN_POINT('',(2.492121597166,26.5,7.5));
#3345 = LINE('',#3346,#3347);
#3346 = CARTESIAN_POINT('',(2.492121597166,26.5,36.));
#3347 = VECTOR('',#3348,1.);
#3348 = DIRECTION('',(0.,0.,1.));
#3349 = ORIENTED_EDGE('',*,*,#3350,.T.);
#3350 = EDGE_CURVE('',#3343,#3351,#3353,.T.);
#3351 = VERTEX_POINT('',#3352);
#3352 = CARTESIAN_POINT('',(2.4,26.5,7.5));
#3353 = LINE('',#3354,#3355);
#3354 = CARTESIAN_POINT('',(0.7,26.5,7.5));
#3355 = VECTOR('',#3356,1.);
#3356 = DIRECTION('',(-1.,0.,0.));
#3357 = ORIENTED_EDGE('',*,*,#3358,.T.);
#3358 = EDGE_CURVE('',#3351,#3359,#3361,.T.);
#3359 = VERTEX_POINT('',#3360);
#3360 = CARTESIAN_POINT('',(2.4,26.5,9.5));
#3361 = LINE('',#3362,#3363);
#3362 = CARTESIAN_POINT('',(2.4,26.5,0.));
#3363 = VECTOR('',#3364,1.);
#3364 = DIRECTION('',(0.,0.,1.));
#3365 = ORIENTED_EDGE('',*,*,#3366,.T.);
#3366 = EDGE_CURVE('',#3359,#3367,#3369,.T.);
#3367 = VERTEX_POINT('',#3368);
#3368 = CARTESIAN_POINT('',(2.492121597166,26.5,9.5));
#3369 = LINE('',#3370,#3371);
#3370 = CARTESIAN_POINT('',(0.7,26.5,9.5));
#3371 = VECTOR('',#3372,1.);
#3372 = DIRECTION('',(1.,0.,0.));
#3373 = ORIENTED_EDGE('',*,*,#3374,.T.);
#3374 = EDGE_CURVE('',#3367,#3375,#3377,.T.);
#3375 = VERTEX_POINT('',#3376);
#3376 = CARTESIAN_POINT('',(2.492121597166,26.5,11.5));
#3377 = LINE('',#3378,#3379);
#3378 = CARTESIAN_POINT('',(2.492121597166,26.5,36.));
#3379 = VECTOR('',#3380,1.);
#3380 = DIRECTION('',(0.,0.,1.));
#3381 = ORIENTED_EDGE('',*,*,#3382,.T.);
#3382 = EDGE_CURVE('',#3375,#3383,#3385,.T.);
#3383 = VERTEX_POINT('',#3384);
#3384 = CARTESIAN_POINT('',(2.4,26.5,11.5));
#3385 = LINE('',#3386,#3387);
#3386 = CARTESIAN_POINT('',(0.7,26.5,11.5));
#3387 = VECTOR('',#3388,1.);
#3388 = DIRECTION('',(-1.,0.,0.));
#3389 = ORIENTED_EDGE('',*,*,#3390,.T.);
#3390 = EDGE_CURVE('',#3383,#3391,#3393,.T.);
#3391 = VERTEX_POINT('',#3392);
#3392 = CARTESIAN_POINT('',(2.4,26.5,13.5));
#3393 = LINE('',#3394,#3395);
#3394 = CARTESIAN_POINT('',(2.4,26.5,0.));
#3395 = VECTOR('',#3396,1.);
#3396 = DIRECTION('',(0.,0.,1.));
#3397 = ORIENTED_EDGE('',*,*,#3398,.T.);
#3398 = EDGE_CURVE('',#3391,#2695,#3399,.T.);
#3399 = LINE('',#3400,#3401);
#3400 = CARTESIAN_POINT('',(0.7,26.5,13.5));
#3401 = VECTOR('',#3402,1.);
#3402 = DIRECTION('',(1.,0.,0.));
#3403 = ORIENTED_EDGE('',*,*,#2694,.T.);
#3404 = ORIENTED_EDGE('',*,*,#3405,.T.);
#3405 = EDGE_CURVE('',#2686,#3294,#3406,.T.);
#3406 = LINE('',#3407,#3408);
#3407 = CARTESIAN_POINT('',(2.4,26.5,19.2));
#3408 = VECTOR('',#3409,1.);
#3409 = DIRECTION('',(1.,0.,0.));
#3410 = ORIENTED_EDGE('',*,*,#3293,.F.);
#3411 = ORIENTED_EDGE('',*,*,#1455,.F.);
#3412 = ORIENTED_EDGE('',*,*,#3413,.T.);
#3413 = EDGE_CURVE('',#1456,#3317,#3414,.T.);
#3414 = LINE('',#3415,#3416);
#3415 = CARTESIAN_POINT('',(2.492121597166,26.5,36.));
#3416 = VECTOR('',#3417,1.);
#3417 = DIRECTION('',(0.,0.,1.));
#3418 = PLANE('',#3419);
#3419 = AXIS2_PLACEMENT_3D('',#3420,#3421,#3422);
#3420 = CARTESIAN_POINT('',(2.4,26.5,0.));
#3421 = DIRECTION('',(0.,1.,0.));
#3422 = DIRECTION('',(1.,0.,0.));
#3423 = ADVANCED_FACE('',(#3424),#3443,.F.);
#3424 = FACE_BOUND('',#3425,.F.);
#3425 = EDGE_LOOP('',(#3426,#3427,#3428,#3436));
#3426 = ORIENTED_EDGE('',*,*,#3413,.F.);
#3427 = ORIENTED_EDGE('',*,*,#1463,.T.);
#3428 = ORIENTED_EDGE('',*,*,#3429,.F.);
#3429 = EDGE_CURVE('',#3430,#1464,#3432,.T.);
#3430 = VERTEX_POINT('',#3431);
#3431 = CARTESIAN_POINT('',(2.4,25.9,3.5));
#3432 = LINE('',#3433,#3434);
#3433 = CARTESIAN_POINT('',(2.4,25.9,36.));
#3434 = VECTOR('',#3435,1.);
#3435 = DIRECTION('',(-0.,-0.,-1.));
#3436 = ORIENTED_EDGE('',*,*,#3437,.F.);
#3437 = EDGE_CURVE('',#3317,#3430,#3438,.T.);
#3438 = CIRCLE('',#3439,2.);
#3439 = AXIS2_PLACEMENT_3D('',#3440,#3441,#3442);
#3440 = CARTESIAN_POINT('',(4.4,25.9,3.5));
#3441 = DIRECTION('',(0.,0.,1.));
#3442 = DIRECTION('',(1.,0.,0.));
#3443 = CYLINDRICAL_SURFACE('',#3444,2.);
#3444 = AXIS2_PLACEMENT_3D('',#3445,#3446,#3447);
#3445 = CARTESIAN_POINT('',(4.4,25.9,36.));
#3446 = DIRECTION('',(0.,0.,1.));
#3447 = DIRECTION('',(1.,0.,0.));
#3448 = ADVANCED_FACE('',(#3449),#3467,.F.);
#3449 = FACE_BOUND('',#3450,.F.);
#3450 = EDGE_LOOP('',(#3451,#3459,#3465,#3466));
#3451 = ORIENTED_EDGE('',*,*,#3452,.F.);
#3452 = EDGE_CURVE('',#3453,#1473,#3455,.T.);
#3453 = VERTEX_POINT('',#3454);
#3454 = CARTESIAN_POINT('',(2.4,7.9,3.5));
#3455 = LINE('',#3456,#3457);
#3456 = CARTESIAN_POINT('',(2.4,7.9,36.));
#3457 = VECTOR('',#3458,1.);
#3458 = DIRECTION('',(-0.,-0.,-1.));
#3459 = ORIENTED_EDGE('',*,*,#3460,.T.);
#3460 = EDGE_CURVE('',#3453,#3430,#3461,.T.);
#3461 = LINE('',#3462,#3463);
#3462 = CARTESIAN_POINT('',(2.4,16.4,3.5));
#3463 = VECTOR('',#3464,1.);
#3464 = DIRECTION('',(0.,1.,0.));
#3465 = ORIENTED_EDGE('',*,*,#3429,.T.);
#3466 = ORIENTED_EDGE('',*,*,#1472,.T.);
#3467 = PLANE('',#3468);
#3468 = AXIS2_PLACEMENT_3D('',#3469,#3470,#3471);
#3469 = CARTESIAN_POINT('',(2.4,25.9,36.));
#3470 = DIRECTION('',(-1.,0.,0.));
#3471 = DIRECTION('',(0.,-1.,0.));
#3472 = ADVANCED_FACE('',(#3473),#3492,.F.);
#3473 = FACE_BOUND('',#3474,.F.);
#3474 = EDGE_LOOP('',(#3475,#3476,#3484,#3491));
#3475 = ORIENTED_EDGE('',*,*,#1480,.T.);
#3476 = ORIENTED_EDGE('',*,*,#3477,.T.);
#3477 = EDGE_CURVE('',#1481,#3478,#3480,.T.);
#3478 = VERTEX_POINT('',#3479);
#3479 = CARTESIAN_POINT('',(2.492121597166,7.3,3.5));
#3480 = LINE('',#3481,#3482);
#3481 = CARTESIAN_POINT('',(2.492121597166,7.3,36.));
#3482 = VECTOR('',#3483,1.);
#3483 = DIRECTION('',(0.,0.,1.));
#3484 = ORIENTED_EDGE('',*,*,#3485,.F.);
#3485 = EDGE_CURVE('',#3453,#3478,#3486,.T.);
#3486 = CIRCLE('',#3487,2.);
#3487 = AXIS2_PLACEMENT_3D('',#3488,#3489,#3490);
#3488 = CARTESIAN_POINT('',(4.4,7.9,3.5));
#3489 = DIRECTION('',(0.,0.,1.));
#3490 = DIRECTION('',(1.,0.,0.));
#3491 = ORIENTED_EDGE('',*,*,#3452,.T.);
#3492 = CYLINDRICAL_SURFACE('',#3493,2.);
#3493 = AXIS2_PLACEMENT_3D('',#3494,#3495,#3496);
#3494 = CARTESIAN_POINT('',(4.4,7.9,36.));
#3495 = DIRECTION('',(0.,0.,1.));
#3496 = DIRECTION('',(1.,0.,0.));
#3497 = ADVANCED_FACE('',(#3498),#3628,.F.);
#3498 = FACE_BOUND('',#3499,.F.);
#3499 = EDGE_LOOP('',(#3500,#3501,#3509,#3517,#3525,#3533,#3541,#3549,
    #3557,#3565,#3573,#3581,#3589,#3597,#3605,#3613,#3621,#3627));
#3500 = ORIENTED_EDGE('',*,*,#1489,.F.);
#3501 = ORIENTED_EDGE('',*,*,#3502,.T.);
#3502 = EDGE_CURVE('',#1490,#3503,#3505,.T.);
#3503 = VERTEX_POINT('',#3504);
#3504 = CARTESIAN_POINT('',(3.35,7.3,19.2));
#3505 = LINE('',#3506,#3507);
#3506 = CARTESIAN_POINT('',(3.35,7.3,0.));
#3507 = VECTOR('',#3508,1.);
#3508 = DIRECTION('',(0.,0.,1.));
#3509 = ORIENTED_EDGE('',*,*,#3510,.T.);
#3510 = EDGE_CURVE('',#3503,#3511,#3513,.T.);
#3511 = VERTEX_POINT('',#3512);
#3512 = CARTESIAN_POINT('',(2.4,7.3,19.2));
#3513 = LINE('',#3514,#3515);
#3514 = CARTESIAN_POINT('',(3.35,7.3,19.2));
#3515 = VECTOR('',#3516,1.);
#3516 = DIRECTION('',(-1.,0.,0.));
#3517 = ORIENTED_EDGE('',*,*,#3518,.F.);
#3518 = EDGE_CURVE('',#3519,#3511,#3521,.T.);
#3519 = VERTEX_POINT('',#3520);
#3520 = CARTESIAN_POINT('',(2.4,7.3,15.15));
#3521 = LINE('',#3522,#3523);
#3522 = CARTESIAN_POINT('',(2.4,7.3,0.));
#3523 = VECTOR('',#3524,1.);
#3524 = DIRECTION('',(0.,0.,1.));
#3525 = ORIENTED_EDGE('',*,*,#3526,.T.);
#3526 = EDGE_CURVE('',#3519,#3527,#3529,.T.);
#3527 = VERTEX_POINT('',#3528);
#3528 = CARTESIAN_POINT('',(2.492121597166,7.3,15.15));
#3529 = LINE('',#3530,#3531);
#3530 = CARTESIAN_POINT('',(1.175,7.3,15.15));
#3531 = VECTOR('',#3532,1.);
#3532 = DIRECTION('',(1.,0.,0.));
#3533 = ORIENTED_EDGE('',*,*,#3534,.F.);
#3534 = EDGE_CURVE('',#3535,#3527,#3537,.T.);
#3535 = VERTEX_POINT('',#3536);
#3536 = CARTESIAN_POINT('',(2.492121597166,7.3,13.5));
#3537 = LINE('',#3538,#3539);
#3538 = CARTESIAN_POINT('',(2.492121597166,7.3,36.));
#3539 = VECTOR('',#3540,1.);
#3540 = DIRECTION('',(0.,0.,1.));
#3541 = ORIENTED_EDGE('',*,*,#3542,.T.);
#3542 = EDGE_CURVE('',#3535,#3543,#3545,.T.);
#3543 = VERTEX_POINT('',#3544);
#3544 = CARTESIAN_POINT('',(2.4,7.3,13.5));
#3545 = LINE('',#3546,#3547);
#3546 = CARTESIAN_POINT('',(1.175,7.3,13.5));
#3547 = VECTOR('',#3548,1.);
#3548 = DIRECTION('',(-1.,-0.,-0.));
#3549 = ORIENTED_EDGE('',*,*,#3550,.F.);
#3550 = EDGE_CURVE('',#3551,#3543,#3553,.T.);
#3551 = VERTEX_POINT('',#3552);
#3552 = CARTESIAN_POINT('',(2.4,7.3,11.5));
#3553 = LINE('',#3554,#3555);
#3554 = CARTESIAN_POINT('',(2.4,7.3,0.));
#3555 = VECTOR('',#3556,1.);
#3556 = DIRECTION('',(0.,0.,1.));
#3557 = ORIENTED_EDGE('',*,*,#3558,.T.);
#3558 = EDGE_CURVE('',#3551,#3559,#3561,.T.);
#3559 = VERTEX_POINT('',#3560);
#3560 = CARTESIAN_POINT('',(2.492121597166,7.3,11.5));
#3561 = LINE('',#3562,#3563);
#3562 = CARTESIAN_POINT('',(1.175,7.3,11.5));
#3563 = VECTOR('',#3564,1.);
#3564 = DIRECTION('',(1.,0.,0.));
#3565 = ORIENTED_EDGE('',*,*,#3566,.F.);
#3566 = EDGE_CURVE('',#3567,#3559,#3569,.T.);
#3567 = VERTEX_POINT('',#3568);
#3568 = CARTESIAN_POINT('',(2.492121597166,7.3,9.5));
#3569 = LINE('',#3570,#3571);
#3570 = CARTESIAN_POINT('',(2.492121597166,7.3,36.));
#3571 = VECTOR('',#3572,1.);
#3572 = DIRECTION('',(0.,0.,1.));
#3573 = ORIENTED_EDGE('',*,*,#3574,.T.);
#3574 = EDGE_CURVE('',#3567,#3575,#3577,.T.);
#3575 = VERTEX_POINT('',#3576);
#3576 = CARTESIAN_POINT('',(2.4,7.3,9.5));
#3577 = LINE('',#3578,#3579);
#3578 = CARTESIAN_POINT('',(1.175,7.3,9.5));
#3579 = VECTOR('',#3580,1.);
#3580 = DIRECTION('',(-1.,-0.,-0.));
#3581 = ORIENTED_EDGE('',*,*,#3582,.F.);
#3582 = EDGE_CURVE('',#3583,#3575,#3585,.T.);
#3583 = VERTEX_POINT('',#3584);
#3584 = CARTESIAN_POINT('',(2.4,7.3,7.5));
#3585 = LINE('',#3586,#3587);
#3586 = CARTESIAN_POINT('',(2.4,7.3,0.));
#3587 = VECTOR('',#3588,1.);
#3588 = DIRECTION('',(0.,0.,1.));
#3589 = ORIENTED_EDGE('',*,*,#3590,.T.);
#3590 = EDGE_CURVE('',#3583,#3591,#3593,.T.);
#3591 = VERTEX_POINT('',#3592);
#3592 = CARTESIAN_POINT('',(2.492121597166,7.3,7.5));
#3593 = LINE('',#3594,#3595);
#3594 = CARTESIAN_POINT('',(1.175,7.3,7.5));
#3595 = VECTOR('',#3596,1.);
#3596 = DIRECTION('',(1.,0.,0.));
#3597 = ORIENTED_EDGE('',*,*,#3598,.F.);
#3598 = EDGE_CURVE('',#3599,#3591,#3601,.T.);
#3599 = VERTEX_POINT('',#3600);
#3600 = CARTESIAN_POINT('',(2.492121597166,7.3,5.5));
#3601 = LINE('',#3602,#3603);
#3602 = CARTESIAN_POINT('',(2.492121597166,7.3,36.));
#3603 = VECTOR('',#3604,1.);
#3604 = DIRECTION('',(0.,0.,1.));
#3605 = ORIENTED_EDGE('',*,*,#3606,.T.);
#3606 = EDGE_CURVE('',#3599,#3607,#3609,.T.);
#3607 = VERTEX_POINT('',#3608);
#3608 = CARTESIAN_POINT('',(2.4,7.3,5.5));
#3609 = LINE('',#3610,#3611);
#3610 = CARTESIAN_POINT('',(1.175,7.3,5.5));
#3611 = VECTOR('',#3612,1.);
#3612 = DIRECTION('',(-1.,-0.,-0.));
#3613 = ORIENTED_EDGE('',*,*,#3614,.F.);
#3614 = EDGE_CURVE('',#3615,#3607,#3617,.T.);
#3615 = VERTEX_POINT('',#3616);
#3616 = CARTESIAN_POINT('',(2.4,7.3,3.5));
#3617 = LINE('',#3618,#3619);
#3618 = CARTESIAN_POINT('',(2.4,7.3,0.));
#3619 = VECTOR('',#3620,1.);
#3620 = DIRECTION('',(0.,0.,1.));
#3621 = ORIENTED_EDGE('',*,*,#3622,.T.);
#3622 = EDGE_CURVE('',#3615,#3478,#3623,.T.);
#3623 = LINE('',#3624,#3625);
#3624 = CARTESIAN_POINT('',(1.175,7.3,3.5));
#3625 = VECTOR('',#3626,1.);
#3626 = DIRECTION('',(1.,0.,0.));
#3627 = ORIENTED_EDGE('',*,*,#3477,.F.);
#3628 = PLANE('',#3629);
#3629 = AXIS2_PLACEMENT_3D('',#3630,#3631,#3632);
#3630 = CARTESIAN_POINT('',(3.35,7.3,0.));
#3631 = DIRECTION('',(0.,-1.,0.));
#3632 = DIRECTION('',(-1.,0.,0.));
#3633 = ADVANCED_FACE('',(#3634),#3645,.F.);
#3634 = FACE_BOUND('',#3635,.F.);
#3635 = EDGE_LOOP('',(#3636,#3637,#3638,#3644));
#3636 = ORIENTED_EDGE('',*,*,#1497,.F.);
#3637 = ORIENTED_EDGE('',*,*,#2629,.T.);
#3638 = ORIENTED_EDGE('',*,*,#3639,.T.);
#3639 = EDGE_CURVE('',#2621,#3503,#3640,.T.);
#3640 = LINE('',#3641,#3642);
#3641 = CARTESIAN_POINT('',(3.35,5.9,19.2));
#3642 = VECTOR('',#3643,1.);
#3643 = DIRECTION('',(0.,1.,0.));
#3644 = ORIENTED_EDGE('',*,*,#3502,.F.);
#3645 = PLANE('',#3646);
#3646 = AXIS2_PLACEMENT_3D('',#3647,#3648,#3649);
#3647 = CARTESIAN_POINT('',(3.35,5.9,0.));
#3648 = DIRECTION('',(-1.,0.,0.));
#3649 = DIRECTION('',(0.,1.,0.));
#3650 = ADVANCED_FACE('',(#3651),#3685,.F.);
#3651 = FACE_BOUND('',#3652,.F.);
#3652 = EDGE_LOOP('',(#3653,#3661,#3669,#3677,#3683,#3684));
#3653 = ORIENTED_EDGE('',*,*,#3654,.F.);
#3654 = EDGE_CURVE('',#3655,#2398,#3657,.T.);
#3655 = VERTEX_POINT('',#3656);
#3656 = CARTESIAN_POINT('',(14.4,5.9,19.5));
#3657 = LINE('',#3658,#3659);
#3658 = CARTESIAN_POINT('',(11.4,5.9,19.5));
#3659 = VECTOR('',#3660,1.);
#3660 = DIRECTION('',(1.,0.,0.));
#3661 = ORIENTED_EDGE('',*,*,#3662,.F.);
#3662 = EDGE_CURVE('',#3663,#3655,#3665,.T.);
#3663 = VERTEX_POINT('',#3664);
#3664 = CARTESIAN_POINT('',(14.4,5.9,4.));
#3665 = LINE('',#3666,#3667);
#3666 = CARTESIAN_POINT('',(14.4,5.9,4.));
#3667 = VECTOR('',#3668,1.);
#3668 = DIRECTION('',(0.,2.22044604925E-16,1.));
#3669 = ORIENTED_EDGE('',*,*,#3670,.F.);
#3670 = EDGE_CURVE('',#3671,#3663,#3673,.T.);
#3671 = VERTEX_POINT('',#3672);
#3672 = CARTESIAN_POINT('',(11.4,5.9,4.));
#3673 = LINE('',#3674,#3675);
#3674 = CARTESIAN_POINT('',(11.4,5.9,4.));
#3675 = VECTOR('',#3676,1.);
#3676 = DIRECTION('',(1.,0.,0.));
#3677 = ORIENTED_EDGE('',*,*,#3678,.T.);
#3678 = EDGE_CURVE('',#3671,#1523,#3679,.T.);
#3679 = LINE('',#3680,#3681);
#3680 = CARTESIAN_POINT('',(11.4,5.9,18.));
#3681 = VECTOR('',#3682,1.);
#3682 = DIRECTION('',(-0.,-0.,-1.));
#3683 = ORIENTED_EDGE('',*,*,#1530,.T.);
#3684 = ORIENTED_EDGE('',*,*,#2397,.T.);
#3685 = PLANE('',#3686);
#3686 = AXIS2_PLACEMENT_3D('',#3687,#3688,#3689);
#3687 = CARTESIAN_POINT('',(4.4,5.9,36.));
#3688 = DIRECTION('',(0.,-1.,0.));
#3689 = DIRECTION('',(1.,0.,0.));
#3690 = ADVANCED_FACE('',(#3691),#3702,.F.);
#3691 = FACE_BOUND('',#3692,.F.);
#3692 = EDGE_LOOP('',(#3693,#3694,#3695,#3701));
#3693 = ORIENTED_EDGE('',*,*,#1600,.F.);
#3694 = ORIENTED_EDGE('',*,*,#2771,.T.);
#3695 = ORIENTED_EDGE('',*,*,#3696,.T.);
#3696 = EDGE_CURVE('',#2764,#2866,#3697,.T.);
#3697 = LINE('',#3698,#3699);
#3698 = CARTESIAN_POINT('',(11.4,23.956438515081,19.3));
#3699 = VECTOR('',#3700,1.);
#3700 = DIRECTION('',(0.,1.,0.));
#3701 = ORIENTED_EDGE('',*,*,#2865,.F.);
#3702 = PLANE('',#3703);
#3703 = AXIS2_PLACEMENT_3D('',#3704,#3705,#3706);
#3704 = CARTESIAN_POINT('',(11.4,27.8,0.));
#3705 = DIRECTION('',(-1.,0.,0.));
#3706 = DIRECTION('',(0.,1.,0.));
#3707 = ADVANCED_FACE('',(#3708),#3727,.F.);
#3708 = FACE_BOUND('',#3709,.T.);
#3709 = EDGE_LOOP('',(#3710,#3718,#3725,#3726));
#3710 = ORIENTED_EDGE('',*,*,#3711,.T.);
#3711 = EDGE_CURVE('',#1609,#3712,#3714,.T.);
#3712 = VERTEX_POINT('',#3713);
#3713 = CARTESIAN_POINT('',(80.6,3.,3.6));
#3714 = LINE('',#3715,#3716);
#3715 = CARTESIAN_POINT('',(80.6,3.,0.));
#3716 = VECTOR('',#3717,1.);
#3717 = DIRECTION('',(0.,0.,1.));
#3718 = ORIENTED_EDGE('',*,*,#3719,.T.);
#3719 = EDGE_CURVE('',#3712,#3712,#3720,.T.);
#3720 = CIRCLE('',#3721,1.5);
#3721 = AXIS2_PLACEMENT_3D('',#3722,#3723,#3724);
#3722 = CARTESIAN_POINT('',(79.1,3.,3.6));
#3723 = DIRECTION('',(0.,0.,1.));
#3724 = DIRECTION('',(1.,0.,0.));
#3725 = ORIENTED_EDGE('',*,*,#3711,.F.);
#3726 = ORIENTED_EDGE('',*,*,#1608,.F.);
#3727 = CYLINDRICAL_SURFACE('',#3728,1.5);
#3728 = AXIS2_PLACEMENT_3D('',#3729,#3730,#3731);
#3729 = CARTESIAN_POINT('',(79.1,3.,0.));
#3730 = DIRECTION('',(-0.,-0.,-1.));
#3731 = DIRECTION('',(1.,0.,0.));
#3732 = ADVANCED_FACE('',(#3733),#3752,.F.);
#3733 = FACE_BOUND('',#3734,.T.);
#3734 = EDGE_LOOP('',(#3735,#3743,#3750,#3751));
#3735 = ORIENTED_EDGE('',*,*,#3736,.T.);
#3736 = EDGE_CURVE('',#1620,#3737,#3739,.T.);
#3737 = VERTEX_POINT('',#3738);
#3738 = CARTESIAN_POINT('',(8.4,3.,3.6));
#3739 = LINE('',#3740,#3741);
#3740 = CARTESIAN_POINT('',(8.4,3.,0.));
#3741 = VECTOR('',#3742,1.);
#3742 = DIRECTION('',(0.,0.,1.));
#3743 = ORIENTED_EDGE('',*,*,#3744,.T.);
#3744 = EDGE_CURVE('',#3737,#3737,#3745,.T.);
#3745 = CIRCLE('',#3746,1.5);
#3746 = AXIS2_PLACEMENT_3D('',#3747,#3748,#3749);
#3747 = CARTESIAN_POINT('',(6.9,3.,3.6));
#3748 = DIRECTION('',(0.,0.,1.));
#3749 = DIRECTION('',(1.,0.,0.));
#3750 = ORIENTED_EDGE('',*,*,#3736,.F.);
#3751 = ORIENTED_EDGE('',*,*,#1619,.F.);
#3752 = CYLINDRICAL_SURFACE('',#3753,1.5);
#3753 = AXIS2_PLACEMENT_3D('',#3754,#3755,#3756);
#3754 = CARTESIAN_POINT('',(6.9,3.,0.));
#3755 = DIRECTION('',(-0.,-0.,-1.));
#3756 = DIRECTION('',(1.,0.,0.));
#3757 = ADVANCED_FACE('',(#3758),#3777,.F.);
#3758 = FACE_BOUND('',#3759,.T.);
#3759 = EDGE_LOOP('',(#3760,#3768,#3775,#3776));
#3760 = ORIENTED_EDGE('',*,*,#3761,.T.);
#3761 = EDGE_CURVE('',#1631,#3762,#3764,.T.);
#3762 = VERTEX_POINT('',#3763);
#3763 = CARTESIAN_POINT('',(80.6,30.8,3.6));
#3764 = LINE('',#3765,#3766);
#3765 = CARTESIAN_POINT('',(80.6,30.8,0.));
#3766 = VECTOR('',#3767,1.);
#3767 = DIRECTION('',(0.,0.,1.));
#3768 = ORIENTED_EDGE('',*,*,#3769,.T.);
#3769 = EDGE_CURVE('',#3762,#3762,#3770,.T.);
#3770 = CIRCLE('',#3771,1.5);
#3771 = AXIS2_PLACEMENT_3D('',#3772,#3773,#3774);
#3772 = CARTESIAN_POINT('',(79.1,30.8,3.6));
#3773 = DIRECTION('',(0.,0.,1.));
#3774 = DIRECTION('',(1.,0.,0.));
#3775 = ORIENTED_EDGE('',*,*,#3761,.F.);
#3776 = ORIENTED_EDGE('',*,*,#1630,.F.);
#3777 = CYLINDRICAL_SURFACE('',#3778,1.5);
#3778 = AXIS2_PLACEMENT_3D('',#3779,#3780,#3781);
#3779 = CARTESIAN_POINT('',(79.1,30.8,0.));
#3780 = DIRECTION('',(-0.,-0.,-1.));
#3781 = DIRECTION('',(1.,0.,0.));
#3782 = ADVANCED_FACE('',(#3783),#3802,.F.);
#3783 = FACE_BOUND('',#3784,.T.);
#3784 = EDGE_LOOP('',(#3785,#3793,#3800,#3801));
#3785 = ORIENTED_EDGE('',*,*,#3786,.T.);
#3786 = EDGE_CURVE('',#1642,#3787,#3789,.T.);
#3787 = VERTEX_POINT('',#3788);
#3788 = CARTESIAN_POINT('',(8.4,30.8,3.6));
#3789 = LINE('',#3790,#3791);
#3790 = CARTESIAN_POINT('',(8.4,30.8,0.));
#3791 = VECTOR('',#3792,1.);
#3792 = DIRECTION('',(0.,0.,1.));
#3793 = ORIENTED_EDGE('',*,*,#3794,.T.);
#3794 = EDGE_CURVE('',#3787,#3787,#3795,.T.);
#3795 = CIRCLE('',#3796,1.5);
#3796 = AXIS2_PLACEMENT_3D('',#3797,#3798,#3799);
#3797 = CARTESIAN_POINT('',(6.9,30.8,3.6));
#3798 = DIRECTION('',(0.,0.,1.));
#3799 = DIRECTION('',(1.,0.,0.));
#3800 = ORIENTED_EDGE('',*,*,#3786,.F.);
#3801 = ORIENTED_EDGE('',*,*,#1641,.F.);
#3802 = CYLINDRICAL_SURFACE('',#3803,1.5);
#3803 = AXIS2_PLACEMENT_3D('',#3804,#3805,#3806);
#3804 = CARTESIAN_POINT('',(6.9,30.8,0.));
#3805 = DIRECTION('',(-0.,-0.,-1.));
#3806 = DIRECTION('',(1.,0.,0.));
#3807 = ADVANCED_FACE('',(#3808),#3824,.T.);
#3808 = FACE_BOUND('',#3809,.T.);
#3809 = EDGE_LOOP('',(#3810,#3811,#3817,#3818));
#3810 = ORIENTED_EDGE('',*,*,#2102,.T.);
#3811 = ORIENTED_EDGE('',*,*,#3812,.T.);
#3812 = EDGE_CURVE('',#2105,#2720,#3813,.T.);
#3813 = LINE('',#3814,#3815);
#3814 = CARTESIAN_POINT('',(-1.,26.49,15.15));
#3815 = VECTOR('',#3816,1.);
#3816 = DIRECTION('',(1.,0.,0.));
#3817 = ORIENTED_EDGE('',*,*,#2728,.T.);
#3818 = ORIENTED_EDGE('',*,*,#3819,.F.);
#3819 = EDGE_CURVE('',#2103,#2729,#3820,.T.);
#3820 = LINE('',#3821,#3822);
#3821 = CARTESIAN_POINT('',(-1.,26.49,34.2));
#3822 = VECTOR('',#3823,1.);
#3823 = DIRECTION('',(1.,0.,0.));
#3824 = PLANE('',#3825);
#3825 = AXIS2_PLACEMENT_3D('',#3826,#3827,#3828);
#3826 = CARTESIAN_POINT('',(-1.,26.49,15.15));
#3827 = DIRECTION('',(0.,-1.,0.));
#3828 = DIRECTION('',(0.,0.,1.));
#3829 = ADVANCED_FACE('',(#3830),#3843,.T.);
#3830 = FACE_BOUND('',#3831,.T.);
#3831 = EDGE_LOOP('',(#3832,#3833,#3834,#3835,#3836,#3837));
#3832 = ORIENTED_EDGE('',*,*,#2128,.T.);
#3833 = ORIENTED_EDGE('',*,*,#3819,.T.);
#3834 = ORIENTED_EDGE('',*,*,#2736,.T.);
#3835 = ORIENTED_EDGE('',*,*,#2654,.T.);
#3836 = ORIENTED_EDGE('',*,*,#2603,.T.);
#3837 = ORIENTED_EDGE('',*,*,#3838,.F.);
#3838 = EDGE_CURVE('',#2121,#2604,#3839,.T.);
#3839 = LINE('',#3840,#3841);
#3840 = CARTESIAN_POINT('',(-1.,7.18,34.2));
#3841 = VECTOR('',#3842,1.);
#3842 = DIRECTION('',(1.,0.,0.));
#3843 = PLANE('',#3844);
#3844 = AXIS2_PLACEMENT_3D('',#3845,#3846,#3847);
#3845 = CARTESIAN_POINT('',(-1.,26.49,34.2));
#3846 = DIRECTION('',(0.,0.,-1.));
#3847 = DIRECTION('',(0.,-1.,0.));
#3848 = ADVANCED_FACE('',(#3849),#3884,.T.);
#3849 = FACE_BOUND('',#3850,.T.);
#3850 = EDGE_LOOP('',(#3851,#3852,#3853,#3861,#3867,#3868,#3877,#3883));
#3851 = ORIENTED_EDGE('',*,*,#3812,.F.);
#3852 = ORIENTED_EDGE('',*,*,#2112,.T.);
#3853 = ORIENTED_EDGE('',*,*,#3854,.T.);
#3854 = EDGE_CURVE('',#2113,#3855,#3857,.T.);
#3855 = VERTEX_POINT('',#3856);
#3856 = CARTESIAN_POINT('',(2.4,7.18,15.15));
#3857 = LINE('',#3858,#3859);
#3858 = CARTESIAN_POINT('',(-1.,7.18,15.15));
#3859 = VECTOR('',#3860,1.);
#3860 = DIRECTION('',(1.,0.,0.));
#3861 = ORIENTED_EDGE('',*,*,#3862,.T.);
#3862 = EDGE_CURVE('',#3855,#3519,#3863,.T.);
#3863 = LINE('',#3864,#3865);
#3864 = CARTESIAN_POINT('',(2.4,7.24,15.15));
#3865 = VECTOR('',#3866,1.);
#3866 = DIRECTION('',(0.,1.,0.));
#3867 = ORIENTED_EDGE('',*,*,#3526,.T.);
#3868 = ORIENTED_EDGE('',*,*,#3869,.F.);
#3869 = EDGE_CURVE('',#3870,#3527,#3872,.T.);
#3870 = VERTEX_POINT('',#3871);
#3871 = CARTESIAN_POINT('',(2.4,7.9,15.15));
#3872 = CIRCLE('',#3873,2.);
#3873 = AXIS2_PLACEMENT_3D('',#3874,#3875,#3876);
#3874 = CARTESIAN_POINT('',(4.4,7.9,15.15));
#3875 = DIRECTION('',(0.,0.,1.));
#3876 = DIRECTION('',(1.,0.,0.));
#3877 = ORIENTED_EDGE('',*,*,#3878,.T.);
#3878 = EDGE_CURVE('',#3870,#2712,#3879,.T.);
#3879 = LINE('',#3880,#3881);
#3880 = CARTESIAN_POINT('',(2.4,16.54,15.15));
#3881 = VECTOR('',#3882,1.);
#3882 = DIRECTION('',(0.,1.,0.));
#3883 = ORIENTED_EDGE('',*,*,#2719,.F.);
#3884 = PLANE('',#3885);
#3885 = AXIS2_PLACEMENT_3D('',#3886,#3887,#3888);
#3886 = CARTESIAN_POINT('',(-1.,7.18,15.15));
#3887 = DIRECTION('',(0.,0.,1.));
#3888 = DIRECTION('',(0.,1.,0.));
#3889 = ADVANCED_FACE('',(#3890),#3910,.T.);
#3890 = FACE_BOUND('',#3891,.T.);
#3891 = EDGE_LOOP('',(#3892,#3893,#3894,#3895,#3896,#3904));
#3892 = ORIENTED_EDGE('',*,*,#3854,.F.);
#3893 = ORIENTED_EDGE('',*,*,#2120,.T.);
#3894 = ORIENTED_EDGE('',*,*,#3838,.T.);
#3895 = ORIENTED_EDGE('',*,*,#2612,.F.);
#3896 = ORIENTED_EDGE('',*,*,#3897,.F.);
#3897 = EDGE_CURVE('',#3898,#2613,#3900,.T.);
#3898 = VERTEX_POINT('',#3899);
#3899 = CARTESIAN_POINT('',(2.4,7.18,19.2));
#3900 = LINE('',#3901,#3902);
#3901 = CARTESIAN_POINT('',(0.9375,7.18,19.2));
#3902 = VECTOR('',#3903,1.);
#3903 = DIRECTION('',(1.,0.,0.));
#3904 = ORIENTED_EDGE('',*,*,#3905,.T.);
#3905 = EDGE_CURVE('',#3898,#3855,#3906,.T.);
#3906 = LINE('',#3907,#3908);
#3907 = CARTESIAN_POINT('',(2.4,7.18,17.1));
#3908 = VECTOR('',#3909,1.);
#3909 = DIRECTION('',(0.,0.,-1.));
#3910 = PLANE('',#3911);
#3911 = AXIS2_PLACEMENT_3D('',#3912,#3913,#3914);
#3912 = CARTESIAN_POINT('',(-1.,7.18,34.2));
#3913 = DIRECTION('',(0.,1.,0.));
#3914 = DIRECTION('',(0.,0.,-1.));
#3915 = ADVANCED_FACE('',(#3916),#3941,.T.);
#3916 = FACE_BOUND('',#3917,.T.);
#3917 = EDGE_LOOP('',(#3918,#3926,#3927,#3935));
#3918 = ORIENTED_EDGE('',*,*,#3919,.F.);
#3919 = EDGE_CURVE('',#2137,#3920,#3922,.T.);
#3920 = VERTEX_POINT('',#3921);
#3921 = CARTESIAN_POINT('',(2.4,26.9,13.5));
#3922 = LINE('',#3923,#3924);
#3923 = CARTESIAN_POINT('',(-1.,26.9,13.5));
#3924 = VECTOR('',#3925,1.);
#3925 = DIRECTION('',(1.,0.,0.));
#3926 = ORIENTED_EDGE('',*,*,#2136,.T.);
#3927 = ORIENTED_EDGE('',*,*,#3928,.T.);
#3928 = EDGE_CURVE('',#2139,#3929,#3931,.T.);
#3929 = VERTEX_POINT('',#3930);
#3930 = CARTESIAN_POINT('',(2.4,26.9,11.5));
#3931 = LINE('',#3932,#3933);
#3932 = CARTESIAN_POINT('',(-1.,26.9,11.5));
#3933 = VECTOR('',#3934,1.);
#3934 = DIRECTION('',(1.,0.,0.));
#3935 = ORIENTED_EDGE('',*,*,#3936,.T.);
#3936 = EDGE_CURVE('',#3929,#3920,#3937,.T.);
#3937 = LINE('',#3938,#3939);
#3938 = CARTESIAN_POINT('',(2.4,26.9,5.75));
#3939 = VECTOR('',#3940,1.);
#3940 = DIRECTION('',(0.,0.,1.));
#3941 = PLANE('',#3942);
#3942 = AXIS2_PLACEMENT_3D('',#3943,#3944,#3945);
#3943 = CARTESIAN_POINT('',(-1.,26.9,11.5));
#3944 = DIRECTION('',(0.,-1.,0.));
#3945 = DIRECTION('',(0.,0.,1.));
#3946 = ADVANCED_FACE('',(#3947),#3989,.T.);
#3947 = FACE_BOUND('',#3948,.T.);
#3948 = EDGE_LOOP('',(#3949,#3957,#3958,#3959,#3965,#3966,#3967,#3975,
    #3982,#3983));
#3949 = ORIENTED_EDGE('',*,*,#3950,.F.);
#3950 = EDGE_CURVE('',#2155,#3951,#3953,.T.);
#3951 = VERTEX_POINT('',#3952);
#3952 = CARTESIAN_POINT('',(2.4,6.9,13.5));
#3953 = LINE('',#3954,#3955);
#3954 = CARTESIAN_POINT('',(-1.,6.9,13.5));
#3955 = VECTOR('',#3956,1.);
#3956 = DIRECTION('',(1.,0.,0.));
#3957 = ORIENTED_EDGE('',*,*,#2162,.T.);
#3958 = ORIENTED_EDGE('',*,*,#3919,.T.);
#3959 = ORIENTED_EDGE('',*,*,#3960,.T.);
#3960 = EDGE_CURVE('',#3920,#3391,#3961,.T.);
#3961 = LINE('',#3962,#3963);
#3962 = CARTESIAN_POINT('',(2.4,27.4,13.5));
#3963 = VECTOR('',#3964,1.);
#3964 = DIRECTION('',(0.,-1.,0.));
#3965 = ORIENTED_EDGE('',*,*,#3398,.T.);
#3966 = ORIENTED_EDGE('',*,*,#2702,.T.);
#3967 = ORIENTED_EDGE('',*,*,#3968,.T.);
#3968 = EDGE_CURVE('',#2703,#3969,#3971,.T.);
#3969 = VERTEX_POINT('',#3970);
#3970 = CARTESIAN_POINT('',(2.4,7.9,13.5));
#3971 = LINE('',#3972,#3973);
#3972 = CARTESIAN_POINT('',(2.4,26.4,13.5));
#3973 = VECTOR('',#3974,1.);
#3974 = DIRECTION('',(-0.,-1.,-0.));
#3975 = ORIENTED_EDGE('',*,*,#3976,.T.);
#3976 = EDGE_CURVE('',#3969,#3535,#3977,.T.);
#3977 = CIRCLE('',#3978,2.);
#3978 = AXIS2_PLACEMENT_3D('',#3979,#3980,#3981);
#3979 = CARTESIAN_POINT('',(4.4,7.9,13.5));
#3980 = DIRECTION('',(0.,0.,1.));
#3981 = DIRECTION('',(1.,0.,0.));
#3982 = ORIENTED_EDGE('',*,*,#3542,.T.);
#3983 = ORIENTED_EDGE('',*,*,#3984,.T.);
#3984 = EDGE_CURVE('',#3543,#3951,#3985,.T.);
#3985 = LINE('',#3986,#3987);
#3986 = CARTESIAN_POINT('',(2.4,17.1,13.5));
#3987 = VECTOR('',#3988,1.);
#3988 = DIRECTION('',(0.,-1.,0.));
#3989 = PLANE('',#3990);
#3990 = AXIS2_PLACEMENT_3D('',#3991,#3992,#3993);
#3991 = CARTESIAN_POINT('',(-1.,26.9,13.5));
#3992 = DIRECTION('',(0.,0.,-1.));
#3993 = DIRECTION('',(0.,-1.,0.));
#3994 = ADVANCED_FACE('',(#3995),#4013,.T.);
#3995 = FACE_BOUND('',#3996,.T.);
#3996 = EDGE_LOOP('',(#3997,#4005,#4006,#4007));
#3997 = ORIENTED_EDGE('',*,*,#3998,.F.);
#3998 = EDGE_CURVE('',#2147,#3999,#4001,.T.);
#3999 = VERTEX_POINT('',#4000);
#4000 = CARTESIAN_POINT('',(2.4,6.9,11.5));
#4001 = LINE('',#4002,#4003);
#4002 = CARTESIAN_POINT('',(-1.,6.9,11.5));
#4003 = VECTOR('',#4004,1.);
#4004 = DIRECTION('',(1.,0.,0.));
#4005 = ORIENTED_EDGE('',*,*,#2154,.T.);
#4006 = ORIENTED_EDGE('',*,*,#3950,.T.);
#4007 = ORIENTED_EDGE('',*,*,#4008,.T.);
#4008 = EDGE_CURVE('',#3951,#3999,#4009,.T.);
#4009 = LINE('',#4010,#4011);
#4010 = CARTESIAN_POINT('',(2.4,6.9,6.75));
#4011 = VECTOR('',#4012,1.);
#4012 = DIRECTION('',(0.,0.,-1.));
#4013 = PLANE('',#4014);
#4014 = AXIS2_PLACEMENT_3D('',#4015,#4016,#4017);
#4015 = CARTESIAN_POINT('',(-1.,6.9,13.5));
#4016 = DIRECTION('',(0.,1.,0.));
#4017 = DIRECTION('',(0.,0.,-1.));
#4018 = ADVANCED_FACE('',(#4019),#4062,.T.);
#4019 = FACE_BOUND('',#4020,.T.);
#4020 = EDGE_LOOP('',(#4021,#4022,#4023,#4024,#4030,#4031,#4040,#4048,
    #4055,#4056));
#4021 = ORIENTED_EDGE('',*,*,#3928,.F.);
#4022 = ORIENTED_EDGE('',*,*,#2146,.T.);
#4023 = ORIENTED_EDGE('',*,*,#3998,.T.);
#4024 = ORIENTED_EDGE('',*,*,#4025,.T.);
#4025 = EDGE_CURVE('',#3999,#3551,#4026,.T.);
#4026 = LINE('',#4027,#4028);
#4027 = CARTESIAN_POINT('',(2.4,7.1,11.5));
#4028 = VECTOR('',#4029,1.);
#4029 = DIRECTION('',(0.,1.,0.));
#4030 = ORIENTED_EDGE('',*,*,#3558,.T.);
#4031 = ORIENTED_EDGE('',*,*,#4032,.F.);
#4032 = EDGE_CURVE('',#4033,#3559,#4035,.T.);
#4033 = VERTEX_POINT('',#4034);
#4034 = CARTESIAN_POINT('',(2.4,7.9,11.5));
#4035 = CIRCLE('',#4036,2.);
#4036 = AXIS2_PLACEMENT_3D('',#4037,#4038,#4039);
#4037 = CARTESIAN_POINT('',(4.4,7.9,11.5));
#4038 = DIRECTION('',(0.,0.,1.));
#4039 = DIRECTION('',(1.,0.,0.));
#4040 = ORIENTED_EDGE('',*,*,#4041,.T.);
#4041 = EDGE_CURVE('',#4033,#4042,#4044,.T.);
#4042 = VERTEX_POINT('',#4043);
#4043 = CARTESIAN_POINT('',(2.4,25.9,11.5));
#4044 = LINE('',#4045,#4046);
#4045 = CARTESIAN_POINT('',(2.4,16.4,11.5));
#4046 = VECTOR('',#4047,1.);
#4047 = DIRECTION('',(0.,1.,0.));
#4048 = ORIENTED_EDGE('',*,*,#4049,.F.);
#4049 = EDGE_CURVE('',#3375,#4042,#4050,.T.);
#4050 = CIRCLE('',#4051,2.);
#4051 = AXIS2_PLACEMENT_3D('',#4052,#4053,#4054);
#4052 = CARTESIAN_POINT('',(4.4,25.9,11.5));
#4053 = DIRECTION('',(0.,0.,1.));
#4054 = DIRECTION('',(1.,0.,0.));
#4055 = ORIENTED_EDGE('',*,*,#3382,.T.);
#4056 = ORIENTED_EDGE('',*,*,#4057,.T.);
#4057 = EDGE_CURVE('',#3383,#3929,#4058,.T.);
#4058 = LINE('',#4059,#4060);
#4059 = CARTESIAN_POINT('',(2.4,17.4,11.5));
#4060 = VECTOR('',#4061,1.);
#4061 = DIRECTION('',(0.,1.,0.));
#4062 = PLANE('',#4063);
#4063 = AXIS2_PLACEMENT_3D('',#4064,#4065,#4066);
#4064 = CARTESIAN_POINT('',(-1.,6.9,11.5));
#4065 = DIRECTION('',(0.,0.,1.));
#4066 = DIRECTION('',(0.,1.,0.));
#4067 = ADVANCED_FACE('',(#4068),#4093,.T.);
#4068 = FACE_BOUND('',#4069,.T.);
#4069 = EDGE_LOOP('',(#4070,#4078,#4079,#4087));
#4070 = ORIENTED_EDGE('',*,*,#4071,.F.);
#4071 = EDGE_CURVE('',#2171,#4072,#4074,.T.);
#4072 = VERTEX_POINT('',#4073);
#4073 = CARTESIAN_POINT('',(2.4,26.9,9.5));
#4074 = LINE('',#4075,#4076);
#4075 = CARTESIAN_POINT('',(-1.,26.9,9.5));
#4076 = VECTOR('',#4077,1.);
#4077 = DIRECTION('',(1.,0.,0.));
#4078 = ORIENTED_EDGE('',*,*,#2170,.T.);
#4079 = ORIENTED_EDGE('',*,*,#4080,.T.);
#4080 = EDGE_CURVE('',#2173,#4081,#4083,.T.);
#4081 = VERTEX_POINT('',#4082);
#4082 = CARTESIAN_POINT('',(2.4,26.9,7.5));
#4083 = LINE('',#4084,#4085);
#4084 = CARTESIAN_POINT('',(-1.,26.9,7.5));
#4085 = VECTOR('',#4086,1.);
#4086 = DIRECTION('',(1.,0.,0.));
#4087 = ORIENTED_EDGE('',*,*,#4088,.T.);
#4088 = EDGE_CURVE('',#4081,#4072,#4089,.T.);
#4089 = LINE('',#4090,#4091);
#4090 = CARTESIAN_POINT('',(2.4,26.9,3.75));
#4091 = VECTOR('',#4092,1.);
#4092 = DIRECTION('',(0.,0.,1.));
#4093 = PLANE('',#4094);
#4094 = AXIS2_PLACEMENT_3D('',#4095,#4096,#4097);
#4095 = CARTESIAN_POINT('',(-1.,26.9,7.5));
#4096 = DIRECTION('',(0.,-1.,0.));
#4097 = DIRECTION('',(0.,0.,1.));
#4098 = ADVANCED_FACE('',(#4099),#4149,.T.);
#4099 = FACE_BOUND('',#4100,.T.);
#4100 = EDGE_LOOP('',(#4101,#4109,#4110,#4111,#4117,#4118,#4127,#4135,
    #4142,#4143));
#4101 = ORIENTED_EDGE('',*,*,#4102,.F.);
#4102 = EDGE_CURVE('',#2189,#4103,#4105,.T.);
#4103 = VERTEX_POINT('',#4104);
#4104 = CARTESIAN_POINT('',(2.4,6.9,9.5));
#4105 = LINE('',#4106,#4107);
#4106 = CARTESIAN_POINT('',(-1.,6.9,9.5));
#4107 = VECTOR('',#4108,1.);
#4108 = DIRECTION('',(1.,0.,0.));
#4109 = ORIENTED_EDGE('',*,*,#2196,.T.);
#4110 = ORIENTED_EDGE('',*,*,#4071,.T.);
#4111 = ORIENTED_EDGE('',*,*,#4112,.T.);
#4112 = EDGE_CURVE('',#4072,#3359,#4113,.T.);
#4113 = LINE('',#4114,#4115);
#4114 = CARTESIAN_POINT('',(2.4,27.4,9.5));
#4115 = VECTOR('',#4116,1.);
#4116 = DIRECTION('',(0.,-1.,0.));
#4117 = ORIENTED_EDGE('',*,*,#3366,.T.);
#4118 = ORIENTED_EDGE('',*,*,#4119,.T.);
#4119 = EDGE_CURVE('',#3367,#4120,#4122,.T.);
#4120 = VERTEX_POINT('',#4121);
#4121 = CARTESIAN_POINT('',(2.4,25.9,9.5));
#4122 = CIRCLE('',#4123,2.);
#4123 = AXIS2_PLACEMENT_3D('',#4124,#4125,#4126);
#4124 = CARTESIAN_POINT('',(4.4,25.9,9.5));
#4125 = DIRECTION('',(0.,0.,1.));
#4126 = DIRECTION('',(1.,0.,0.));
#4127 = ORIENTED_EDGE('',*,*,#4128,.T.);
#4128 = EDGE_CURVE('',#4120,#4129,#4131,.T.);
#4129 = VERTEX_POINT('',#4130);
#4130 = CARTESIAN_POINT('',(2.4,7.9,9.5));
#4131 = LINE('',#4132,#4133);
#4132 = CARTESIAN_POINT('',(2.4,26.4,9.5));
#4133 = VECTOR('',#4134,1.);
#4134 = DIRECTION('',(-0.,-1.,-0.));
#4135 = ORIENTED_EDGE('',*,*,#4136,.T.);
#4136 = EDGE_CURVE('',#4129,#3567,#4137,.T.);
#4137 = CIRCLE('',#4138,2.);
#4138 = AXIS2_PLACEMENT_3D('',#4139,#4140,#4141);
#4139 = CARTESIAN_POINT('',(4.4,7.9,9.5));
#4140 = DIRECTION('',(0.,0.,1.));
#4141 = DIRECTION('',(1.,0.,0.));
#4142 = ORIENTED_EDGE('',*,*,#3574,.T.);
#4143 = ORIENTED_EDGE('',*,*,#4144,.T.);
#4144 = EDGE_CURVE('',#3575,#4103,#4145,.T.);
#4145 = LINE('',#4146,#4147);
#4146 = CARTESIAN_POINT('',(2.4,17.1,9.5));
#4147 = VECTOR('',#4148,1.);
#4148 = DIRECTION('',(0.,-1.,0.));
#4149 = PLANE('',#4150);
#4150 = AXIS2_PLACEMENT_3D('',#4151,#4152,#4153);
#4151 = CARTESIAN_POINT('',(-1.,26.9,9.5));
#4152 = DIRECTION('',(0.,0.,-1.));
#4153 = DIRECTION('',(0.,-1.,0.));
#4154 = ADVANCED_FACE('',(#4155),#4173,.T.);
#4155 = FACE_BOUND('',#4156,.T.);
#4156 = EDGE_LOOP('',(#4157,#4165,#4166,#4167));
#4157 = ORIENTED_EDGE('',*,*,#4158,.F.);
#4158 = EDGE_CURVE('',#2181,#4159,#4161,.T.);
#4159 = VERTEX_POINT('',#4160);
#4160 = CARTESIAN_POINT('',(2.4,6.9,7.5));
#4161 = LINE('',#4162,#4163);
#4162 = CARTESIAN_POINT('',(-1.,6.9,7.5));
#4163 = VECTOR('',#4164,1.);
#4164 = DIRECTION('',(1.,0.,0.));
#4165 = ORIENTED_EDGE('',*,*,#2188,.T.);
#4166 = ORIENTED_EDGE('',*,*,#4102,.T.);
#4167 = ORIENTED_EDGE('',*,*,#4168,.T.);
#4168 = EDGE_CURVE('',#4103,#4159,#4169,.T.);
#4169 = LINE('',#4170,#4171);
#4170 = CARTESIAN_POINT('',(2.4,6.9,4.75));
#4171 = VECTOR('',#4172,1.);
#4172 = DIRECTION('',(0.,0.,-1.));
#4173 = PLANE('',#4174);
#4174 = AXIS2_PLACEMENT_3D('',#4175,#4176,#4177);
#4175 = CARTESIAN_POINT('',(-1.,6.9,9.5));
#4176 = DIRECTION('',(0.,1.,0.));
#4177 = DIRECTION('',(0.,0.,-1.));
#4178 = ADVANCED_FACE('',(#4179),#4222,.T.);
#4179 = FACE_BOUND('',#4180,.T.);
#4180 = EDGE_LOOP('',(#4181,#4182,#4183,#4184,#4190,#4191,#4200,#4208,
    #4215,#4216));
#4181 = ORIENTED_EDGE('',*,*,#4080,.F.);
#4182 = ORIENTED_EDGE('',*,*,#2180,.T.);
#4183 = ORIENTED_EDGE('',*,*,#4158,.T.);
#4184 = ORIENTED_EDGE('',*,*,#4185,.T.);
#4185 = EDGE_CURVE('',#4159,#3583,#4186,.T.);
#4186 = LINE('',#4187,#4188);
#4187 = CARTESIAN_POINT('',(2.4,7.1,7.5));
#4188 = VECTOR('',#4189,1.);
#4189 = DIRECTION('',(0.,1.,0.));
#4190 = ORIENTED_EDGE('',*,*,#3590,.T.);
#4191 = ORIENTED_EDGE('',*,*,#4192,.F.);
#4192 = EDGE_CURVE('',#4193,#3591,#4195,.T.);
#4193 = VERTEX_POINT('',#4194);
#4194 = CARTESIAN_POINT('',(2.4,7.9,7.5));
#4195 = CIRCLE('',#4196,2.);
#4196 = AXIS2_PLACEMENT_3D('',#4197,#4198,#4199);
#4197 = CARTESIAN_POINT('',(4.4,7.9,7.5));
#4198 = DIRECTION('',(0.,0.,1.));
#4199 = DIRECTION('',(1.,0.,0.));
#4200 = ORIENTED_EDGE('',*,*,#4201,.T.);
#4201 = EDGE_CURVE('',#4193,#4202,#4204,.T.);
#4202 = VERTEX_POINT('',#4203);
#4203 = CARTESIAN_POINT('',(2.4,25.9,7.5));
#4204 = LINE('',#4205,#4206);
#4205 = CARTESIAN_POINT('',(2.4,16.4,7.5));
#4206 = VECTOR('',#4207,1.);
#4207 = DIRECTION('',(0.,1.,0.));
#4208 = ORIENTED_EDGE('',*,*,#4209,.F.);
#4209 = EDGE_CURVE('',#3343,#4202,#4210,.T.);
#4210 = CIRCLE('',#4211,2.);
#4211 = AXIS2_PLACEMENT_3D('',#4212,#4213,#4214);
#4212 = CARTESIAN_POINT('',(4.4,25.9,7.5));
#4213 = DIRECTION('',(0.,0.,1.));
#4214 = DIRECTION('',(1.,0.,0.));
#4215 = ORIENTED_EDGE('',*,*,#3350,.T.);
#4216 = ORIENTED_EDGE('',*,*,#4217,.T.);
#4217 = EDGE_CURVE('',#3351,#4081,#4218,.T.);
#4218 = LINE('',#4219,#4220);
#4219 = CARTESIAN_POINT('',(2.4,17.4,7.5));
#4220 = VECTOR('',#4221,1.);
#4221 = DIRECTION('',(0.,1.,0.));
#4222 = PLANE('',#4223);
#4223 = AXIS2_PLACEMENT_3D('',#4224,#4225,#4226);
#4224 = CARTESIAN_POINT('',(-1.,6.9,7.5));
#4225 = DIRECTION('',(0.,0.,1.));
#4226 = DIRECTION('',(0.,1.,0.));
#4227 = ADVANCED_FACE('',(#4228),#4253,.T.);
#4228 = FACE_BOUND('',#4229,.T.);
#4229 = EDGE_LOOP('',(#4230,#4238,#4239,#4247));
#4230 = ORIENTED_EDGE('',*,*,#4231,.F.);
#4231 = EDGE_CURVE('',#2205,#4232,#4234,.T.);
#4232 = VERTEX_POINT('',#4233);
#4233 = CARTESIAN_POINT('',(2.4,26.9,5.5));
#4234 = LINE('',#4235,#4236);
#4235 = CARTESIAN_POINT('',(-1.,26.9,5.5));
#4236 = VECTOR('',#4237,1.);
#4237 = DIRECTION('',(1.,0.,0.));
#4238 = ORIENTED_EDGE('',*,*,#2204,.T.);
#4239 = ORIENTED_EDGE('',*,*,#4240,.T.);
#4240 = EDGE_CURVE('',#2207,#4241,#4243,.T.);
#4241 = VERTEX_POINT('',#4242);
#4242 = CARTESIAN_POINT('',(2.4,26.9,3.5));
#4243 = LINE('',#4244,#4245);
#4244 = CARTESIAN_POINT('',(-1.,26.9,3.5));
#4245 = VECTOR('',#4246,1.);
#4246 = DIRECTION('',(1.,0.,0.));
#4247 = ORIENTED_EDGE('',*,*,#4248,.T.);
#4248 = EDGE_CURVE('',#4241,#4232,#4249,.T.);
#4249 = LINE('',#4250,#4251);
#4250 = CARTESIAN_POINT('',(2.4,26.9,1.75));
#4251 = VECTOR('',#4252,1.);
#4252 = DIRECTION('',(0.,0.,1.));
#4253 = PLANE('',#4254);
#4254 = AXIS2_PLACEMENT_3D('',#4255,#4256,#4257);
#4255 = CARTESIAN_POINT('',(-1.,26.9,3.5));
#4256 = DIRECTION('',(0.,-1.,0.));
#4257 = DIRECTION('',(0.,0.,1.));
#4258 = ADVANCED_FACE('',(#4259),#4309,.T.);
#4259 = FACE_BOUND('',#4260,.T.);
#4260 = EDGE_LOOP('',(#4261,#4269,#4270,#4271,#4277,#4278,#4287,#4295,
    #4302,#4303));
#4261 = ORIENTED_EDGE('',*,*,#4262,.F.);
#4262 = EDGE_CURVE('',#2223,#4263,#4265,.T.);
#4263 = VERTEX_POINT('',#4264);
#4264 = CARTESIAN_POINT('',(2.4,6.9,5.5));
#4265 = LINE('',#4266,#4267);
#4266 = CARTESIAN_POINT('',(-1.,6.9,5.5));
#4267 = VECTOR('',#4268,1.);
#4268 = DIRECTION('',(1.,0.,0.));
#4269 = ORIENTED_EDGE('',*,*,#2230,.T.);
#4270 = ORIENTED_EDGE('',*,*,#4231,.T.);
#4271 = ORIENTED_EDGE('',*,*,#4272,.T.);
#4272 = EDGE_CURVE('',#4232,#3327,#4273,.T.);
#4273 = LINE('',#4274,#4275);
#4274 = CARTESIAN_POINT('',(2.4,27.4,5.5));
#4275 = VECTOR('',#4276,1.);
#4276 = DIRECTION('',(0.,-1.,0.));
#4277 = ORIENTED_EDGE('',*,*,#3334,.T.);
#4278 = ORIENTED_EDGE('',*,*,#4279,.T.);
#4279 = EDGE_CURVE('',#3335,#4280,#4282,.T.);
#4280 = VERTEX_POINT('',#4281);
#4281 = CARTESIAN_POINT('',(2.4,25.9,5.5));
#4282 = CIRCLE('',#4283,2.);
#4283 = AXIS2_PLACEMENT_3D('',#4284,#4285,#4286);
#4284 = CARTESIAN_POINT('',(4.4,25.9,5.5));
#4285 = DIRECTION('',(0.,0.,1.));
#4286 = DIRECTION('',(1.,0.,0.));
#4287 = ORIENTED_EDGE('',*,*,#4288,.T.);
#4288 = EDGE_CURVE('',#4280,#4289,#4291,.T.);
#4289 = VERTEX_POINT('',#4290);
#4290 = CARTESIAN_POINT('',(2.4,7.9,5.5));
#4291 = LINE('',#4292,#4293);
#4292 = CARTESIAN_POINT('',(2.4,26.4,5.5));
#4293 = VECTOR('',#4294,1.);
#4294 = DIRECTION('',(-0.,-1.,-0.));
#4295 = ORIENTED_EDGE('',*,*,#4296,.T.);
#4296 = EDGE_CURVE('',#4289,#3599,#4297,.T.);
#4297 = CIRCLE('',#4298,2.);
#4298 = AXIS2_PLACEMENT_3D('',#4299,#4300,#4301);
#4299 = CARTESIAN_POINT('',(4.4,7.9,5.5));
#4300 = DIRECTION('',(0.,0.,1.));
#4301 = DIRECTION('',(1.,0.,0.));
#4302 = ORIENTED_EDGE('',*,*,#3606,.T.);
#4303 = ORIENTED_EDGE('',*,*,#4304,.T.);
#4304 = EDGE_CURVE('',#3607,#4263,#4305,.T.);
#4305 = LINE('',#4306,#4307);
#4306 = CARTESIAN_POINT('',(2.4,17.1,5.5));
#4307 = VECTOR('',#4308,1.);
#4308 = DIRECTION('',(0.,-1.,0.));
#4309 = PLANE('',#4310);
#4310 = AXIS2_PLACEMENT_3D('',#4311,#4312,#4313);
#4311 = CARTESIAN_POINT('',(-1.,26.9,5.5));
#4312 = DIRECTION('',(0.,0.,-1.));
#4313 = DIRECTION('',(0.,-1.,0.));
#4314 = ADVANCED_FACE('',(#4315),#4344,.T.);
#4315 = FACE_BOUND('',#4316,.T.);
#4316 = EDGE_LOOP('',(#4317,#4318,#4319,#4327,#4333,#4334,#4335,#4336,
    #4337,#4338));
#4317 = ORIENTED_EDGE('',*,*,#4240,.F.);
#4318 = ORIENTED_EDGE('',*,*,#2214,.T.);
#4319 = ORIENTED_EDGE('',*,*,#4320,.T.);
#4320 = EDGE_CURVE('',#2215,#4321,#4323,.T.);
#4321 = VERTEX_POINT('',#4322);
#4322 = CARTESIAN_POINT('',(2.4,6.9,3.5));
#4323 = LINE('',#4324,#4325);
#4324 = CARTESIAN_POINT('',(-1.,6.9,3.5));
#4325 = VECTOR('',#4326,1.);
#4326 = DIRECTION('',(1.,0.,0.));
#4327 = ORIENTED_EDGE('',*,*,#4328,.T.);
#4328 = EDGE_CURVE('',#4321,#3615,#4329,.T.);
#4329 = LINE('',#4330,#4331);
#4330 = CARTESIAN_POINT('',(2.4,7.1,3.5));
#4331 = VECTOR('',#4332,1.);
#4332 = DIRECTION('',(0.,1.,0.));
#4333 = ORIENTED_EDGE('',*,*,#3622,.T.);
#4334 = ORIENTED_EDGE('',*,*,#3485,.F.);
#4335 = ORIENTED_EDGE('',*,*,#3460,.T.);
#4336 = ORIENTED_EDGE('',*,*,#3437,.F.);
#4337 = ORIENTED_EDGE('',*,*,#3316,.T.);
#4338 = ORIENTED_EDGE('',*,*,#4339,.T.);
#4339 = EDGE_CURVE('',#3319,#4241,#4340,.T.);
#4340 = LINE('',#4341,#4342);
#4341 = CARTESIAN_POINT('',(2.4,17.4,3.5));
#4342 = VECTOR('',#4343,1.);
#4343 = DIRECTION('',(0.,1.,0.));
#4344 = PLANE('',#4345);
#4345 = AXIS2_PLACEMENT_3D('',#4346,#4347,#4348);
#4346 = CARTESIAN_POINT('',(-1.,6.9,3.5));
#4347 = DIRECTION('',(0.,0.,1.));
#4348 = DIRECTION('',(0.,1.,0.));
#4349 = ADVANCED_FACE('',(#4350),#4361,.T.);
#4350 = FACE_BOUND('',#4351,.T.);
#4351 = EDGE_LOOP('',(#4352,#4353,#4354,#4355));
#4352 = ORIENTED_EDGE('',*,*,#4320,.F.);
#4353 = ORIENTED_EDGE('',*,*,#2222,.T.);
#4354 = ORIENTED_EDGE('',*,*,#4262,.T.);
#4355 = ORIENTED_EDGE('',*,*,#4356,.T.);
#4356 = EDGE_CURVE('',#4263,#4321,#4357,.T.);
#4357 = LINE('',#4358,#4359);
#4358 = CARTESIAN_POINT('',(2.4,6.9,2.75));
#4359 = VECTOR('',#4360,1.);
#4360 = DIRECTION('',(0.,0.,-1.));
#4361 = PLANE('',#4362);
#4362 = AXIS2_PLACEMENT_3D('',#4363,#4364,#4365);
#4363 = CARTESIAN_POINT('',(-1.,6.9,5.5));
#4364 = DIRECTION('',(0.,1.,0.));
#4365 = DIRECTION('',(0.,0.,-1.));
#4366 = ADVANCED_FACE('',(#4367),#4373,.F.);
#4367 = FACE_BOUND('',#4368,.F.);
#4368 = EDGE_LOOP('',(#4369,#4370,#4371,#4372));
#4369 = ORIENTED_EDGE('',*,*,#2340,.T.);
#4370 = ORIENTED_EDGE('',*,*,#2373,.F.);
#4371 = ORIENTED_EDGE('',*,*,#3222,.F.);
#4372 = ORIENTED_EDGE('',*,*,#2318,.T.);
#4373 = PLANE('',#4374);
#4374 = AXIS2_PLACEMENT_3D('',#4375,#4376,#4377);
#4375 = CARTESIAN_POINT('',(33.095591647332,20.112877030162,19.3));
#4376 = DIRECTION('',(0.,0.,1.));
#4377 = DIRECTION('',(1.,0.,0.));
#4378 = ADVANCED_FACE('',(#4379),#4397,.T.);
#4379 = FACE_BOUND('',#4380,.T.);
#4380 = EDGE_LOOP('',(#4381,#4389,#4395,#4396));
#4381 = ORIENTED_EDGE('',*,*,#4382,.F.);
#4382 = EDGE_CURVE('',#4383,#3655,#4385,.T.);
#4383 = VERTEX_POINT('',#4384);
#4384 = CARTESIAN_POINT('',(14.4,2.9,19.5));
#4385 = LINE('',#4386,#4387);
#4386 = CARTESIAN_POINT('',(14.4,3.65,19.5));
#4387 = VECTOR('',#4388,1.);
#4388 = DIRECTION('',(0.,1.,0.));
#4389 = ORIENTED_EDGE('',*,*,#4390,.T.);
#4390 = EDGE_CURVE('',#4383,#2406,#4391,.T.);
#4391 = LINE('',#4392,#4393);
#4392 = CARTESIAN_POINT('',(11.4,2.9,19.5));
#4393 = VECTOR('',#4394,1.);
#4394 = DIRECTION('',(1.,0.,0.));
#4395 = ORIENTED_EDGE('',*,*,#2405,.T.);
#4396 = ORIENTED_EDGE('',*,*,#3654,.F.);
#4397 = PLANE('',#4398);
#4398 = AXIS2_PLACEMENT_3D('',#4399,#4400,#4401);
#4399 = CARTESIAN_POINT('',(43.,4.4,19.5));
#4400 = DIRECTION('',(0.,0.,1.));
#4401 = DIRECTION('',(1.,0.,0.));
#4402 = ADVANCED_FACE('',(#4403),#4421,.F.);
#4403 = FACE_BOUND('',#4404,.F.);
#4404 = EDGE_LOOP('',(#4405,#4406,#4407,#4415));
#4405 = ORIENTED_EDGE('',*,*,#2421,.T.);
#4406 = ORIENTED_EDGE('',*,*,#2469,.T.);
#4407 = ORIENTED_EDGE('',*,*,#4408,.F.);
#4408 = EDGE_CURVE('',#4409,#2462,#4411,.T.);
#4409 = VERTEX_POINT('',#4410);
#4410 = CARTESIAN_POINT('',(71.6,2.9,30.));
#4411 = LINE('',#4412,#4413);
#4412 = CARTESIAN_POINT('',(71.6,2.9,30.));
#4413 = VECTOR('',#4414,1.);
#4414 = DIRECTION('',(0.,1.,-2.22044604925E-16));
#4415 = ORIENTED_EDGE('',*,*,#4416,.F.);
#4416 = EDGE_CURVE('',#2414,#4409,#4417,.T.);
#4417 = LINE('',#4418,#4419);
#4418 = CARTESIAN_POINT('',(74.6,2.9,30.));
#4419 = VECTOR('',#4420,1.);
#4420 = DIRECTION('',(-1.,0.,0.));
#4421 = PLANE('',#4422);
#4422 = AXIS2_PLACEMENT_3D('',#4423,#4424,#4425);
#4423 = CARTESIAN_POINT('',(74.6,2.9,30.));
#4424 = DIRECTION('',(0.,2.22044604925E-16,1.));
#4425 = DIRECTION('',(-1.,0.,0.));
#4426 = ADVANCED_FACE('',(#4427),#4445,.F.);
#4427 = FACE_BOUND('',#4428,.F.);
#4428 = EDGE_LOOP('',(#4429,#4437,#4438,#4439));
#4429 = ORIENTED_EDGE('',*,*,#4430,.F.);
#4430 = EDGE_CURVE('',#4409,#4431,#4433,.T.);
#4431 = VERTEX_POINT('',#4432);
#4432 = CARTESIAN_POINT('',(71.6,2.9,22.5));
#4433 = LINE('',#4434,#4435);
#4434 = CARTESIAN_POINT('',(71.6,2.9,30.));
#4435 = VECTOR('',#4436,1.);
#4436 = DIRECTION('',(0.,-2.22044604925E-16,-1.));
#4437 = ORIENTED_EDGE('',*,*,#4408,.T.);
#4438 = ORIENTED_EDGE('',*,*,#2461,.T.);
#4439 = ORIENTED_EDGE('',*,*,#4440,.T.);
#4440 = EDGE_CURVE('',#2454,#4431,#4441,.T.);
#4441 = LINE('',#4442,#4443);
#4442 = CARTESIAN_POINT('',(71.6,2.9,22.5));
#4443 = VECTOR('',#4444,1.);
#4444 = DIRECTION('',(0.,-1.,2.22044604925E-16));
#4445 = PLANE('',#4446);
#4446 = AXIS2_PLACEMENT_3D('',#4447,#4448,#4449);
#4447 = CARTESIAN_POINT('',(71.6,2.9,30.));
#4448 = DIRECTION('',(-1.,0.,0.));
#4449 = DIRECTION('',(0.,-2.22044604925E-16,-1.));
#4450 = ADVANCED_FACE('',(#4451),#4457,.F.);
#4451 = FACE_BOUND('',#4452,.F.);
#4452 = EDGE_LOOP('',(#4453,#4454,#4455,#4456));
#4453 = ORIENTED_EDGE('',*,*,#2577,.T.);
#4454 = ORIENTED_EDGE('',*,*,#2500,.F.);
#4455 = ORIENTED_EDGE('',*,*,#2529,.T.);
#4456 = ORIENTED_EDGE('',*,*,#2563,.T.);
#4457 = PLANE('',#4458);
#4458 = AXIS2_PLACEMENT_3D('',#4459,#4460,#4461);
#4459 = CARTESIAN_POINT('',(33.095591647332,20.112877030162,19.3));
#4460 = DIRECTION('',(0.,0.,1.));
#4461 = DIRECTION('',(1.,0.,0.));
#4462 = ADVANCED_FACE('',(#4463),#4475,.T.);
#4463 = FACE_BOUND('',#4464,.T.);
#4464 = EDGE_LOOP('',(#4465,#4471,#4472,#4473,#4474));
#4465 = ORIENTED_EDGE('',*,*,#4466,.T.);
#4466 = EDGE_CURVE('',#3511,#3898,#4467,.T.);
#4467 = LINE('',#4468,#4469);
#4468 = CARTESIAN_POINT('',(2.4,7.3,19.2));
#4469 = VECTOR('',#4470,1.);
#4470 = DIRECTION('',(0.,-1.,0.));
#4471 = ORIENTED_EDGE('',*,*,#3897,.T.);
#4472 = ORIENTED_EDGE('',*,*,#2620,.T.);
#4473 = ORIENTED_EDGE('',*,*,#3639,.T.);
#4474 = ORIENTED_EDGE('',*,*,#3510,.T.);
#4475 = PLANE('',#4476);
#4476 = AXIS2_PLACEMENT_3D('',#4477,#4478,#4479);
#4477 = CARTESIAN_POINT('',(2.875,16.9,19.2));
#4478 = DIRECTION('',(0.,0.,1.));
#4479 = DIRECTION('',(1.,0.,0.));
#4480 = ADVANCED_FACE('',(#4481),#4492,.F.);
#4481 = FACE_BOUND('',#4482,.F.);
#4482 = EDGE_LOOP('',(#4483,#4489,#4490,#4491));
#4483 = ORIENTED_EDGE('',*,*,#4484,.F.);
#4484 = EDGE_CURVE('',#3870,#3969,#4485,.T.);
#4485 = LINE('',#4486,#4487);
#4486 = CARTESIAN_POINT('',(2.4,7.9,36.));
#4487 = VECTOR('',#4488,1.);
#4488 = DIRECTION('',(-0.,-0.,-1.));
#4489 = ORIENTED_EDGE('',*,*,#3878,.T.);
#4490 = ORIENTED_EDGE('',*,*,#2711,.T.);
#4491 = ORIENTED_EDGE('',*,*,#3968,.T.);
#4492 = PLANE('',#4493);
#4493 = AXIS2_PLACEMENT_3D('',#4494,#4495,#4496);
#4494 = CARTESIAN_POINT('',(2.4,25.9,36.));
#4495 = DIRECTION('',(-1.,0.,0.));
#4496 = DIRECTION('',(0.,-1.,0.));
#4497 = ADVANCED_FACE('',(#4498),#4503,.T.);
#4498 = FACE_BOUND('',#4499,.T.);
#4499 = EDGE_LOOP('',(#4500,#4501,#4502));
#4500 = ORIENTED_EDGE('',*,*,#2685,.T.);
#4501 = ORIENTED_EDGE('',*,*,#3405,.T.);
#4502 = ORIENTED_EDGE('',*,*,#3301,.T.);
#4503 = PLANE('',#4504);
#4504 = AXIS2_PLACEMENT_3D('',#4505,#4506,#4507);
#4505 = CARTESIAN_POINT('',(2.875,16.9,19.2));
#4506 = DIRECTION('',(0.,0.,1.));
#4507 = DIRECTION('',(1.,0.,0.));
#4508 = ADVANCED_FACE('',(#4509),#4517,.F.);
#4509 = FACE_BOUND('',#4510,.F.);
#4510 = EDGE_LOOP('',(#4511,#4512,#4513,#4514,#4515,#4516));
#4511 = ORIENTED_EDGE('',*,*,#2785,.T.);
#4512 = ORIENTED_EDGE('',*,*,#2819,.T.);
#4513 = ORIENTED_EDGE('',*,*,#2843,.T.);
#4514 = ORIENTED_EDGE('',*,*,#2873,.T.);
#4515 = ORIENTED_EDGE('',*,*,#3696,.F.);
#4516 = ORIENTED_EDGE('',*,*,#2763,.F.);
#4517 = PLANE('',#4518);
#4518 = AXIS2_PLACEMENT_3D('',#4519,#4520,#4521);
#4519 = CARTESIAN_POINT('',(33.095591647332,20.112877030162,19.3));
#4520 = DIRECTION('',(0.,0.,1.));
#4521 = DIRECTION('',(1.,0.,0.));
#4522 = ADVANCED_FACE('',(#4523),#4529,.F.);
#4523 = FACE_BOUND('',#4524,.F.);
#4524 = EDGE_LOOP('',(#4525,#4526,#4527,#4528));
#4525 = ORIENTED_EDGE('',*,*,#2938,.T.);
#4526 = ORIENTED_EDGE('',*,*,#2962,.T.);
#4527 = ORIENTED_EDGE('',*,*,#3239,.F.);
#4528 = ORIENTED_EDGE('',*,*,#2916,.F.);
#4529 = PLANE('',#4530);
#4530 = AXIS2_PLACEMENT_3D('',#4531,#4532,#4533);
#4531 = CARTESIAN_POINT('',(33.095591647332,20.112877030162,19.3));
#4532 = DIRECTION('',(0.,0.,1.));
#4533 = DIRECTION('',(1.,0.,0.));
#4534 = ADVANCED_FACE('',(#4535),#4538,.T.);
#4535 = FACE_BOUND('',#4536,.T.);
#4536 = EDGE_LOOP('',(#4537));
#4537 = ORIENTED_EDGE('',*,*,#3042,.T.);
#4538 = PLANE('',#4539);
#4539 = AXIS2_PLACEMENT_3D('',#4540,#4541,#4542);
#4540 = CARTESIAN_POINT('',(43.,16.9,32.4));
#4541 = DIRECTION('',(0.,0.,1.));
#4542 = DIRECTION('',(1.,0.,0.));
#4543 = ADVANCED_FACE('',(#4544),#4547,.T.);
#4544 = FACE_BOUND('',#4545,.T.);
#4545 = EDGE_LOOP('',(#4546));
#4546 = ORIENTED_EDGE('',*,*,#3067,.T.);
#4547 = PLANE('',#4548);
#4548 = AXIS2_PLACEMENT_3D('',#4549,#4550,#4551);
#4549 = CARTESIAN_POINT('',(43.,16.9,32.4));
#4550 = DIRECTION('',(0.,0.,1.));
#4551 = DIRECTION('',(1.,0.,0.));
#4552 = ADVANCED_FACE('',(#4553),#4556,.T.);
#4553 = FACE_BOUND('',#4554,.T.);
#4554 = EDGE_LOOP('',(#4555));
#4555 = ORIENTED_EDGE('',*,*,#3092,.T.);
#4556 = PLANE('',#4557);
#4557 = AXIS2_PLACEMENT_3D('',#4558,#4559,#4560);
#4558 = CARTESIAN_POINT('',(43.,16.9,32.4));
#4559 = DIRECTION('',(0.,0.,1.));
#4560 = DIRECTION('',(1.,0.,0.));
#4561 = ADVANCED_FACE('',(#4562),#4565,.T.);
#4562 = FACE_BOUND('',#4563,.T.);
#4563 = EDGE_LOOP('',(#4564));
#4564 = ORIENTED_EDGE('',*,*,#3117,.T.);
#4565 = PLANE('',#4566);
#4566 = AXIS2_PLACEMENT_3D('',#4567,#4568,#4569);
#4567 = CARTESIAN_POINT('',(43.,16.9,32.4));
#4568 = DIRECTION('',(0.,0.,1.));
#4569 = DIRECTION('',(1.,0.,0.));
#4570 = ADVANCED_FACE('',(#4571),#4577,.F.);
#4571 = FACE_BOUND('',#4572,.F.);
#4572 = EDGE_LOOP('',(#4573,#4574,#4575,#4576));
#4573 = ORIENTED_EDGE('',*,*,#3960,.T.);
#4574 = ORIENTED_EDGE('',*,*,#3390,.F.);
#4575 = ORIENTED_EDGE('',*,*,#4057,.T.);
#4576 = ORIENTED_EDGE('',*,*,#3936,.T.);
#4577 = PLANE('',#4578);
#4578 = AXIS2_PLACEMENT_3D('',#4579,#4580,#4581);
#4579 = CARTESIAN_POINT('',(2.4,27.9,0.));
#4580 = DIRECTION('',(1.,0.,0.));
#4581 = DIRECTION('',(0.,-1.,0.));
#4582 = ADVANCED_FACE('',(#4583),#4594,.F.);
#4583 = FACE_BOUND('',#4584,.F.);
#4584 = EDGE_LOOP('',(#4585,#4586,#4587,#4588));
#4585 = ORIENTED_EDGE('',*,*,#4049,.F.);
#4586 = ORIENTED_EDGE('',*,*,#3374,.F.);
#4587 = ORIENTED_EDGE('',*,*,#4119,.T.);
#4588 = ORIENTED_EDGE('',*,*,#4589,.F.);
#4589 = EDGE_CURVE('',#4042,#4120,#4590,.T.);
#4590 = LINE('',#4591,#4592);
#4591 = CARTESIAN_POINT('',(2.4,25.9,36.));
#4592 = VECTOR('',#4593,1.);
#4593 = DIRECTION('',(-0.,-0.,-1.));
#4594 = CYLINDRICAL_SURFACE('',#4595,2.);
#4595 = AXIS2_PLACEMENT_3D('',#4596,#4597,#4598);
#4596 = CARTESIAN_POINT('',(4.4,25.9,36.));
#4597 = DIRECTION('',(0.,0.,1.));
#4598 = DIRECTION('',(1.,0.,0.));
#4599 = ADVANCED_FACE('',(#4600),#4606,.F.);
#4600 = FACE_BOUND('',#4601,.F.);
#4601 = EDGE_LOOP('',(#4602,#4603,#4604,#4605));
#4602 = ORIENTED_EDGE('',*,*,#3358,.F.);
#4603 = ORIENTED_EDGE('',*,*,#4217,.T.);
#4604 = ORIENTED_EDGE('',*,*,#4088,.T.);
#4605 = ORIENTED_EDGE('',*,*,#4112,.T.);
#4606 = PLANE('',#4607);
#4607 = AXIS2_PLACEMENT_3D('',#4608,#4609,#4610);
#4608 = CARTESIAN_POINT('',(2.4,27.9,0.));
#4609 = DIRECTION('',(1.,0.,0.));
#4610 = DIRECTION('',(0.,-1.,0.));
#4611 = ADVANCED_FACE('',(#4612),#4623,.F.);
#4612 = FACE_BOUND('',#4613,.F.);
#4613 = EDGE_LOOP('',(#4614,#4615,#4616,#4622));
#4614 = ORIENTED_EDGE('',*,*,#3342,.F.);
#4615 = ORIENTED_EDGE('',*,*,#4279,.T.);
#4616 = ORIENTED_EDGE('',*,*,#4617,.F.);
#4617 = EDGE_CURVE('',#4202,#4280,#4618,.T.);
#4618 = LINE('',#4619,#4620);
#4619 = CARTESIAN_POINT('',(2.4,25.9,36.));
#4620 = VECTOR('',#4621,1.);
#4621 = DIRECTION('',(-0.,-0.,-1.));
#4622 = ORIENTED_EDGE('',*,*,#4209,.F.);
#4623 = CYLINDRICAL_SURFACE('',#4624,2.);
#4624 = AXIS2_PLACEMENT_3D('',#4625,#4626,#4627);
#4625 = CARTESIAN_POINT('',(4.4,25.9,36.));
#4626 = DIRECTION('',(0.,0.,1.));
#4627 = DIRECTION('',(1.,0.,0.));
#4628 = ADVANCED_FACE('',(#4629),#4635,.F.);
#4629 = FACE_BOUND('',#4630,.F.);
#4630 = EDGE_LOOP('',(#4631,#4632,#4633,#4634));
#4631 = ORIENTED_EDGE('',*,*,#3326,.F.);
#4632 = ORIENTED_EDGE('',*,*,#4339,.T.);
#4633 = ORIENTED_EDGE('',*,*,#4248,.T.);
#4634 = ORIENTED_EDGE('',*,*,#4272,.T.);
#4635 = PLANE('',#4636);
#4636 = AXIS2_PLACEMENT_3D('',#4637,#4638,#4639);
#4637 = CARTESIAN_POINT('',(2.4,27.9,0.));
#4638 = DIRECTION('',(1.,0.,0.));
#4639 = DIRECTION('',(0.,-1.,0.));
#4640 = ADVANCED_FACE('',(#4641),#4647,.F.);
#4641 = FACE_BOUND('',#4642,.F.);
#4642 = EDGE_LOOP('',(#4643,#4644,#4645,#4646));
#4643 = ORIENTED_EDGE('',*,*,#4328,.T.);
#4644 = ORIENTED_EDGE('',*,*,#3614,.T.);
#4645 = ORIENTED_EDGE('',*,*,#4304,.T.);
#4646 = ORIENTED_EDGE('',*,*,#4356,.T.);
#4647 = PLANE('',#4648);
#4648 = AXIS2_PLACEMENT_3D('',#4649,#4650,#4651);
#4649 = CARTESIAN_POINT('',(2.4,7.3,0.));
#4650 = DIRECTION('',(1.,0.,0.));
#4651 = DIRECTION('',(0.,-1.,0.));
#4652 = ADVANCED_FACE('',(#4653),#4664,.F.);
#4653 = FACE_BOUND('',#4654,.F.);
#4654 = EDGE_LOOP('',(#4655,#4656,#4657,#4658));
#4655 = ORIENTED_EDGE('',*,*,#4296,.T.);
#4656 = ORIENTED_EDGE('',*,*,#3598,.T.);
#4657 = ORIENTED_EDGE('',*,*,#4192,.F.);
#4658 = ORIENTED_EDGE('',*,*,#4659,.T.);
#4659 = EDGE_CURVE('',#4193,#4289,#4660,.T.);
#4660 = LINE('',#4661,#4662);
#4661 = CARTESIAN_POINT('',(2.4,7.9,36.));
#4662 = VECTOR('',#4663,1.);
#4663 = DIRECTION('',(-0.,-0.,-1.));
#4664 = CYLINDRICAL_SURFACE('',#4665,2.);
#4665 = AXIS2_PLACEMENT_3D('',#4666,#4667,#4668);
#4666 = CARTESIAN_POINT('',(4.4,7.9,36.));
#4667 = DIRECTION('',(0.,0.,1.));
#4668 = DIRECTION('',(1.,0.,0.));
#4669 = ADVANCED_FACE('',(#4670),#4676,.F.);
#4670 = FACE_BOUND('',#4671,.F.);
#4671 = EDGE_LOOP('',(#4672,#4673,#4674,#4675));
#4672 = ORIENTED_EDGE('',*,*,#4185,.T.);
#4673 = ORIENTED_EDGE('',*,*,#3582,.T.);
#4674 = ORIENTED_EDGE('',*,*,#4144,.T.);
#4675 = ORIENTED_EDGE('',*,*,#4168,.T.);
#4676 = PLANE('',#4677);
#4677 = AXIS2_PLACEMENT_3D('',#4678,#4679,#4680);
#4678 = CARTESIAN_POINT('',(2.4,7.3,0.));
#4679 = DIRECTION('',(1.,0.,0.));
#4680 = DIRECTION('',(0.,-1.,0.));
#4681 = ADVANCED_FACE('',(#4682),#4693,.F.);
#4682 = FACE_BOUND('',#4683,.F.);
#4683 = EDGE_LOOP('',(#4684,#4685,#4686,#4692));
#4684 = ORIENTED_EDGE('',*,*,#3566,.T.);
#4685 = ORIENTED_EDGE('',*,*,#4032,.F.);
#4686 = ORIENTED_EDGE('',*,*,#4687,.T.);
#4687 = EDGE_CURVE('',#4033,#4129,#4688,.T.);
#4688 = LINE('',#4689,#4690);
#4689 = CARTESIAN_POINT('',(2.4,7.9,36.));
#4690 = VECTOR('',#4691,1.);
#4691 = DIRECTION('',(-0.,-0.,-1.));
#4692 = ORIENTED_EDGE('',*,*,#4136,.T.);
#4693 = CYLINDRICAL_SURFACE('',#4694,2.);
#4694 = AXIS2_PLACEMENT_3D('',#4695,#4696,#4697);
#4695 = CARTESIAN_POINT('',(4.4,7.9,36.));
#4696 = DIRECTION('',(0.,0.,1.));
#4697 = DIRECTION('',(1.,0.,0.));
#4698 = ADVANCED_FACE('',(#4699),#4705,.F.);
#4699 = FACE_BOUND('',#4700,.F.);
#4700 = EDGE_LOOP('',(#4701,#4702,#4703,#4704));
#4701 = ORIENTED_EDGE('',*,*,#4025,.T.);
#4702 = ORIENTED_EDGE('',*,*,#3550,.T.);
#4703 = ORIENTED_EDGE('',*,*,#3984,.T.);
#4704 = ORIENTED_EDGE('',*,*,#4008,.T.);
#4705 = PLANE('',#4706);
#4706 = AXIS2_PLACEMENT_3D('',#4707,#4708,#4709);
#4707 = CARTESIAN_POINT('',(2.4,7.3,0.));
#4708 = DIRECTION('',(1.,0.,0.));
#4709 = DIRECTION('',(0.,-1.,0.));
#4710 = ADVANCED_FACE('',(#4711),#4717,.F.);
#4711 = FACE_BOUND('',#4712,.F.);
#4712 = EDGE_LOOP('',(#4713,#4714,#4715,#4716));
#4713 = ORIENTED_EDGE('',*,*,#3534,.T.);
#4714 = ORIENTED_EDGE('',*,*,#3869,.F.);
#4715 = ORIENTED_EDGE('',*,*,#4484,.T.);
#4716 = ORIENTED_EDGE('',*,*,#3976,.T.);
#4717 = CYLINDRICAL_SURFACE('',#4718,2.);
#4718 = AXIS2_PLACEMENT_3D('',#4719,#4720,#4721);
#4719 = CARTESIAN_POINT('',(4.4,7.9,36.));
#4720 = DIRECTION('',(0.,0.,1.));
#4721 = DIRECTION('',(1.,0.,0.));
#4722 = ADVANCED_FACE('',(#4723),#4729,.F.);
#4723 = FACE_BOUND('',#4724,.F.);
#4724 = EDGE_LOOP('',(#4725,#4726,#4727,#4728));
#4725 = ORIENTED_EDGE('',*,*,#4466,.T.);
#4726 = ORIENTED_EDGE('',*,*,#3905,.T.);
#4727 = ORIENTED_EDGE('',*,*,#3862,.T.);
#4728 = ORIENTED_EDGE('',*,*,#3518,.T.);
#4729 = PLANE('',#4730);
#4730 = AXIS2_PLACEMENT_3D('',#4731,#4732,#4733);
#4731 = CARTESIAN_POINT('',(2.4,7.3,0.));
#4732 = DIRECTION('',(1.,0.,0.));
#4733 = DIRECTION('',(0.,-1.,0.));
#4734 = ADVANCED_FACE('',(#4735),#4760,.F.);
#4735 = FACE_BOUND('',#4736,.F.);
#4736 = EDGE_LOOP('',(#4737,#4745,#4746,#4754));
#4737 = ORIENTED_EDGE('',*,*,#4738,.T.);
#4738 = EDGE_CURVE('',#4739,#3671,#4741,.T.);
#4739 = VERTEX_POINT('',#4740);
#4740 = CARTESIAN_POINT('',(11.4,2.9,4.));
#4741 = LINE('',#4742,#4743);
#4742 = CARTESIAN_POINT('',(11.4,2.9,4.));
#4743 = VECTOR('',#4744,1.);
#4744 = DIRECTION('',(0.,1.,-2.22044604925E-16));
#4745 = ORIENTED_EDGE('',*,*,#3670,.T.);
#4746 = ORIENTED_EDGE('',*,*,#4747,.F.);
#4747 = EDGE_CURVE('',#4748,#3663,#4750,.T.);
#4748 = VERTEX_POINT('',#4749);
#4749 = CARTESIAN_POINT('',(14.4,2.9,4.));
#4750 = LINE('',#4751,#4752);
#4751 = CARTESIAN_POINT('',(14.4,2.9,4.));
#4752 = VECTOR('',#4753,1.);
#4753 = DIRECTION('',(0.,1.,-2.22044604925E-16));
#4754 = ORIENTED_EDGE('',*,*,#4755,.F.);
#4755 = EDGE_CURVE('',#4739,#4748,#4756,.T.);
#4756 = LINE('',#4757,#4758);
#4757 = CARTESIAN_POINT('',(11.4,2.9,4.));
#4758 = VECTOR('',#4759,1.);
#4759 = DIRECTION('',(1.,0.,0.));
#4760 = PLANE('',#4761);
#4761 = AXIS2_PLACEMENT_3D('',#4762,#4763,#4764);
#4762 = CARTESIAN_POINT('',(11.4,2.9,4.));
#4763 = DIRECTION('',(0.,-2.22044604925E-16,-1.));
#4764 = DIRECTION('',(1.,0.,0.));
#4765 = ADVANCED_FACE('',(#4766),#4777,.F.);
#4766 = FACE_BOUND('',#4767,.F.);
#4767 = EDGE_LOOP('',(#4768,#4774,#4775,#4776));
#4768 = ORIENTED_EDGE('',*,*,#4769,.F.);
#4769 = EDGE_CURVE('',#4748,#4383,#4770,.T.);
#4770 = LINE('',#4771,#4772);
#4771 = CARTESIAN_POINT('',(14.4,2.9,4.));
#4772 = VECTOR('',#4773,1.);
#4773 = DIRECTION('',(0.,2.22044604925E-16,1.));
#4774 = ORIENTED_EDGE('',*,*,#4747,.T.);
#4775 = ORIENTED_EDGE('',*,*,#3662,.T.);
#4776 = ORIENTED_EDGE('',*,*,#4382,.F.);
#4777 = PLANE('',#4778);
#4778 = AXIS2_PLACEMENT_3D('',#4779,#4780,#4781);
#4779 = CARTESIAN_POINT('',(14.4,2.9,4.));
#4780 = DIRECTION('',(1.,0.,0.));
#4781 = DIRECTION('',(0.,2.22044604925E-16,1.));
#4782 = ADVANCED_FACE('',(#4783),#4786,.F.);
#4783 = FACE_BOUND('',#4784,.F.);
#4784 = EDGE_LOOP('',(#4785));
#4785 = ORIENTED_EDGE('',*,*,#3719,.T.);
#4786 = PLANE('',#4787);
#4787 = AXIS2_PLACEMENT_3D('',#4788,#4789,#4790);
#4788 = CARTESIAN_POINT('',(43.,16.9,3.6));
#4789 = DIRECTION('',(0.,0.,1.));
#4790 = DIRECTION('',(1.,0.,0.));
#4791 = ADVANCED_FACE('',(#4792),#4795,.F.);
#4792 = FACE_BOUND('',#4793,.F.);
#4793 = EDGE_LOOP('',(#4794));
#4794 = ORIENTED_EDGE('',*,*,#3744,.T.);
#4795 = PLANE('',#4796);
#4796 = AXIS2_PLACEMENT_3D('',#4797,#4798,#4799);
#4797 = CARTESIAN_POINT('',(43.,16.9,3.6));
#4798 = DIRECTION('',(0.,0.,1.));
#4799 = DIRECTION('',(1.,0.,0.));
#4800 = ADVANCED_FACE('',(#4801),#4804,.F.);
#4801 = FACE_BOUND('',#4802,.F.);
#4802 = EDGE_LOOP('',(#4803));
#4803 = ORIENTED_EDGE('',*,*,#3769,.T.);
#4804 = PLANE('',#4805);
#4805 = AXIS2_PLACEMENT_3D('',#4806,#4807,#4808);
#4806 = CARTESIAN_POINT('',(43.,16.9,3.6));
#4807 = DIRECTION('',(0.,0.,1.));
#4808 = DIRECTION('',(1.,0.,0.));
#4809 = ADVANCED_FACE('',(#4810),#4813,.F.);
#4810 = FACE_BOUND('',#4811,.F.);
#4811 = EDGE_LOOP('',(#4812));
#4812 = ORIENTED_EDGE('',*,*,#3794,.T.);
#4813 = PLANE('',#4814);
#4814 = AXIS2_PLACEMENT_3D('',#4815,#4816,#4817);
#4815 = CARTESIAN_POINT('',(43.,16.9,3.6));
#4816 = DIRECTION('',(0.,0.,1.));
#4817 = DIRECTION('',(1.,0.,0.));
#4818 = ADVANCED_FACE('',(#4819),#4825,.F.);
#4819 = FACE_BOUND('',#4820,.F.);
#4820 = EDGE_LOOP('',(#4821,#4822,#4823,#4824));
#4821 = ORIENTED_EDGE('',*,*,#4687,.F.);
#4822 = ORIENTED_EDGE('',*,*,#4041,.T.);
#4823 = ORIENTED_EDGE('',*,*,#4589,.T.);
#4824 = ORIENTED_EDGE('',*,*,#4128,.T.);
#4825 = PLANE('',#4826);
#4826 = AXIS2_PLACEMENT_3D('',#4827,#4828,#4829);
#4827 = CARTESIAN_POINT('',(2.4,25.9,36.));
#4828 = DIRECTION('',(-1.,0.,0.));
#4829 = DIRECTION('',(0.,-1.,0.));
#4830 = ADVANCED_FACE('',(#4831),#4837,.F.);
#4831 = FACE_BOUND('',#4832,.F.);
#4832 = EDGE_LOOP('',(#4833,#4834,#4835,#4836));
#4833 = ORIENTED_EDGE('',*,*,#4659,.F.);
#4834 = ORIENTED_EDGE('',*,*,#4201,.T.);
#4835 = ORIENTED_EDGE('',*,*,#4617,.T.);
#4836 = ORIENTED_EDGE('',*,*,#4288,.T.);
#4837 = PLANE('',#4838);
#4838 = AXIS2_PLACEMENT_3D('',#4839,#4840,#4841);
#4839 = CARTESIAN_POINT('',(2.4,25.9,36.));
#4840 = DIRECTION('',(-1.,0.,0.));
#4841 = DIRECTION('',(0.,-1.,0.));
#4842 = ADVANCED_FACE('',(#4843),#4865,.T.);
#4843 = FACE_BOUND('',#4844,.T.);
#4844 = EDGE_LOOP('',(#4845,#4846,#4847,#4848,#4849,#4850,#4858,#4864));
#4845 = ORIENTED_EDGE('',*,*,#3678,.T.);
#4846 = ORIENTED_EDGE('',*,*,#1522,.T.);
#4847 = ORIENTED_EDGE('',*,*,#2485,.T.);
#4848 = ORIENTED_EDGE('',*,*,#778,.F.);
#4849 = ORIENTED_EDGE('',*,*,#2445,.T.);
#4850 = ORIENTED_EDGE('',*,*,#4851,.F.);
#4851 = EDGE_CURVE('',#4852,#2446,#4854,.T.);
#4852 = VERTEX_POINT('',#4853);
#4853 = CARTESIAN_POINT('',(11.4,2.9,22.5));
#4854 = LINE('',#4855,#4856);
#4855 = CARTESIAN_POINT('',(11.4,2.9,22.5));
#4856 = VECTOR('',#4857,1.);
#4857 = DIRECTION('',(0.,1.,-2.22044604925E-16));
#4858 = ORIENTED_EDGE('',*,*,#4859,.T.);
#4859 = EDGE_CURVE('',#4852,#4739,#4860,.T.);
#4860 = LINE('',#4861,#4862);
#4861 = CARTESIAN_POINT('',(11.4,2.9,22.5));
#4862 = VECTOR('',#4863,1.);
#4863 = DIRECTION('',(0.,-2.22044604925E-16,-1.));
#4864 = ORIENTED_EDGE('',*,*,#4738,.T.);
#4865 = PLANE('',#4866);
#4866 = AXIS2_PLACEMENT_3D('',#4867,#4868,#4869);
#4867 = CARTESIAN_POINT('',(11.4,5.121355498721,17.635549872123));
#4868 = DIRECTION('',(1.,0.,0.));
#4869 = DIRECTION('',(0.,0.,1.));
#4870 = ADVANCED_FACE('',(#4871),#4886,.T.);
#4871 = FACE_BOUND('',#4872,.T.);
#4872 = EDGE_LOOP('',(#4873,#4874,#4875,#4876,#4877,#4883,#4884,#4885));
#4873 = ORIENTED_EDGE('',*,*,#4390,.F.);
#4874 = ORIENTED_EDGE('',*,*,#4769,.F.);
#4875 = ORIENTED_EDGE('',*,*,#4755,.F.);
#4876 = ORIENTED_EDGE('',*,*,#4859,.F.);
#4877 = ORIENTED_EDGE('',*,*,#4878,.F.);
#4878 = EDGE_CURVE('',#4431,#4852,#4879,.T.);
#4879 = LINE('',#4880,#4881);
#4880 = CARTESIAN_POINT('',(74.6,2.9,22.5));
#4881 = VECTOR('',#4882,1.);
#4882 = DIRECTION('',(-1.,0.,0.));
#4883 = ORIENTED_EDGE('',*,*,#4430,.F.);
#4884 = ORIENTED_EDGE('',*,*,#4416,.F.);
#4885 = ORIENTED_EDGE('',*,*,#2413,.F.);
#4886 = PLANE('',#4887);
#4887 = AXIS2_PLACEMENT_3D('',#4888,#4889,#4890);
#4888 = CARTESIAN_POINT('',(40.300448430493,2.9,19.699551569507));
#4889 = DIRECTION('',(0.,1.,0.));
#4890 = DIRECTION('',(0.,0.,1.));
#4891 = ADVANCED_FACE('',(#4892),#4898,.T.);
#4892 = FACE_BOUND('',#4893,.T.);
#4893 = EDGE_LOOP('',(#4894,#4895,#4896,#4897));
#4894 = ORIENTED_EDGE('',*,*,#4878,.T.);
#4895 = ORIENTED_EDGE('',*,*,#4851,.T.);
#4896 = ORIENTED_EDGE('',*,*,#2453,.F.);
#4897 = ORIENTED_EDGE('',*,*,#4440,.T.);
#4898 = PLANE('',#4899);
#4899 = AXIS2_PLACEMENT_3D('',#4900,#4901,#4902);
#4900 = CARTESIAN_POINT('',(41.5,4.4,22.5));
#4901 = DIRECTION('',(-0.,-0.,-1.));
#4902 = DIRECTION('',(-1.,0.,0.));
#4903 = ( GEOMETRIC_REPRESENTATION_CONTEXT(3) 
GLOBAL_UNCERTAINTY_ASSIGNED_CONTEXT((#4907)) 
GLOBAL_UNIT_ASSIGNED_CONTEXT((#4904,#4905,#4906)) REPRESENTATION_CONTEXT
('Context #1','3D Context with UNIT and UNCERTAINTY') );
#4904 = ( LENGTH_UNIT() NAMED_UNIT(*) SI_UNIT(.MILLI.,.METRE.) );
#4905 = ( NAMED_UNIT(*) PLANE_ANGLE_UNIT() SI_UNIT($,.RADIAN.) );
#4906 = ( NAMED_UNIT(*) SI_UNIT($,.STERADIAN.) SOLID_ANGLE_UNIT() );
#4907 = UNCERTAINTY_MEASURE_WITH_UNIT(LENGTH_MEASURE(5.E-05),#4904,
  'distance_accuracy_value','confusion accuracy');
#4908 = CONTEXT_DEPENDENT_SHAPE_REPRESENTATION(#4909,#4911);
#4909 = ( REPRESENTATION_RELATIONSHIP('','',#48,#10) 
REPRESENTATION_RELATIONSHIP_WITH_TRANSFORMATION(#4910) 
SHAPE_REPRESENTATION_RELATIONSHIP() );
#4910 = ITEM_DEFINED_TRANSFORMATION('','',#11,#15);
#4911 = PRODUCT_DEFINITION_SHAPE('Placement','Placement of an item',
  #4912);
#4912 = NEXT_ASSEMBLY_USAGE_OCCURRENCE('65','Base','',#5,#43,$);
#4913 = PRODUCT_RELATED_PRODUCT_CATEGORY('part',$,(#45));
#4914 = SHAPE_DEFINITION_REPRESENTATION(#4915,#4921);
#4915 = PRODUCT_DEFINITION_SHAPE('','',#4916);
#4916 = PRODUCT_DEFINITION('design','',#4917,#4920);
#4917 = PRODUCT_DEFINITION_FORMATION('','',#4918);
#4918 = PRODUCT('Lid','Lid','',(#4919));
#4919 = PRODUCT_CONTEXT('',#2,'mechanical');
#4920 = PRODUCT_DEFINITION_CONTEXT('part definition',#2,'design');
#4921 = ADVANCED_BREP_SHAPE_REPRESENTATION('',(#11,#4922),#6450);
#4922 = MANIFOLD_SOLID_BREP('',#4923);
#4923 = CLOSED_SHELL('',(#4924,#4966,#5029,#5092,#5245,#5301,#5325,#5383
    ,#5407,#5471,#5488,#5512,#5536,#5553,#5570,#5582,#5603,#5620,#5632,
    #5657,#5682,#5713,#5737,#5761,#5778,#5803,#5828,#5853,#5878,#5909,
    #5933,#5957,#5974,#5999,#6024,#6036,#6048,#6110,#6122,#6134,#6159,
    #6184,#6209,#6234,#6254,#6274,#6294,#6314,#6339,#6364,#6389,#6414,
    #6423,#6432,#6441));
#4924 = ADVANCED_FACE('',(#4925),#4961,.T.);
#4925 = FACE_BOUND('',#4926,.F.);
#4926 = EDGE_LOOP('',(#4927,#4937,#4946,#4954));
#4927 = ORIENTED_EDGE('',*,*,#4928,.T.);
#4928 = EDGE_CURVE('',#4929,#4931,#4933,.T.);
#4929 = VERTEX_POINT('',#4930);
#4930 = CARTESIAN_POINT('',(84.,0.,36.));
#4931 = VERTEX_POINT('',#4932);
#4932 = CARTESIAN_POINT('',(84.,0.,38.4));
#4933 = LINE('',#4934,#4935);
#4934 = CARTESIAN_POINT('',(84.,0.,36.));
#4935 = VECTOR('',#4936,1.);
#4936 = DIRECTION('',(0.,0.,1.));
#4937 = ORIENTED_EDGE('',*,*,#4938,.T.);
#4938 = EDGE_CURVE('',#4931,#4939,#4941,.T.);
#4939 = VERTEX_POINT('',#4940);
#4940 = CARTESIAN_POINT('',(86.,2.,38.4));
#4941 = CIRCLE('',#4942,2.);
#4942 = AXIS2_PLACEMENT_3D('',#4943,#4944,#4945);
#4943 = CARTESIAN_POINT('',(84.,2.,38.4));
#4944 = DIRECTION('',(0.,0.,1.));
#4945 = DIRECTION('',(1.,0.,0.));
#4946 = ORIENTED_EDGE('',*,*,#4947,.F.);
#4947 = EDGE_CURVE('',#4948,#4939,#4950,.T.);
#4948 = VERTEX_POINT('',#4949);
#4949 = CARTESIAN_POINT('',(86.,2.,36.));
#4950 = LINE('',#4951,#4952);
#4951 = CARTESIAN_POINT('',(86.,2.,36.));
#4952 = VECTOR('',#4953,1.);
#4953 = DIRECTION('',(0.,0.,1.));
#4954 = ORIENTED_EDGE('',*,*,#4955,.F.);
#4955 = EDGE_CURVE('',#4929,#4948,#4956,.T.);
#4956 = CIRCLE('',#4957,2.);
#4957 = AXIS2_PLACEMENT_3D('',#4958,#4959,#4960);
#4958 = CARTESIAN_POINT('',(84.,2.,36.));
#4959 = DIRECTION('',(0.,0.,1.));
#4960 = DIRECTION('',(1.,0.,0.));
#4961 = CYLINDRICAL_SURFACE('',#4962,2.);
#4962 = AXIS2_PLACEMENT_3D('',#4963,#4964,#4965);
#4963 = CARTESIAN_POINT('',(84.,2.,36.));
#4964 = DIRECTION('',(-0.,-0.,-1.));
#4965 = DIRECTION('',(1.,0.,0.));
#4966 = ADVANCED_FACE('',(#4967),#5024,.T.);
#4967 = FACE_BOUND('',#4968,.T.);
#4968 = EDGE_LOOP('',(#4969,#4970,#4978,#4986,#4994,#5002,#5010,#5018));
#4969 = ORIENTED_EDGE('',*,*,#4928,.T.);
#4970 = ORIENTED_EDGE('',*,*,#4971,.F.);
#4971 = EDGE_CURVE('',#4972,#4931,#4974,.T.);
#4972 = VERTEX_POINT('',#4973);
#4973 = CARTESIAN_POINT('',(63.5,0.,38.4));
#4974 = LINE('',#4975,#4976);
#4975 = CARTESIAN_POINT('',(63.5,0.,38.4));
#4976 = VECTOR('',#4977,1.);
#4977 = DIRECTION('',(1.,0.,0.));
#4978 = ORIENTED_EDGE('',*,*,#4979,.T.);
#4979 = EDGE_CURVE('',#4972,#4980,#4982,.T.);
#4980 = VERTEX_POINT('',#4981);
#4981 = CARTESIAN_POINT('',(63.5,0.,45.));
#4982 = LINE('',#4983,#4984);
#4983 = CARTESIAN_POINT('',(63.5,0.,36.));
#4984 = VECTOR('',#4985,1.);
#4985 = DIRECTION('',(0.,0.,1.));
#4986 = ORIENTED_EDGE('',*,*,#4987,.F.);
#4987 = EDGE_CURVE('',#4988,#4980,#4990,.T.);
#4988 = VERTEX_POINT('',#4989);
#4989 = CARTESIAN_POINT('',(18.5,0.,45.));
#4990 = LINE('',#4991,#4992);
#4991 = CARTESIAN_POINT('',(18.5,0.,45.));
#4992 = VECTOR('',#4993,1.);
#4993 = DIRECTION('',(1.,0.,0.));
#4994 = ORIENTED_EDGE('',*,*,#4995,.F.);
#4995 = EDGE_CURVE('',#4996,#4988,#4998,.T.);
#4996 = VERTEX_POINT('',#4997);
#4997 = CARTESIAN_POINT('',(18.5,0.,38.4));
#4998 = LINE('',#4999,#5000);
#4999 = CARTESIAN_POINT('',(18.5,0.,36.));
#5000 = VECTOR('',#5001,1.);
#5001 = DIRECTION('',(0.,0.,1.));
#5002 = ORIENTED_EDGE('',*,*,#5003,.F.);
#5003 = EDGE_CURVE('',#5004,#4996,#5006,.T.);
#5004 = VERTEX_POINT('',#5005);
#5005 = CARTESIAN_POINT('',(2.,0.,38.4));
#5006 = LINE('',#5007,#5008);
#5007 = CARTESIAN_POINT('',(2.,0.,38.4));
#5008 = VECTOR('',#5009,1.);
#5009 = DIRECTION('',(1.,0.,0.));
#5010 = ORIENTED_EDGE('',*,*,#5011,.F.);
#5011 = EDGE_CURVE('',#5012,#5004,#5014,.T.);
#5012 = VERTEX_POINT('',#5013);
#5013 = CARTESIAN_POINT('',(2.,0.,36.));
#5014 = LINE('',#5015,#5016);
#5015 = CARTESIAN_POINT('',(2.,0.,36.));
#5016 = VECTOR('',#5017,1.);
#5017 = DIRECTION('',(0.,0.,1.));
#5018 = ORIENTED_EDGE('',*,*,#5019,.T.);
#5019 = EDGE_CURVE('',#5012,#4929,#5020,.T.);
#5020 = LINE('',#5021,#5022);
#5021 = CARTESIAN_POINT('',(2.,0.,36.));
#5022 = VECTOR('',#5023,1.);
#5023 = DIRECTION('',(1.,0.,0.));
#5024 = PLANE('',#5025);
#5025 = AXIS2_PLACEMENT_3D('',#5026,#5027,#5028);
#5026 = CARTESIAN_POINT('',(42.854945054945,0.,39.158241758242));
#5027 = DIRECTION('',(-0.,-1.,-0.));
#5028 = DIRECTION('',(0.,0.,-1.));
#5029 = ADVANCED_FACE('',(#5030),#5087,.F.);
#5030 = FACE_BOUND('',#5031,.F.);
#5031 = EDGE_LOOP('',(#5032,#5040,#5041,#5049,#5057,#5065,#5073,#5081));
#5032 = ORIENTED_EDGE('',*,*,#5033,.F.);
#5033 = EDGE_CURVE('',#4948,#5034,#5036,.T.);
#5034 = VERTEX_POINT('',#5035);
#5035 = CARTESIAN_POINT('',(86.,13.4,36.));
#5036 = LINE('',#5037,#5038);
#5037 = CARTESIAN_POINT('',(86.,2.,36.));
#5038 = VECTOR('',#5039,1.);
#5039 = DIRECTION('',(0.,1.,0.));
#5040 = ORIENTED_EDGE('',*,*,#4947,.T.);
#5041 = ORIENTED_EDGE('',*,*,#5042,.T.);
#5042 = EDGE_CURVE('',#4939,#5043,#5045,.T.);
#5043 = VERTEX_POINT('',#5044);
#5044 = CARTESIAN_POINT('',(86.,31.8,38.4));
#5045 = LINE('',#5046,#5047);
#5046 = CARTESIAN_POINT('',(86.,2.,38.4));
#5047 = VECTOR('',#5048,1.);
#5048 = DIRECTION('',(0.,1.,0.));
#5049 = ORIENTED_EDGE('',*,*,#5050,.F.);
#5050 = EDGE_CURVE('',#5051,#5043,#5053,.T.);
#5051 = VERTEX_POINT('',#5052);
#5052 = CARTESIAN_POINT('',(86.,31.8,36.));
#5053 = LINE('',#5054,#5055);
#5054 = CARTESIAN_POINT('',(86.,31.8,36.));
#5055 = VECTOR('',#5056,1.);
#5056 = DIRECTION('',(0.,0.,1.));
#5057 = ORIENTED_EDGE('',*,*,#5058,.F.);
#5058 = EDGE_CURVE('',#5059,#5051,#5061,.T.);
#5059 = VERTEX_POINT('',#5060);
#5060 = CARTESIAN_POINT('',(86.,20.4,36.));
#5061 = LINE('',#5062,#5063);
#5062 = CARTESIAN_POINT('',(86.,2.,36.));
#5063 = VECTOR('',#5064,1.);
#5064 = DIRECTION('',(0.,1.,0.));
#5065 = ORIENTED_EDGE('',*,*,#5066,.T.);
#5066 = EDGE_CURVE('',#5059,#5067,#5069,.T.);
#5067 = VERTEX_POINT('',#5068);
#5068 = CARTESIAN_POINT('',(86.,20.4,37.6));
#5069 = LINE('',#5070,#5071);
#5070 = CARTESIAN_POINT('',(86.,20.4,36.));
#5071 = VECTOR('',#5072,1.);
#5072 = DIRECTION('',(0.,0.,1.));
#5073 = ORIENTED_EDGE('',*,*,#5074,.F.);
#5074 = EDGE_CURVE('',#5075,#5067,#5077,.T.);
#5075 = VERTEX_POINT('',#5076);
#5076 = CARTESIAN_POINT('',(86.,13.4,37.6));
#5077 = LINE('',#5078,#5079);
#5078 = CARTESIAN_POINT('',(86.,13.4,37.6));
#5079 = VECTOR('',#5080,1.);
#5080 = DIRECTION('',(0.,1.,0.));
#5081 = ORIENTED_EDGE('',*,*,#5082,.F.);
#5082 = EDGE_CURVE('',#5034,#5075,#5083,.T.);
#5083 = LINE('',#5084,#5085);
#5084 = CARTESIAN_POINT('',(86.,13.4,36.));
#5085 = VECTOR('',#5086,1.);
#5086 = DIRECTION('',(0.,0.,1.));
#5087 = PLANE('',#5088);
#5088 = AXIS2_PLACEMENT_3D('',#5089,#5090,#5091);
#5089 = CARTESIAN_POINT('',(86.,2.,36.));
#5090 = DIRECTION('',(-1.,0.,0.));
#5091 = DIRECTION('',(0.,1.,0.));
#5092 = ADVANCED_FACE('',(#5093,#5162,#5173,#5184,#5218,#5229),#5240,.T.
  );
#5093 = FACE_BOUND('',#5094,.T.);
#5094 = EDGE_LOOP('',(#5095,#5096,#5105,#5113,#5122,#5130,#5137,#5138,
    #5146,#5154,#5160,#5161));
#5095 = ORIENTED_EDGE('',*,*,#5019,.F.);
#5096 = ORIENTED_EDGE('',*,*,#5097,.F.);
#5097 = EDGE_CURVE('',#5098,#5012,#5100,.T.);
#5098 = VERTEX_POINT('',#5099);
#5099 = CARTESIAN_POINT('',(0.,2.,36.));
#5100 = CIRCLE('',#5101,2.);
#5101 = AXIS2_PLACEMENT_3D('',#5102,#5103,#5104);
#5102 = CARTESIAN_POINT('',(2.,2.,36.));
#5103 = DIRECTION('',(0.,0.,1.));
#5104 = DIRECTION('',(1.,0.,0.));
#5105 = ORIENTED_EDGE('',*,*,#5106,.F.);
#5106 = EDGE_CURVE('',#5107,#5098,#5109,.T.);
#5107 = VERTEX_POINT('',#5108);
#5108 = CARTESIAN_POINT('',(0.,31.8,36.));
#5109 = LINE('',#5110,#5111);
#5110 = CARTESIAN_POINT('',(0.,31.8,36.));
#5111 = VECTOR('',#5112,1.);
#5112 = DIRECTION('',(0.,-1.,0.));
#5113 = ORIENTED_EDGE('',*,*,#5114,.F.);
#5114 = EDGE_CURVE('',#5115,#5107,#5117,.T.);
#5115 = VERTEX_POINT('',#5116);
#5116 = CARTESIAN_POINT('',(2.,33.8,36.));
#5117 = CIRCLE('',#5118,2.);
#5118 = AXIS2_PLACEMENT_3D('',#5119,#5120,#5121);
#5119 = CARTESIAN_POINT('',(2.,31.8,36.));
#5120 = DIRECTION('',(0.,0.,1.));
#5121 = DIRECTION('',(1.,0.,0.));
#5122 = ORIENTED_EDGE('',*,*,#5123,.F.);
#5123 = EDGE_CURVE('',#5124,#5115,#5126,.T.);
#5124 = VERTEX_POINT('',#5125);
#5125 = CARTESIAN_POINT('',(84.,33.8,36.));
#5126 = LINE('',#5127,#5128);
#5127 = CARTESIAN_POINT('',(18.5,33.8,36.));
#5128 = VECTOR('',#5129,1.);
#5129 = DIRECTION('',(-1.,0.,0.));
#5130 = ORIENTED_EDGE('',*,*,#5131,.F.);
#5131 = EDGE_CURVE('',#5051,#5124,#5132,.T.);
#5132 = CIRCLE('',#5133,2.);
#5133 = AXIS2_PLACEMENT_3D('',#5134,#5135,#5136);
#5134 = CARTESIAN_POINT('',(84.,31.8,36.));
#5135 = DIRECTION('',(0.,0.,1.));
#5136 = DIRECTION('',(1.,0.,0.));
#5137 = ORIENTED_EDGE('',*,*,#5058,.F.);
#5138 = ORIENTED_EDGE('',*,*,#5139,.T.);
#5139 = EDGE_CURVE('',#5059,#5140,#5142,.T.);
#5140 = VERTEX_POINT('',#5141);
#5141 = CARTESIAN_POINT('',(73.9,20.4,36.));
#5142 = LINE('',#5143,#5144);
#5143 = CARTESIAN_POINT('',(86.,20.4,36.));
#5144 = VECTOR('',#5145,1.);
#5145 = DIRECTION('',(-1.,0.,0.));
#5146 = ORIENTED_EDGE('',*,*,#5147,.T.);
#5147 = EDGE_CURVE('',#5140,#5148,#5150,.T.);
#5148 = VERTEX_POINT('',#5149);
#5149 = CARTESIAN_POINT('',(73.9,13.4,36.));
#5150 = LINE('',#5151,#5152);
#5151 = CARTESIAN_POINT('',(73.9,20.4,36.));
#5152 = VECTOR('',#5153,1.);
#5153 = DIRECTION('',(0.,-1.,0.));
#5154 = ORIENTED_EDGE('',*,*,#5155,.T.);
#5155 = EDGE_CURVE('',#5148,#5034,#5156,.T.);
#5156 = LINE('',#5157,#5158);
#5157 = CARTESIAN_POINT('',(73.9,13.4,36.));
#5158 = VECTOR('',#5159,1.);
#5159 = DIRECTION('',(1.,0.,0.));
#5160 = ORIENTED_EDGE('',*,*,#5033,.F.);
#5161 = ORIENTED_EDGE('',*,*,#4955,.F.);
#5162 = FACE_BOUND('',#5163,.T.);
#5163 = EDGE_LOOP('',(#5164));
#5164 = ORIENTED_EDGE('',*,*,#5165,.F.);
#5165 = EDGE_CURVE('',#5166,#5166,#5168,.T.);
#5166 = VERTEX_POINT('',#5167);
#5167 = CARTESIAN_POINT('',(80.25,3.,36.));
#5168 = CIRCLE('',#5169,1.15);
#5169 = AXIS2_PLACEMENT_3D('',#5170,#5171,#5172);
#5170 = CARTESIAN_POINT('',(79.1,3.,36.));
#5171 = DIRECTION('',(0.,0.,-1.));
#5172 = DIRECTION('',(1.,0.,0.));
#5173 = FACE_BOUND('',#5174,.T.);
#5174 = EDGE_LOOP('',(#5175));
#5175 = ORIENTED_EDGE('',*,*,#5176,.F.);
#5176 = EDGE_CURVE('',#5177,#5177,#5179,.T.);
#5177 = VERTEX_POINT('',#5178);
#5178 = CARTESIAN_POINT('',(8.05,3.,36.));
#5179 = CIRCLE('',#5180,1.15);
#5180 = AXIS2_PLACEMENT_3D('',#5181,#5182,#5183);
#5181 = CARTESIAN_POINT('',(6.9,3.,36.));
#5182 = DIRECTION('',(0.,0.,-1.));
#5183 = DIRECTION('',(1.,0.,0.));
#5184 = FACE_BOUND('',#5185,.T.);
#5185 = EDGE_LOOP('',(#5186,#5196,#5204,#5212));
#5186 = ORIENTED_EDGE('',*,*,#5187,.F.);
#5187 = EDGE_CURVE('',#5188,#5190,#5192,.T.);
#5188 = VERTEX_POINT('',#5189);
#5189 = CARTESIAN_POINT('',(61.1,2.4,36.));
#5190 = VERTEX_POINT('',#5191);
#5191 = CARTESIAN_POINT('',(20.9,2.4,36.));
#5192 = LINE('',#5193,#5194);
#5193 = CARTESIAN_POINT('',(31.95,2.4,36.));
#5194 = VECTOR('',#5195,1.);
#5195 = DIRECTION('',(-1.,0.,0.));
#5196 = ORIENTED_EDGE('',*,*,#5197,.F.);
#5197 = EDGE_CURVE('',#5198,#5188,#5200,.T.);
#5198 = VERTEX_POINT('',#5199);
#5199 = CARTESIAN_POINT('',(61.1,31.4,36.));
#5200 = LINE('',#5201,#5202);
#5201 = CARTESIAN_POINT('',(61.1,9.65,36.));
#5202 = VECTOR('',#5203,1.);
#5203 = DIRECTION('',(0.,-1.,0.));
#5204 = ORIENTED_EDGE('',*,*,#5205,.F.);
#5205 = EDGE_CURVE('',#5206,#5198,#5208,.T.);
#5206 = VERTEX_POINT('',#5207);
#5207 = CARTESIAN_POINT('',(20.9,31.4,36.));
#5208 = LINE('',#5209,#5210);
#5209 = CARTESIAN_POINT('',(52.05,31.4,36.));
#5210 = VECTOR('',#5211,1.);
#5211 = DIRECTION('',(1.,0.,0.));
#5212 = ORIENTED_EDGE('',*,*,#5213,.F.);
#5213 = EDGE_CURVE('',#5190,#5206,#5214,.T.);
#5214 = LINE('',#5215,#5216);
#5215 = CARTESIAN_POINT('',(20.9,24.15,36.));
#5216 = VECTOR('',#5217,1.);
#5217 = DIRECTION('',(0.,1.,0.));
#5218 = FACE_BOUND('',#5219,.T.);
#5219 = EDGE_LOOP('',(#5220));
#5220 = ORIENTED_EDGE('',*,*,#5221,.F.);
#5221 = EDGE_CURVE('',#5222,#5222,#5224,.T.);
#5222 = VERTEX_POINT('',#5223);
#5223 = CARTESIAN_POINT('',(80.25,30.8,36.));
#5224 = CIRCLE('',#5225,1.15);
#5225 = AXIS2_PLACEMENT_3D('',#5226,#5227,#5228);
#5226 = CARTESIAN_POINT('',(79.1,30.8,36.));
#5227 = DIRECTION('',(0.,0.,-1.));
#5228 = DIRECTION('',(1.,0.,0.));
#5229 = FACE_BOUND('',#5230,.T.);
#5230 = EDGE_LOOP('',(#5231));
#5231 = ORIENTED_EDGE('',*,*,#5232,.F.);
#5232 = EDGE_CURVE('',#5233,#5233,#5235,.T.);
#5233 = VERTEX_POINT('',#5234);
#5234 = CARTESIAN_POINT('',(8.05,30.8,36.));
#5235 = CIRCLE('',#5236,1.15);
#5236 = AXIS2_PLACEMENT_3D('',#5237,#5238,#5239);
#5237 = CARTESIAN_POINT('',(6.9,30.8,36.));
#5238 = DIRECTION('',(0.,0.,-1.));
#5239 = DIRECTION('',(1.,0.,0.));
#5240 = PLANE('',#5241);
#5241 = AXIS2_PLACEMENT_3D('',#5242,#5243,#5244);
#5242 = CARTESIAN_POINT('',(43.,16.9,36.));
#5243 = DIRECTION('',(-0.,-0.,-1.));
#5244 = DIRECTION('',(-1.,0.,0.));
#5245 = ADVANCED_FACE('',(#5246,#5274,#5285),#5296,.T.);
#5246 = FACE_BOUND('',#5247,.T.);
#5247 = EDGE_LOOP('',(#5248,#5249,#5250,#5251,#5260,#5268));
#5248 = ORIENTED_EDGE('',*,*,#4971,.T.);
#5249 = ORIENTED_EDGE('',*,*,#4938,.T.);
#5250 = ORIENTED_EDGE('',*,*,#5042,.T.);
#5251 = ORIENTED_EDGE('',*,*,#5252,.T.);
#5252 = EDGE_CURVE('',#5043,#5253,#5255,.T.);
#5253 = VERTEX_POINT('',#5254);
#5254 = CARTESIAN_POINT('',(84.,33.8,38.4));
#5255 = CIRCLE('',#5256,2.);
#5256 = AXIS2_PLACEMENT_3D('',#5257,#5258,#5259);
#5257 = CARTESIAN_POINT('',(84.,31.8,38.4));
#5258 = DIRECTION('',(0.,0.,1.));
#5259 = DIRECTION('',(1.,0.,0.));
#5260 = ORIENTED_EDGE('',*,*,#5261,.T.);
#5261 = EDGE_CURVE('',#5253,#5262,#5264,.T.);
#5262 = VERTEX_POINT('',#5263);
#5263 = CARTESIAN_POINT('',(63.5,33.8,38.4));
#5264 = LINE('',#5265,#5266);
#5265 = CARTESIAN_POINT('',(84.,33.8,38.4));
#5266 = VECTOR('',#5267,1.);
#5267 = DIRECTION('',(-1.,0.,0.));
#5268 = ORIENTED_EDGE('',*,*,#5269,.T.);
#5269 = EDGE_CURVE('',#5262,#4972,#5270,.T.);
#5270 = LINE('',#5271,#5272);
#5271 = CARTESIAN_POINT('',(63.5,33.8,38.4));
#5272 = VECTOR('',#5273,1.);
#5273 = DIRECTION('',(0.,-1.,0.));
#5274 = FACE_BOUND('',#5275,.T.);
#5275 = EDGE_LOOP('',(#5276));
#5276 = ORIENTED_EDGE('',*,*,#5277,.F.);
#5277 = EDGE_CURVE('',#5278,#5278,#5280,.T.);
#5278 = VERTEX_POINT('',#5279);
#5279 = CARTESIAN_POINT('',(81.1,3.,38.4));
#5280 = CIRCLE('',#5281,2.);
#5281 = AXIS2_PLACEMENT_3D('',#5282,#5283,#5284);
#5282 = CARTESIAN_POINT('',(79.1,3.,38.4));
#5283 = DIRECTION('',(0.,0.,1.));
#5284 = DIRECTION('',(1.,0.,0.));
#5285 = FACE_BOUND('',#5286,.T.);
#5286 = EDGE_LOOP('',(#5287));
#5287 = ORIENTED_EDGE('',*,*,#5288,.F.);
#5288 = EDGE_CURVE('',#5289,#5289,#5291,.T.);
#5289 = VERTEX_POINT('',#5290);
#5290 = CARTESIAN_POINT('',(81.1,30.8,38.4));
#5291 = CIRCLE('',#5292,2.);
#5292 = AXIS2_PLACEMENT_3D('',#5293,#5294,#5295);
#5293 = CARTESIAN_POINT('',(79.1,30.8,38.4));
#5294 = DIRECTION('',(0.,0.,1.));
#5295 = DIRECTION('',(1.,0.,0.));
#5296 = PLANE('',#5297);
#5297 = AXIS2_PLACEMENT_3D('',#5298,#5299,#5300);
#5298 = CARTESIAN_POINT('',(43.2097149376,16.9,38.4));
#5299 = DIRECTION('',(0.,0.,1.));
#5300 = DIRECTION('',(1.,0.,0.));
#5301 = ADVANCED_FACE('',(#5302),#5320,.F.);
#5302 = FACE_BOUND('',#5303,.F.);
#5303 = EDGE_LOOP('',(#5304,#5305,#5306,#5314));
#5304 = ORIENTED_EDGE('',*,*,#5269,.T.);
#5305 = ORIENTED_EDGE('',*,*,#4979,.T.);
#5306 = ORIENTED_EDGE('',*,*,#5307,.T.);
#5307 = EDGE_CURVE('',#4980,#5308,#5310,.T.);
#5308 = VERTEX_POINT('',#5309);
#5309 = CARTESIAN_POINT('',(63.5,33.8,45.));
#5310 = LINE('',#5311,#5312);
#5311 = CARTESIAN_POINT('',(63.5,0.,45.));
#5312 = VECTOR('',#5313,1.);
#5313 = DIRECTION('',(0.,1.,0.));
#5314 = ORIENTED_EDGE('',*,*,#5315,.F.);
#5315 = EDGE_CURVE('',#5262,#5308,#5316,.T.);
#5316 = LINE('',#5317,#5318);
#5317 = CARTESIAN_POINT('',(63.5,33.8,36.));
#5318 = VECTOR('',#5319,1.);
#5319 = DIRECTION('',(0.,0.,1.));
#5320 = PLANE('',#5321);
#5321 = AXIS2_PLACEMENT_3D('',#5322,#5323,#5324);
#5322 = CARTESIAN_POINT('',(63.5,0.,36.));
#5323 = DIRECTION('',(-1.,0.,0.));
#5324 = DIRECTION('',(0.,1.,0.));
#5325 = ADVANCED_FACE('',(#5326,#5344),#5378,.T.);
#5326 = FACE_BOUND('',#5327,.T.);
#5327 = EDGE_LOOP('',(#5328,#5329,#5330,#5338));
#5328 = ORIENTED_EDGE('',*,*,#4987,.T.);
#5329 = ORIENTED_EDGE('',*,*,#5307,.T.);
#5330 = ORIENTED_EDGE('',*,*,#5331,.T.);
#5331 = EDGE_CURVE('',#5308,#5332,#5334,.T.);
#5332 = VERTEX_POINT('',#5333);
#5333 = CARTESIAN_POINT('',(18.5,33.8,45.));
#5334 = LINE('',#5335,#5336);
#5335 = CARTESIAN_POINT('',(63.5,33.8,45.));
#5336 = VECTOR('',#5337,1.);
#5337 = DIRECTION('',(-1.,0.,0.));
#5338 = ORIENTED_EDGE('',*,*,#5339,.T.);
#5339 = EDGE_CURVE('',#5332,#4988,#5340,.T.);
#5340 = LINE('',#5341,#5342);
#5341 = CARTESIAN_POINT('',(18.5,33.8,45.));
#5342 = VECTOR('',#5343,1.);
#5343 = DIRECTION('',(0.,-1.,0.));
#5344 = FACE_BOUND('',#5345,.T.);
#5345 = EDGE_LOOP('',(#5346,#5356,#5364,#5372));
#5346 = ORIENTED_EDGE('',*,*,#5347,.T.);
#5347 = EDGE_CURVE('',#5348,#5350,#5352,.T.);
#5348 = VERTEX_POINT('',#5349);
#5349 = CARTESIAN_POINT('',(47.73,29.07,45.));
#5350 = VERTEX_POINT('',#5351);
#5351 = CARTESIAN_POINT('',(47.73,4.73,45.));
#5352 = LINE('',#5353,#5354);
#5353 = CARTESIAN_POINT('',(47.73,10.815,45.));
#5354 = VECTOR('',#5355,1.);
#5355 = DIRECTION('',(0.,-1.,0.));
#5356 = ORIENTED_EDGE('',*,*,#5357,.T.);
#5357 = EDGE_CURVE('',#5350,#5358,#5360,.T.);
#5358 = VERTEX_POINT('',#5359);
#5359 = CARTESIAN_POINT('',(34.27,4.73,45.));
#5360 = LINE('',#5361,#5362);
#5361 = CARTESIAN_POINT('',(37.635,4.73,45.));
#5362 = VECTOR('',#5363,1.);
#5363 = DIRECTION('',(-1.,0.,0.));
#5364 = ORIENTED_EDGE('',*,*,#5365,.T.);
#5365 = EDGE_CURVE('',#5358,#5366,#5368,.T.);
#5366 = VERTEX_POINT('',#5367);
#5367 = CARTESIAN_POINT('',(34.27,29.07,45.));
#5368 = LINE('',#5369,#5370);
#5369 = CARTESIAN_POINT('',(34.27,22.985,45.));
#5370 = VECTOR('',#5371,1.);
#5371 = DIRECTION('',(0.,1.,0.));
#5372 = ORIENTED_EDGE('',*,*,#5373,.T.);
#5373 = EDGE_CURVE('',#5366,#5348,#5374,.T.);
#5374 = LINE('',#5375,#5376);
#5375 = CARTESIAN_POINT('',(44.365,29.07,45.));
#5376 = VECTOR('',#5377,1.);
#5377 = DIRECTION('',(1.,0.,0.));
#5378 = PLANE('',#5379);
#5379 = AXIS2_PLACEMENT_3D('',#5380,#5381,#5382);
#5380 = CARTESIAN_POINT('',(41.,16.9,45.));
#5381 = DIRECTION('',(0.,0.,1.));
#5382 = DIRECTION('',(1.,0.,0.));
#5383 = ADVANCED_FACE('',(#5384),#5402,.F.);
#5384 = FACE_BOUND('',#5385,.F.);
#5385 = EDGE_LOOP('',(#5386,#5394,#5400,#5401));
#5386 = ORIENTED_EDGE('',*,*,#5387,.T.);
#5387 = EDGE_CURVE('',#4996,#5388,#5390,.T.);
#5388 = VERTEX_POINT('',#5389);
#5389 = CARTESIAN_POINT('',(18.5,33.8,38.4));
#5390 = LINE('',#5391,#5392);
#5391 = CARTESIAN_POINT('',(18.5,0.,38.4));
#5392 = VECTOR('',#5393,1.);
#5393 = DIRECTION('',(0.,1.,0.));
#5394 = ORIENTED_EDGE('',*,*,#5395,.T.);
#5395 = EDGE_CURVE('',#5388,#5332,#5396,.T.);
#5396 = LINE('',#5397,#5398);
#5397 = CARTESIAN_POINT('',(18.5,33.8,36.));
#5398 = VECTOR('',#5399,1.);
#5399 = DIRECTION('',(0.,0.,1.));
#5400 = ORIENTED_EDGE('',*,*,#5339,.T.);
#5401 = ORIENTED_EDGE('',*,*,#4995,.F.);
#5402 = PLANE('',#5403);
#5403 = AXIS2_PLACEMENT_3D('',#5404,#5405,#5406);
#5404 = CARTESIAN_POINT('',(18.5,33.8,36.));
#5405 = DIRECTION('',(1.,0.,0.));
#5406 = DIRECTION('',(0.,-1.,0.));
#5407 = ADVANCED_FACE('',(#5408,#5444,#5455),#5466,.T.);
#5408 = FACE_BOUND('',#5409,.T.);
#5409 = EDGE_LOOP('',(#5410,#5411,#5412,#5420,#5429,#5437));
#5410 = ORIENTED_EDGE('',*,*,#5003,.T.);
#5411 = ORIENTED_EDGE('',*,*,#5387,.T.);
#5412 = ORIENTED_EDGE('',*,*,#5413,.T.);
#5413 = EDGE_CURVE('',#5388,#5414,#5416,.T.);
#5414 = VERTEX_POINT('',#5415);
#5415 = CARTESIAN_POINT('',(2.,33.8,38.4));
#5416 = LINE('',#5417,#5418);
#5417 = CARTESIAN_POINT('',(18.5,33.8,38.4));
#5418 = VECTOR('',#5419,1.);
#5419 = DIRECTION('',(-1.,0.,0.));
#5420 = ORIENTED_EDGE('',*,*,#5421,.T.);
#5421 = EDGE_CURVE('',#5414,#5422,#5424,.T.);
#5422 = VERTEX_POINT('',#5423);
#5423 = CARTESIAN_POINT('',(0.,31.8,38.4));
#5424 = CIRCLE('',#5425,2.);
#5425 = AXIS2_PLACEMENT_3D('',#5426,#5427,#5428);
#5426 = CARTESIAN_POINT('',(2.,31.8,38.4));
#5427 = DIRECTION('',(0.,0.,1.));
#5428 = DIRECTION('',(1.,0.,0.));
#5429 = ORIENTED_EDGE('',*,*,#5430,.T.);
#5430 = EDGE_CURVE('',#5422,#5431,#5433,.T.);
#5431 = VERTEX_POINT('',#5432);
#5432 = CARTESIAN_POINT('',(0.,2.,38.4));
#5433 = LINE('',#5434,#5435);
#5434 = CARTESIAN_POINT('',(0.,31.8,38.4));
#5435 = VECTOR('',#5436,1.);
#5436 = DIRECTION('',(0.,-1.,0.));
#5437 = ORIENTED_EDGE('',*,*,#5438,.T.);
#5438 = EDGE_CURVE('',#5431,#5004,#5439,.T.);
#5439 = CIRCLE('',#5440,2.);
#5440 = AXIS2_PLACEMENT_3D('',#5441,#5442,#5443);
#5441 = CARTESIAN_POINT('',(2.,2.,38.4));
#5442 = DIRECTION('',(0.,0.,1.));
#5443 = DIRECTION('',(1.,0.,0.));
#5444 = FACE_BOUND('',#5445,.T.);
#5445 = EDGE_LOOP('',(#5446));
#5446 = ORIENTED_EDGE('',*,*,#5447,.F.);
#5447 = EDGE_CURVE('',#5448,#5448,#5450,.T.);
#5448 = VERTEX_POINT('',#5449);
#5449 = CARTESIAN_POINT('',(8.9,3.,38.4));
#5450 = CIRCLE('',#5451,2.);
#5451 = AXIS2_PLACEMENT_3D('',#5452,#5453,#5454);
#5452 = CARTESIAN_POINT('',(6.9,3.,38.4));
#5453 = DIRECTION('',(0.,0.,1.));
#5454 = DIRECTION('',(1.,0.,0.));
#5455 = FACE_BOUND('',#5456,.T.);
#5456 = EDGE_LOOP('',(#5457));
#5457 = ORIENTED_EDGE('',*,*,#5458,.F.);
#5458 = EDGE_CURVE('',#5459,#5459,#5461,.T.);
#5459 = VERTEX_POINT('',#5460);
#5460 = CARTESIAN_POINT('',(8.9,30.8,38.4));
#5461 = CIRCLE('',#5462,2.);
#5462 = AXIS2_PLACEMENT_3D('',#5463,#5464,#5465);
#5463 = CARTESIAN_POINT('',(6.9,30.8,38.4));
#5464 = DIRECTION('',(0.,0.,1.));
#5465 = DIRECTION('',(1.,0.,0.));
#5466 = PLANE('',#5467);
#5467 = AXIS2_PLACEMENT_3D('',#5468,#5469,#5470);
#5468 = CARTESIAN_POINT('',(43.2097149376,16.9,38.4));
#5469 = DIRECTION('',(0.,0.,1.));
#5470 = DIRECTION('',(1.,0.,0.));
#5471 = ADVANCED_FACE('',(#5472),#5483,.T.);
#5472 = FACE_BOUND('',#5473,.F.);
#5473 = EDGE_LOOP('',(#5474,#5480,#5481,#5482));
#5474 = ORIENTED_EDGE('',*,*,#5475,.T.);
#5475 = EDGE_CURVE('',#5098,#5431,#5476,.T.);
#5476 = LINE('',#5477,#5478);
#5477 = CARTESIAN_POINT('',(0.,2.,36.));
#5478 = VECTOR('',#5479,1.);
#5479 = DIRECTION('',(0.,0.,1.));
#5480 = ORIENTED_EDGE('',*,*,#5438,.T.);
#5481 = ORIENTED_EDGE('',*,*,#5011,.F.);
#5482 = ORIENTED_EDGE('',*,*,#5097,.F.);
#5483 = CYLINDRICAL_SURFACE('',#5484,2.);
#5484 = AXIS2_PLACEMENT_3D('',#5485,#5486,#5487);
#5485 = CARTESIAN_POINT('',(2.,2.,36.));
#5486 = DIRECTION('',(-0.,-0.,-1.));
#5487 = DIRECTION('',(1.,0.,0.));
#5488 = ADVANCED_FACE('',(#5489),#5507,.T.);
#5489 = FACE_BOUND('',#5490,.T.);
#5490 = EDGE_LOOP('',(#5491,#5499,#5505,#5506));
#5491 = ORIENTED_EDGE('',*,*,#5492,.T.);
#5492 = EDGE_CURVE('',#5148,#5493,#5495,.T.);
#5493 = VERTEX_POINT('',#5494);
#5494 = CARTESIAN_POINT('',(73.9,13.4,37.6));
#5495 = LINE('',#5496,#5497);
#5496 = CARTESIAN_POINT('',(73.9,13.4,36.));
#5497 = VECTOR('',#5498,1.);
#5498 = DIRECTION('',(0.,0.,1.));
#5499 = ORIENTED_EDGE('',*,*,#5500,.T.);
#5500 = EDGE_CURVE('',#5493,#5075,#5501,.T.);
#5501 = LINE('',#5502,#5503);
#5502 = CARTESIAN_POINT('',(73.9,13.4,37.6));
#5503 = VECTOR('',#5504,1.);
#5504 = DIRECTION('',(1.,0.,0.));
#5505 = ORIENTED_EDGE('',*,*,#5082,.F.);
#5506 = ORIENTED_EDGE('',*,*,#5155,.F.);
#5507 = PLANE('',#5508);
#5508 = AXIS2_PLACEMENT_3D('',#5509,#5510,#5511);
#5509 = CARTESIAN_POINT('',(73.9,13.4,36.));
#5510 = DIRECTION('',(0.,1.,0.));
#5511 = DIRECTION('',(1.,0.,0.));
#5512 = ADVANCED_FACE('',(#5513),#5531,.F.);
#5513 = FACE_BOUND('',#5514,.F.);
#5514 = EDGE_LOOP('',(#5515,#5516,#5517,#5525));
#5515 = ORIENTED_EDGE('',*,*,#5500,.T.);
#5516 = ORIENTED_EDGE('',*,*,#5074,.T.);
#5517 = ORIENTED_EDGE('',*,*,#5518,.T.);
#5518 = EDGE_CURVE('',#5067,#5519,#5521,.T.);
#5519 = VERTEX_POINT('',#5520);
#5520 = CARTESIAN_POINT('',(73.9,20.4,37.6));
#5521 = LINE('',#5522,#5523);
#5522 = CARTESIAN_POINT('',(86.,20.4,37.6));
#5523 = VECTOR('',#5524,1.);
#5524 = DIRECTION('',(-1.,0.,0.));
#5525 = ORIENTED_EDGE('',*,*,#5526,.T.);
#5526 = EDGE_CURVE('',#5519,#5493,#5527,.T.);
#5527 = LINE('',#5528,#5529);
#5528 = CARTESIAN_POINT('',(73.9,20.4,37.6));
#5529 = VECTOR('',#5530,1.);
#5530 = DIRECTION('',(0.,-1.,0.));
#5531 = PLANE('',#5532);
#5532 = AXIS2_PLACEMENT_3D('',#5533,#5534,#5535);
#5533 = CARTESIAN_POINT('',(79.95,16.9,37.6));
#5534 = DIRECTION('',(0.,0.,1.));
#5535 = DIRECTION('',(1.,0.,0.));
#5536 = ADVANCED_FACE('',(#5537),#5548,.T.);
#5537 = FACE_BOUND('',#5538,.T.);
#5538 = EDGE_LOOP('',(#5539,#5540,#5541,#5547));
#5539 = ORIENTED_EDGE('',*,*,#5066,.T.);
#5540 = ORIENTED_EDGE('',*,*,#5518,.T.);
#5541 = ORIENTED_EDGE('',*,*,#5542,.F.);
#5542 = EDGE_CURVE('',#5140,#5519,#5543,.T.);
#5543 = LINE('',#5544,#5545);
#5544 = CARTESIAN_POINT('',(73.9,20.4,36.));
#5545 = VECTOR('',#5546,1.);
#5546 = DIRECTION('',(0.,0.,1.));
#5547 = ORIENTED_EDGE('',*,*,#5139,.F.);
#5548 = PLANE('',#5549);
#5549 = AXIS2_PLACEMENT_3D('',#5550,#5551,#5552);
#5550 = CARTESIAN_POINT('',(86.,20.4,36.));
#5551 = DIRECTION('',(0.,-1.,0.));
#5552 = DIRECTION('',(-1.,0.,0.));
#5553 = ADVANCED_FACE('',(#5554),#5565,.T.);
#5554 = FACE_BOUND('',#5555,.F.);
#5555 = EDGE_LOOP('',(#5556,#5557,#5558,#5564));
#5556 = ORIENTED_EDGE('',*,*,#5050,.T.);
#5557 = ORIENTED_EDGE('',*,*,#5252,.T.);
#5558 = ORIENTED_EDGE('',*,*,#5559,.F.);
#5559 = EDGE_CURVE('',#5124,#5253,#5560,.T.);
#5560 = LINE('',#5561,#5562);
#5561 = CARTESIAN_POINT('',(84.,33.8,36.));
#5562 = VECTOR('',#5563,1.);
#5563 = DIRECTION('',(0.,0.,1.));
#5564 = ORIENTED_EDGE('',*,*,#5131,.F.);
#5565 = CYLINDRICAL_SURFACE('',#5566,2.);
#5566 = AXIS2_PLACEMENT_3D('',#5567,#5568,#5569);
#5567 = CARTESIAN_POINT('',(84.,31.8,36.));
#5568 = DIRECTION('',(-0.,-0.,-1.));
#5569 = DIRECTION('',(1.,0.,0.));
#5570 = ADVANCED_FACE('',(#5571),#5577,.T.);
#5571 = FACE_BOUND('',#5572,.T.);
#5572 = EDGE_LOOP('',(#5573,#5574,#5575,#5576));
#5573 = ORIENTED_EDGE('',*,*,#5542,.T.);
#5574 = ORIENTED_EDGE('',*,*,#5526,.T.);
#5575 = ORIENTED_EDGE('',*,*,#5492,.F.);
#5576 = ORIENTED_EDGE('',*,*,#5147,.F.);
#5577 = PLANE('',#5578);
#5578 = AXIS2_PLACEMENT_3D('',#5579,#5580,#5581);
#5579 = CARTESIAN_POINT('',(73.9,20.4,36.));
#5580 = DIRECTION('',(1.,0.,0.));
#5581 = DIRECTION('',(0.,-1.,0.));
#5582 = ADVANCED_FACE('',(#5583),#5598,.T.);
#5583 = FACE_BOUND('',#5584,.T.);
#5584 = EDGE_LOOP('',(#5585,#5586,#5587,#5593,#5594,#5595,#5596,#5597));
#5585 = ORIENTED_EDGE('',*,*,#5559,.F.);
#5586 = ORIENTED_EDGE('',*,*,#5123,.T.);
#5587 = ORIENTED_EDGE('',*,*,#5588,.T.);
#5588 = EDGE_CURVE('',#5115,#5414,#5589,.T.);
#5589 = LINE('',#5590,#5591);
#5590 = CARTESIAN_POINT('',(2.,33.8,36.));
#5591 = VECTOR('',#5592,1.);
#5592 = DIRECTION('',(0.,0.,1.));
#5593 = ORIENTED_EDGE('',*,*,#5413,.F.);
#5594 = ORIENTED_EDGE('',*,*,#5395,.T.);
#5595 = ORIENTED_EDGE('',*,*,#5331,.F.);
#5596 = ORIENTED_EDGE('',*,*,#5315,.F.);
#5597 = ORIENTED_EDGE('',*,*,#5261,.F.);
#5598 = PLANE('',#5599);
#5599 = AXIS2_PLACEMENT_3D('',#5600,#5601,#5602);
#5600 = CARTESIAN_POINT('',(42.854945054945,33.8,39.158241758242));
#5601 = DIRECTION('',(0.,1.,0.));
#5602 = DIRECTION('',(0.,0.,1.));
#5603 = ADVANCED_FACE('',(#5604),#5615,.T.);
#5604 = FACE_BOUND('',#5605,.F.);
#5605 = EDGE_LOOP('',(#5606,#5607,#5608,#5614));
#5606 = ORIENTED_EDGE('',*,*,#5588,.T.);
#5607 = ORIENTED_EDGE('',*,*,#5421,.T.);
#5608 = ORIENTED_EDGE('',*,*,#5609,.F.);
#5609 = EDGE_CURVE('',#5107,#5422,#5610,.T.);
#5610 = LINE('',#5611,#5612);
#5611 = CARTESIAN_POINT('',(0.,31.8,36.));
#5612 = VECTOR('',#5613,1.);
#5613 = DIRECTION('',(0.,0.,1.));
#5614 = ORIENTED_EDGE('',*,*,#5114,.F.);
#5615 = CYLINDRICAL_SURFACE('',#5616,2.);
#5616 = AXIS2_PLACEMENT_3D('',#5617,#5618,#5619);
#5617 = CARTESIAN_POINT('',(2.,31.8,36.));
#5618 = DIRECTION('',(-0.,-0.,-1.));
#5619 = DIRECTION('',(1.,0.,0.));
#5620 = ADVANCED_FACE('',(#5621),#5627,.F.);
#5621 = FACE_BOUND('',#5622,.F.);
#5622 = EDGE_LOOP('',(#5623,#5624,#5625,#5626));
#5623 = ORIENTED_EDGE('',*,*,#5609,.T.);
#5624 = ORIENTED_EDGE('',*,*,#5430,.T.);
#5625 = ORIENTED_EDGE('',*,*,#5475,.F.);
#5626 = ORIENTED_EDGE('',*,*,#5106,.F.);
#5627 = PLANE('',#5628);
#5628 = AXIS2_PLACEMENT_3D('',#5629,#5630,#5631);
#5629 = CARTESIAN_POINT('',(0.,31.8,36.));
#5630 = DIRECTION('',(1.,0.,0.));
#5631 = DIRECTION('',(0.,-1.,0.));
#5632 = ADVANCED_FACE('',(#5633),#5652,.F.);
#5633 = FACE_BOUND('',#5634,.T.);
#5634 = EDGE_LOOP('',(#5635,#5643,#5650,#5651));
#5635 = ORIENTED_EDGE('',*,*,#5636,.F.);
#5636 = EDGE_CURVE('',#5637,#5166,#5639,.T.);
#5637 = VERTEX_POINT('',#5638);
#5638 = CARTESIAN_POINT('',(80.25,3.,37.2));
#5639 = LINE('',#5640,#5641);
#5640 = CARTESIAN_POINT('',(80.25,3.,37.2));
#5641 = VECTOR('',#5642,1.);
#5642 = DIRECTION('',(-6.196415250771E-17,0.,-1.));
#5643 = ORIENTED_EDGE('',*,*,#5644,.T.);
#5644 = EDGE_CURVE('',#5637,#5637,#5645,.T.);
#5645 = CIRCLE('',#5646,1.15);
#5646 = AXIS2_PLACEMENT_3D('',#5647,#5648,#5649);
#5647 = CARTESIAN_POINT('',(79.1,3.,37.2));
#5648 = DIRECTION('',(0.,0.,1.));
#5649 = DIRECTION('',(1.,0.,0.));
#5650 = ORIENTED_EDGE('',*,*,#5636,.T.);
#5651 = ORIENTED_EDGE('',*,*,#5165,.T.);
#5652 = CYLINDRICAL_SURFACE('',#5653,1.15);
#5653 = AXIS2_PLACEMENT_3D('',#5654,#5655,#5656);
#5654 = CARTESIAN_POINT('',(79.1,3.,37.2));
#5655 = DIRECTION('',(-0.,-0.,-1.));
#5656 = DIRECTION('',(1.,0.,0.));
#5657 = ADVANCED_FACE('',(#5658),#5677,.F.);
#5658 = FACE_BOUND('',#5659,.T.);
#5659 = EDGE_LOOP('',(#5660,#5668,#5675,#5676));
#5660 = ORIENTED_EDGE('',*,*,#5661,.F.);
#5661 = EDGE_CURVE('',#5662,#5177,#5664,.T.);
#5662 = VERTEX_POINT('',#5663);
#5663 = CARTESIAN_POINT('',(8.05,3.,37.2));
#5664 = LINE('',#5665,#5666);
#5665 = CARTESIAN_POINT('',(8.05,3.,37.2));
#5666 = VECTOR('',#5667,1.);
#5667 = DIRECTION('',(-6.196415250771E-17,0.,-1.));
#5668 = ORIENTED_EDGE('',*,*,#5669,.T.);
#5669 = EDGE_CURVE('',#5662,#5662,#5670,.T.);
#5670 = CIRCLE('',#5671,1.15);
#5671 = AXIS2_PLACEMENT_3D('',#5672,#5673,#5674);
#5672 = CARTESIAN_POINT('',(6.9,3.,37.2));
#5673 = DIRECTION('',(0.,0.,1.));
#5674 = DIRECTION('',(1.,0.,0.));
#5675 = ORIENTED_EDGE('',*,*,#5661,.T.);
#5676 = ORIENTED_EDGE('',*,*,#5176,.T.);
#5677 = CYLINDRICAL_SURFACE('',#5678,1.15);
#5678 = AXIS2_PLACEMENT_3D('',#5679,#5680,#5681);
#5679 = CARTESIAN_POINT('',(6.9,3.,37.2));
#5680 = DIRECTION('',(-0.,-0.,-1.));
#5681 = DIRECTION('',(1.,0.,0.));
#5682 = ADVANCED_FACE('',(#5683),#5708,.F.);
#5683 = FACE_BOUND('',#5684,.F.);
#5684 = EDGE_LOOP('',(#5685,#5695,#5701,#5702));
#5685 = ORIENTED_EDGE('',*,*,#5686,.F.);
#5686 = EDGE_CURVE('',#5687,#5689,#5691,.T.);
#5687 = VERTEX_POINT('',#5688);
#5688 = CARTESIAN_POINT('',(20.9,2.4,42.6));
#5689 = VERTEX_POINT('',#5690);
#5690 = CARTESIAN_POINT('',(61.1,2.4,42.6));
#5691 = LINE('',#5692,#5693);
#5692 = CARTESIAN_POINT('',(20.9,2.4,42.6));
#5693 = VECTOR('',#5694,1.);
#5694 = DIRECTION('',(1.,0.,0.));
#5695 = ORIENTED_EDGE('',*,*,#5696,.T.);
#5696 = EDGE_CURVE('',#5687,#5190,#5697,.T.);
#5697 = LINE('',#5698,#5699);
#5698 = CARTESIAN_POINT('',(20.9,2.4,42.6));
#5699 = VECTOR('',#5700,1.);
#5700 = DIRECTION('',(-0.,-0.,-1.));
#5701 = ORIENTED_EDGE('',*,*,#5187,.F.);
#5702 = ORIENTED_EDGE('',*,*,#5703,.F.);
#5703 = EDGE_CURVE('',#5689,#5188,#5704,.T.);
#5704 = LINE('',#5705,#5706);
#5705 = CARTESIAN_POINT('',(61.1,2.4,42.6));
#5706 = VECTOR('',#5707,1.);
#5707 = DIRECTION('',(-0.,-0.,-1.));
#5708 = PLANE('',#5709);
#5709 = AXIS2_PLACEMENT_3D('',#5710,#5711,#5712);
#5710 = CARTESIAN_POINT('',(20.9,2.4,42.6));
#5711 = DIRECTION('',(0.,-1.,0.));
#5712 = DIRECTION('',(1.,0.,0.));
#5713 = ADVANCED_FACE('',(#5714),#5732,.F.);
#5714 = FACE_BOUND('',#5715,.F.);
#5715 = EDGE_LOOP('',(#5716,#5724,#5725,#5726));
#5716 = ORIENTED_EDGE('',*,*,#5717,.F.);
#5717 = EDGE_CURVE('',#5689,#5718,#5720,.T.);
#5718 = VERTEX_POINT('',#5719);
#5719 = CARTESIAN_POINT('',(61.1,31.4,42.6));
#5720 = LINE('',#5721,#5722);
#5721 = CARTESIAN_POINT('',(61.1,2.4,42.6));
#5722 = VECTOR('',#5723,1.);
#5723 = DIRECTION('',(0.,1.,0.));
#5724 = ORIENTED_EDGE('',*,*,#5703,.T.);
#5725 = ORIENTED_EDGE('',*,*,#5197,.F.);
#5726 = ORIENTED_EDGE('',*,*,#5727,.F.);
#5727 = EDGE_CURVE('',#5718,#5198,#5728,.T.);
#5728 = LINE('',#5729,#5730);
#5729 = CARTESIAN_POINT('',(61.1,31.4,42.6));
#5730 = VECTOR('',#5731,1.);
#5731 = DIRECTION('',(-0.,-0.,-1.));
#5732 = PLANE('',#5733);
#5733 = AXIS2_PLACEMENT_3D('',#5734,#5735,#5736);
#5734 = CARTESIAN_POINT('',(61.1,2.4,42.6));
#5735 = DIRECTION('',(1.,0.,0.));
#5736 = DIRECTION('',(0.,1.,0.));
#5737 = ADVANCED_FACE('',(#5738),#5756,.F.);
#5738 = FACE_BOUND('',#5739,.F.);
#5739 = EDGE_LOOP('',(#5740,#5748,#5754,#5755));
#5740 = ORIENTED_EDGE('',*,*,#5741,.F.);
#5741 = EDGE_CURVE('',#5742,#5687,#5744,.T.);
#5742 = VERTEX_POINT('',#5743);
#5743 = CARTESIAN_POINT('',(20.9,31.4,42.6));
#5744 = LINE('',#5745,#5746);
#5745 = CARTESIAN_POINT('',(20.9,31.4,42.6));
#5746 = VECTOR('',#5747,1.);
#5747 = DIRECTION('',(0.,-1.,0.));
#5748 = ORIENTED_EDGE('',*,*,#5749,.T.);
#5749 = EDGE_CURVE('',#5742,#5206,#5750,.T.);
#5750 = LINE('',#5751,#5752);
#5751 = CARTESIAN_POINT('',(20.9,31.4,42.6));
#5752 = VECTOR('',#5753,1.);
#5753 = DIRECTION('',(-0.,-0.,-1.));
#5754 = ORIENTED_EDGE('',*,*,#5213,.F.);
#5755 = ORIENTED_EDGE('',*,*,#5696,.F.);
#5756 = PLANE('',#5757);
#5757 = AXIS2_PLACEMENT_3D('',#5758,#5759,#5760);
#5758 = CARTESIAN_POINT('',(20.9,31.4,42.6));
#5759 = DIRECTION('',(-1.,0.,0.));
#5760 = DIRECTION('',(0.,-1.,0.));
#5761 = ADVANCED_FACE('',(#5762),#5773,.F.);
#5762 = FACE_BOUND('',#5763,.F.);
#5763 = EDGE_LOOP('',(#5764,#5770,#5771,#5772));
#5764 = ORIENTED_EDGE('',*,*,#5765,.F.);
#5765 = EDGE_CURVE('',#5718,#5742,#5766,.T.);
#5766 = LINE('',#5767,#5768);
#5767 = CARTESIAN_POINT('',(61.1,31.4,42.6));
#5768 = VECTOR('',#5769,1.);
#5769 = DIRECTION('',(-1.,0.,0.));
#5770 = ORIENTED_EDGE('',*,*,#5727,.T.);
#5771 = ORIENTED_EDGE('',*,*,#5205,.F.);
#5772 = ORIENTED_EDGE('',*,*,#5749,.F.);
#5773 = PLANE('',#5774);
#5774 = AXIS2_PLACEMENT_3D('',#5775,#5776,#5777);
#5775 = CARTESIAN_POINT('',(61.1,31.4,42.6));
#5776 = DIRECTION('',(0.,1.,0.));
#5777 = DIRECTION('',(-1.,0.,0.));
#5778 = ADVANCED_FACE('',(#5779),#5798,.F.);
#5779 = FACE_BOUND('',#5780,.T.);
#5780 = EDGE_LOOP('',(#5781,#5789,#5796,#5797));
#5781 = ORIENTED_EDGE('',*,*,#5782,.F.);
#5782 = EDGE_CURVE('',#5783,#5222,#5785,.T.);
#5783 = VERTEX_POINT('',#5784);
#5784 = CARTESIAN_POINT('',(80.25,30.8,37.2));
#5785 = LINE('',#5786,#5787);
#5786 = CARTESIAN_POINT('',(80.25,30.8,37.2));
#5787 = VECTOR('',#5788,1.);
#5788 = DIRECTION('',(-6.196415250771E-17,0.,-1.));
#5789 = ORIENTED_EDGE('',*,*,#5790,.T.);
#5790 = EDGE_CURVE('',#5783,#5783,#5791,.T.);
#5791 = CIRCLE('',#5792,1.15);
#5792 = AXIS2_PLACEMENT_3D('',#5793,#5794,#5795);
#5793 = CARTESIAN_POINT('',(79.1,30.8,37.2));
#5794 = DIRECTION('',(0.,0.,1.));
#5795 = DIRECTION('',(1.,0.,0.));
#5796 = ORIENTED_EDGE('',*,*,#5782,.T.);
#5797 = ORIENTED_EDGE('',*,*,#5221,.T.);
#5798 = CYLINDRICAL_SURFACE('',#5799,1.15);
#5799 = AXIS2_PLACEMENT_3D('',#5800,#5801,#5802);
#5800 = CARTESIAN_POINT('',(79.1,30.8,37.2));
#5801 = DIRECTION('',(-0.,-0.,-1.));
#5802 = DIRECTION('',(1.,0.,0.));
#5803 = ADVANCED_FACE('',(#5804),#5823,.F.);
#5804 = FACE_BOUND('',#5805,.T.);
#5805 = EDGE_LOOP('',(#5806,#5814,#5821,#5822));
#5806 = ORIENTED_EDGE('',*,*,#5807,.F.);
#5807 = EDGE_CURVE('',#5808,#5233,#5810,.T.);
#5808 = VERTEX_POINT('',#5809);
#5809 = CARTESIAN_POINT('',(8.05,30.8,37.2));
#5810 = LINE('',#5811,#5812);
#5811 = CARTESIAN_POINT('',(8.05,30.8,37.2));
#5812 = VECTOR('',#5813,1.);
#5813 = DIRECTION('',(-6.196415250771E-17,0.,-1.));
#5814 = ORIENTED_EDGE('',*,*,#5815,.T.);
#5815 = EDGE_CURVE('',#5808,#5808,#5816,.T.);
#5816 = CIRCLE('',#5817,1.15);
#5817 = AXIS2_PLACEMENT_3D('',#5818,#5819,#5820);
#5818 = CARTESIAN_POINT('',(6.9,30.8,37.2));
#5819 = DIRECTION('',(0.,0.,1.));
#5820 = DIRECTION('',(1.,0.,0.));
#5821 = ORIENTED_EDGE('',*,*,#5807,.T.);
#5822 = ORIENTED_EDGE('',*,*,#5232,.T.);
#5823 = CYLINDRICAL_SURFACE('',#5824,1.15);
#5824 = AXIS2_PLACEMENT_3D('',#5825,#5826,#5827);
#5825 = CARTESIAN_POINT('',(6.9,30.8,37.2));
#5826 = DIRECTION('',(-0.,-0.,-1.));
#5827 = DIRECTION('',(1.,0.,0.));
#5828 = ADVANCED_FACE('',(#5829),#5848,.F.);
#5829 = FACE_BOUND('',#5830,.T.);
#5830 = EDGE_LOOP('',(#5831,#5839,#5840,#5841));
#5831 = ORIENTED_EDGE('',*,*,#5832,.F.);
#5832 = EDGE_CURVE('',#5278,#5833,#5835,.T.);
#5833 = VERTEX_POINT('',#5834);
#5834 = CARTESIAN_POINT('',(81.1,3.,37.2));
#5835 = LINE('',#5836,#5837);
#5836 = CARTESIAN_POINT('',(81.1,3.,38.4));
#5837 = VECTOR('',#5838,1.);
#5838 = DIRECTION('',(0.,0.,-1.));
#5839 = ORIENTED_EDGE('',*,*,#5277,.T.);
#5840 = ORIENTED_EDGE('',*,*,#5832,.T.);
#5841 = ORIENTED_EDGE('',*,*,#5842,.F.);
#5842 = EDGE_CURVE('',#5833,#5833,#5843,.T.);
#5843 = CIRCLE('',#5844,2.);
#5844 = AXIS2_PLACEMENT_3D('',#5845,#5846,#5847);
#5845 = CARTESIAN_POINT('',(79.1,3.,37.2));
#5846 = DIRECTION('',(0.,0.,1.));
#5847 = DIRECTION('',(1.,0.,0.));
#5848 = CYLINDRICAL_SURFACE('',#5849,2.);
#5849 = AXIS2_PLACEMENT_3D('',#5850,#5851,#5852);
#5850 = CARTESIAN_POINT('',(79.1,3.,38.4));
#5851 = DIRECTION('',(-0.,-0.,-1.));
#5852 = DIRECTION('',(1.,0.,0.));
#5853 = ADVANCED_FACE('',(#5854),#5873,.F.);
#5854 = FACE_BOUND('',#5855,.T.);
#5855 = EDGE_LOOP('',(#5856,#5864,#5865,#5866));
#5856 = ORIENTED_EDGE('',*,*,#5857,.F.);
#5857 = EDGE_CURVE('',#5289,#5858,#5860,.T.);
#5858 = VERTEX_POINT('',#5859);
#5859 = CARTESIAN_POINT('',(81.1,30.8,37.2));
#5860 = LINE('',#5861,#5862);
#5861 = CARTESIAN_POINT('',(81.1,30.8,38.4));
#5862 = VECTOR('',#5863,1.);
#5863 = DIRECTION('',(0.,0.,-1.));
#5864 = ORIENTED_EDGE('',*,*,#5288,.T.);
#5865 = ORIENTED_EDGE('',*,*,#5857,.T.);
#5866 = ORIENTED_EDGE('',*,*,#5867,.F.);
#5867 = EDGE_CURVE('',#5858,#5858,#5868,.T.);
#5868 = CIRCLE('',#5869,2.);
#5869 = AXIS2_PLACEMENT_3D('',#5870,#5871,#5872);
#5870 = CARTESIAN_POINT('',(79.1,30.8,37.2));
#5871 = DIRECTION('',(0.,0.,1.));
#5872 = DIRECTION('',(1.,0.,0.));
#5873 = CYLINDRICAL_SURFACE('',#5874,2.);
#5874 = AXIS2_PLACEMENT_3D('',#5875,#5876,#5877);
#5875 = CARTESIAN_POINT('',(79.1,30.8,38.4));
#5876 = DIRECTION('',(-0.,-0.,-1.));
#5877 = DIRECTION('',(1.,0.,0.));
#5878 = ADVANCED_FACE('',(#5879),#5904,.T.);
#5879 = FACE_BOUND('',#5880,.T.);
#5880 = EDGE_LOOP('',(#5881,#5891,#5897,#5898));
#5881 = ORIENTED_EDGE('',*,*,#5882,.F.);
#5882 = EDGE_CURVE('',#5883,#5885,#5887,.T.);
#5883 = VERTEX_POINT('',#5884);
#5884 = CARTESIAN_POINT('',(47.73,4.73,42.6));
#5885 = VERTEX_POINT('',#5886);
#5886 = CARTESIAN_POINT('',(47.73,29.07,42.6));
#5887 = LINE('',#5888,#5889);
#5888 = CARTESIAN_POINT('',(47.73,4.73,42.6));
#5889 = VECTOR('',#5890,1.);
#5890 = DIRECTION('',(0.,1.,0.));
#5891 = ORIENTED_EDGE('',*,*,#5892,.T.);
#5892 = EDGE_CURVE('',#5883,#5350,#5893,.T.);
#5893 = LINE('',#5894,#5895);
#5894 = CARTESIAN_POINT('',(47.73,4.73,42.6));
#5895 = VECTOR('',#5896,1.);
#5896 = DIRECTION('',(0.,0.,1.));
#5897 = ORIENTED_EDGE('',*,*,#5347,.F.);
#5898 = ORIENTED_EDGE('',*,*,#5899,.F.);
#5899 = EDGE_CURVE('',#5885,#5348,#5900,.T.);
#5900 = LINE('',#5901,#5902);
#5901 = CARTESIAN_POINT('',(47.73,29.07,42.6));
#5902 = VECTOR('',#5903,1.);
#5903 = DIRECTION('',(0.,0.,1.));
#5904 = PLANE('',#5905);
#5905 = AXIS2_PLACEMENT_3D('',#5906,#5907,#5908);
#5906 = CARTESIAN_POINT('',(47.73,4.73,42.6));
#5907 = DIRECTION('',(-1.,0.,0.));
#5908 = DIRECTION('',(0.,1.,0.));
#5909 = ADVANCED_FACE('',(#5910),#5928,.T.);
#5910 = FACE_BOUND('',#5911,.T.);
#5911 = EDGE_LOOP('',(#5912,#5920,#5921,#5922));
#5912 = ORIENTED_EDGE('',*,*,#5913,.F.);
#5913 = EDGE_CURVE('',#5885,#5914,#5916,.T.);
#5914 = VERTEX_POINT('',#5915);
#5915 = CARTESIAN_POINT('',(34.27,29.07,42.6));
#5916 = LINE('',#5917,#5918);
#5917 = CARTESIAN_POINT('',(47.73,29.07,42.6));
#5918 = VECTOR('',#5919,1.);
#5919 = DIRECTION('',(-1.,0.,0.));
#5920 = ORIENTED_EDGE('',*,*,#5899,.T.);
#5921 = ORIENTED_EDGE('',*,*,#5373,.F.);
#5922 = ORIENTED_EDGE('',*,*,#5923,.F.);
#5923 = EDGE_CURVE('',#5914,#5366,#5924,.T.);
#5924 = LINE('',#5925,#5926);
#5925 = CARTESIAN_POINT('',(34.27,29.07,42.6));
#5926 = VECTOR('',#5927,1.);
#5927 = DIRECTION('',(0.,0.,1.));
#5928 = PLANE('',#5929);
#5929 = AXIS2_PLACEMENT_3D('',#5930,#5931,#5932);
#5930 = CARTESIAN_POINT('',(47.73,29.07,42.6));
#5931 = DIRECTION('',(0.,-1.,0.));
#5932 = DIRECTION('',(-1.,0.,0.));
#5933 = ADVANCED_FACE('',(#5934),#5952,.T.);
#5934 = FACE_BOUND('',#5935,.T.);
#5935 = EDGE_LOOP('',(#5936,#5944,#5945,#5946));
#5936 = ORIENTED_EDGE('',*,*,#5937,.F.);
#5937 = EDGE_CURVE('',#5914,#5938,#5940,.T.);
#5938 = VERTEX_POINT('',#5939);
#5939 = CARTESIAN_POINT('',(34.27,4.73,42.6));
#5940 = LINE('',#5941,#5942);
#5941 = CARTESIAN_POINT('',(34.27,29.07,42.6));
#5942 = VECTOR('',#5943,1.);
#5943 = DIRECTION('',(0.,-1.,0.));
#5944 = ORIENTED_EDGE('',*,*,#5923,.T.);
#5945 = ORIENTED_EDGE('',*,*,#5365,.F.);
#5946 = ORIENTED_EDGE('',*,*,#5947,.F.);
#5947 = EDGE_CURVE('',#5938,#5358,#5948,.T.);
#5948 = LINE('',#5949,#5950);
#5949 = CARTESIAN_POINT('',(34.27,4.73,42.6));
#5950 = VECTOR('',#5951,1.);
#5951 = DIRECTION('',(0.,0.,1.));
#5952 = PLANE('',#5953);
#5953 = AXIS2_PLACEMENT_3D('',#5954,#5955,#5956);
#5954 = CARTESIAN_POINT('',(34.27,29.07,42.6));
#5955 = DIRECTION('',(1.,0.,0.));
#5956 = DIRECTION('',(0.,-1.,0.));
#5957 = ADVANCED_FACE('',(#5958),#5969,.T.);
#5958 = FACE_BOUND('',#5959,.T.);
#5959 = EDGE_LOOP('',(#5960,#5966,#5967,#5968));
#5960 = ORIENTED_EDGE('',*,*,#5961,.F.);
#5961 = EDGE_CURVE('',#5938,#5883,#5962,.T.);
#5962 = LINE('',#5963,#5964);
#5963 = CARTESIAN_POINT('',(34.27,4.73,42.6));
#5964 = VECTOR('',#5965,1.);
#5965 = DIRECTION('',(1.,0.,0.));
#5966 = ORIENTED_EDGE('',*,*,#5947,.T.);
#5967 = ORIENTED_EDGE('',*,*,#5357,.F.);
#5968 = ORIENTED_EDGE('',*,*,#5892,.F.);
#5969 = PLANE('',#5970);
#5970 = AXIS2_PLACEMENT_3D('',#5971,#5972,#5973);
#5971 = CARTESIAN_POINT('',(34.27,4.73,42.6));
#5972 = DIRECTION('',(0.,1.,0.));
#5973 = DIRECTION('',(1.,0.,0.));
#5974 = ADVANCED_FACE('',(#5975),#5994,.F.);
#5975 = FACE_BOUND('',#5976,.T.);
#5976 = EDGE_LOOP('',(#5977,#5985,#5986,#5987));
#5977 = ORIENTED_EDGE('',*,*,#5978,.F.);
#5978 = EDGE_CURVE('',#5448,#5979,#5981,.T.);
#5979 = VERTEX_POINT('',#5980);
#5980 = CARTESIAN_POINT('',(8.9,3.,37.2));
#5981 = LINE('',#5982,#5983);
#5982 = CARTESIAN_POINT('',(8.9,3.,38.4));
#5983 = VECTOR('',#5984,1.);
#5984 = DIRECTION('',(0.,0.,-1.));
#5985 = ORIENTED_EDGE('',*,*,#5447,.T.);
#5986 = ORIENTED_EDGE('',*,*,#5978,.T.);
#5987 = ORIENTED_EDGE('',*,*,#5988,.F.);
#5988 = EDGE_CURVE('',#5979,#5979,#5989,.T.);
#5989 = CIRCLE('',#5990,2.);
#5990 = AXIS2_PLACEMENT_3D('',#5991,#5992,#5993);
#5991 = CARTESIAN_POINT('',(6.9,3.,37.2));
#5992 = DIRECTION('',(0.,0.,1.));
#5993 = DIRECTION('',(1.,0.,0.));
#5994 = CYLINDRICAL_SURFACE('',#5995,2.);
#5995 = AXIS2_PLACEMENT_3D('',#5996,#5997,#5998);
#5996 = CARTESIAN_POINT('',(6.9,3.,38.4));
#5997 = DIRECTION('',(-0.,-0.,-1.));
#5998 = DIRECTION('',(1.,0.,0.));
#5999 = ADVANCED_FACE('',(#6000),#6019,.F.);
#6000 = FACE_BOUND('',#6001,.T.);
#6001 = EDGE_LOOP('',(#6002,#6010,#6011,#6012));
#6002 = ORIENTED_EDGE('',*,*,#6003,.F.);
#6003 = EDGE_CURVE('',#5459,#6004,#6006,.T.);
#6004 = VERTEX_POINT('',#6005);
#6005 = CARTESIAN_POINT('',(8.9,30.8,37.2));
#6006 = LINE('',#6007,#6008);
#6007 = CARTESIAN_POINT('',(8.9,30.8,38.4));
#6008 = VECTOR('',#6009,1.);
#6009 = DIRECTION('',(0.,0.,-1.));
#6010 = ORIENTED_EDGE('',*,*,#5458,.T.);
#6011 = ORIENTED_EDGE('',*,*,#6003,.T.);
#6012 = ORIENTED_EDGE('',*,*,#6013,.F.);
#6013 = EDGE_CURVE('',#6004,#6004,#6014,.T.);
#6014 = CIRCLE('',#6015,2.);
#6015 = AXIS2_PLACEMENT_3D('',#6016,#6017,#6018);
#6016 = CARTESIAN_POINT('',(6.9,30.8,37.2));
#6017 = DIRECTION('',(0.,0.,1.));
#6018 = DIRECTION('',(1.,0.,0.));
#6019 = CYLINDRICAL_SURFACE('',#6020,2.);
#6020 = AXIS2_PLACEMENT_3D('',#6021,#6022,#6023);
#6021 = CARTESIAN_POINT('',(6.9,30.8,38.4));
#6022 = DIRECTION('',(-0.,-0.,-1.));
#6023 = DIRECTION('',(1.,0.,0.));
#6024 = ADVANCED_FACE('',(#6025,#6028),#6031,.T.);
#6025 = FACE_BOUND('',#6026,.T.);
#6026 = EDGE_LOOP('',(#6027));
#6027 = ORIENTED_EDGE('',*,*,#5842,.T.);
#6028 = FACE_BOUND('',#6029,.T.);
#6029 = EDGE_LOOP('',(#6030));
#6030 = ORIENTED_EDGE('',*,*,#5644,.F.);
#6031 = PLANE('',#6032);
#6032 = AXIS2_PLACEMENT_3D('',#6033,#6034,#6035);
#6033 = CARTESIAN_POINT('',(79.1,3.,37.2));
#6034 = DIRECTION('',(0.,0.,1.));
#6035 = DIRECTION('',(1.,0.,0.));
#6036 = ADVANCED_FACE('',(#6037,#6040),#6043,.T.);
#6037 = FACE_BOUND('',#6038,.T.);
#6038 = EDGE_LOOP('',(#6039));
#6039 = ORIENTED_EDGE('',*,*,#5988,.T.);
#6040 = FACE_BOUND('',#6041,.T.);
#6041 = EDGE_LOOP('',(#6042));
#6042 = ORIENTED_EDGE('',*,*,#5669,.F.);
#6043 = PLANE('',#6044);
#6044 = AXIS2_PLACEMENT_3D('',#6045,#6046,#6047);
#6045 = CARTESIAN_POINT('',(6.9,3.,37.2));
#6046 = DIRECTION('',(0.,0.,1.));
#6047 = DIRECTION('',(1.,0.,0.));
#6048 = ADVANCED_FACE('',(#6049,#6055,#6066,#6077,#6083,#6094),#6105,.F.
  );
#6049 = FACE_BOUND('',#6050,.F.);
#6050 = EDGE_LOOP('',(#6051,#6052,#6053,#6054));
#6051 = ORIENTED_EDGE('',*,*,#5686,.T.);
#6052 = ORIENTED_EDGE('',*,*,#5717,.T.);
#6053 = ORIENTED_EDGE('',*,*,#5765,.T.);
#6054 = ORIENTED_EDGE('',*,*,#5741,.T.);
#6055 = FACE_BOUND('',#6056,.F.);
#6056 = EDGE_LOOP('',(#6057));
#6057 = ORIENTED_EDGE('',*,*,#6058,.F.);
#6058 = EDGE_CURVE('',#6059,#6059,#6061,.T.);
#6059 = VERTEX_POINT('',#6060);
#6060 = CARTESIAN_POINT('',(33.1,5.15,42.6));
#6061 = CIRCLE('',#6062,2.);
#6062 = AXIS2_PLACEMENT_3D('',#6063,#6064,#6065);
#6063 = CARTESIAN_POINT('',(31.1,5.15,42.6));
#6064 = DIRECTION('',(0.,0.,1.));
#6065 = DIRECTION('',(1.,0.,0.));
#6066 = FACE_BOUND('',#6067,.F.);
#6067 = EDGE_LOOP('',(#6068));
#6068 = ORIENTED_EDGE('',*,*,#6069,.F.);
#6069 = EDGE_CURVE('',#6070,#6070,#6072,.T.);
#6070 = VERTEX_POINT('',#6071);
#6071 = CARTESIAN_POINT('',(56.9,5.15,42.6));
#6072 = CIRCLE('',#6073,2.);
#6073 = AXIS2_PLACEMENT_3D('',#6074,#6075,#6076);
#6074 = CARTESIAN_POINT('',(54.9,5.15,42.6));
#6075 = DIRECTION('',(0.,0.,1.));
#6076 = DIRECTION('',(1.,0.,0.));
#6077 = FACE_BOUND('',#6078,.F.);
#6078 = EDGE_LOOP('',(#6079,#6080,#6081,#6082));
#6079 = ORIENTED_EDGE('',*,*,#5961,.F.);
#6080 = ORIENTED_EDGE('',*,*,#5937,.F.);
#6081 = ORIENTED_EDGE('',*,*,#5913,.F.);
#6082 = ORIENTED_EDGE('',*,*,#5882,.F.);
#6083 = FACE_BOUND('',#6084,.F.);
#6084 = EDGE_LOOP('',(#6085));
#6085 = ORIENTED_EDGE('',*,*,#6086,.F.);
#6086 = EDGE_CURVE('',#6087,#6087,#6089,.T.);
#6087 = VERTEX_POINT('',#6088);
#6088 = CARTESIAN_POINT('',(33.1,28.65,42.6));
#6089 = CIRCLE('',#6090,2.);
#6090 = AXIS2_PLACEMENT_3D('',#6091,#6092,#6093);
#6091 = CARTESIAN_POINT('',(31.1,28.65,42.6));
#6092 = DIRECTION('',(0.,0.,1.));
#6093 = DIRECTION('',(1.,0.,0.));
#6094 = FACE_BOUND('',#6095,.F.);
#6095 = EDGE_LOOP('',(#6096));
#6096 = ORIENTED_EDGE('',*,*,#6097,.F.);
#6097 = EDGE_CURVE('',#6098,#6098,#6100,.T.);
#6098 = VERTEX_POINT('',#6099);
#6099 = CARTESIAN_POINT('',(56.9,28.65,42.6));
#6100 = CIRCLE('',#6101,2.);
#6101 = AXIS2_PLACEMENT_3D('',#6102,#6103,#6104);
#6102 = CARTESIAN_POINT('',(54.9,28.65,42.6));
#6103 = DIRECTION('',(0.,0.,1.));
#6104 = DIRECTION('',(1.,0.,0.));
#6105 = PLANE('',#6106);
#6106 = AXIS2_PLACEMENT_3D('',#6107,#6108,#6109);
#6107 = CARTESIAN_POINT('',(41.,16.9,42.6));
#6108 = DIRECTION('',(0.,0.,1.));
#6109 = DIRECTION('',(1.,0.,0.));
#6110 = ADVANCED_FACE('',(#6111,#6114),#6117,.T.);
#6111 = FACE_BOUND('',#6112,.T.);
#6112 = EDGE_LOOP('',(#6113));
#6113 = ORIENTED_EDGE('',*,*,#5867,.T.);
#6114 = FACE_BOUND('',#6115,.T.);
#6115 = EDGE_LOOP('',(#6116));
#6116 = ORIENTED_EDGE('',*,*,#5790,.F.);
#6117 = PLANE('',#6118);
#6118 = AXIS2_PLACEMENT_3D('',#6119,#6120,#6121);
#6119 = CARTESIAN_POINT('',(79.1,30.8,37.2));
#6120 = DIRECTION('',(0.,0.,1.));
#6121 = DIRECTION('',(1.,0.,0.));
#6122 = ADVANCED_FACE('',(#6123,#6126),#6129,.T.);
#6123 = FACE_BOUND('',#6124,.T.);
#6124 = EDGE_LOOP('',(#6125));
#6125 = ORIENTED_EDGE('',*,*,#6013,.T.);
#6126 = FACE_BOUND('',#6127,.T.);
#6127 = EDGE_LOOP('',(#6128));
#6128 = ORIENTED_EDGE('',*,*,#5815,.F.);
#6129 = PLANE('',#6130);
#6130 = AXIS2_PLACEMENT_3D('',#6131,#6132,#6133);
#6131 = CARTESIAN_POINT('',(6.9,30.8,37.2));
#6132 = DIRECTION('',(0.,0.,1.));
#6133 = DIRECTION('',(1.,0.,0.));
#6134 = ADVANCED_FACE('',(#6135),#6154,.T.);
#6135 = FACE_BOUND('',#6136,.T.);
#6136 = EDGE_LOOP('',(#6137,#6145,#6152,#6153));
#6137 = ORIENTED_EDGE('',*,*,#6138,.T.);
#6138 = EDGE_CURVE('',#6059,#6139,#6141,.T.);
#6139 = VERTEX_POINT('',#6140);
#6140 = CARTESIAN_POINT('',(33.1,5.15,40.8));
#6141 = LINE('',#6142,#6143);
#6142 = CARTESIAN_POINT('',(33.1,5.15,42.6));
#6143 = VECTOR('',#6144,1.);
#6144 = DIRECTION('',(-0.,-0.,-1.));
#6145 = ORIENTED_EDGE('',*,*,#6146,.T.);
#6146 = EDGE_CURVE('',#6139,#6139,#6147,.T.);
#6147 = CIRCLE('',#6148,2.);
#6148 = AXIS2_PLACEMENT_3D('',#6149,#6150,#6151);
#6149 = CARTESIAN_POINT('',(31.1,5.15,40.8));
#6150 = DIRECTION('',(0.,0.,1.));
#6151 = DIRECTION('',(1.,0.,0.));
#6152 = ORIENTED_EDGE('',*,*,#6138,.F.);
#6153 = ORIENTED_EDGE('',*,*,#6058,.F.);
#6154 = CYLINDRICAL_SURFACE('',#6155,2.);
#6155 = AXIS2_PLACEMENT_3D('',#6156,#6157,#6158);
#6156 = CARTESIAN_POINT('',(31.1,5.15,42.6));
#6157 = DIRECTION('',(0.,0.,1.));
#6158 = DIRECTION('',(1.,0.,0.));
#6159 = ADVANCED_FACE('',(#6160),#6179,.T.);
#6160 = FACE_BOUND('',#6161,.T.);
#6161 = EDGE_LOOP('',(#6162,#6170,#6177,#6178));
#6162 = ORIENTED_EDGE('',*,*,#6163,.T.);
#6163 = EDGE_CURVE('',#6070,#6164,#6166,.T.);
#6164 = VERTEX_POINT('',#6165);
#6165 = CARTESIAN_POINT('',(56.9,5.15,40.8));
#6166 = LINE('',#6167,#6168);
#6167 = CARTESIAN_POINT('',(56.9,5.15,42.6));
#6168 = VECTOR('',#6169,1.);
#6169 = DIRECTION('',(-0.,-0.,-1.));
#6170 = ORIENTED_EDGE('',*,*,#6171,.T.);
#6171 = EDGE_CURVE('',#6164,#6164,#6172,.T.);
#6172 = CIRCLE('',#6173,2.);
#6173 = AXIS2_PLACEMENT_3D('',#6174,#6175,#6176);
#6174 = CARTESIAN_POINT('',(54.9,5.15,40.8));
#6175 = DIRECTION('',(0.,0.,1.));
#6176 = DIRECTION('',(1.,0.,0.));
#6177 = ORIENTED_EDGE('',*,*,#6163,.F.);
#6178 = ORIENTED_EDGE('',*,*,#6069,.F.);
#6179 = CYLINDRICAL_SURFACE('',#6180,2.);
#6180 = AXIS2_PLACEMENT_3D('',#6181,#6182,#6183);
#6181 = CARTESIAN_POINT('',(54.9,5.15,42.6));
#6182 = DIRECTION('',(0.,0.,1.));
#6183 = DIRECTION('',(1.,0.,0.));
#6184 = ADVANCED_FACE('',(#6185),#6204,.T.);
#6185 = FACE_BOUND('',#6186,.T.);
#6186 = EDGE_LOOP('',(#6187,#6195,#6202,#6203));
#6187 = ORIENTED_EDGE('',*,*,#6188,.T.);
#6188 = EDGE_CURVE('',#6087,#6189,#6191,.T.);
#6189 = VERTEX_POINT('',#6190);
#6190 = CARTESIAN_POINT('',(33.1,28.65,40.8));
#6191 = LINE('',#6192,#6193);
#6192 = CARTESIAN_POINT('',(33.1,28.65,42.6));
#6193 = VECTOR('',#6194,1.);
#6194 = DIRECTION('',(-0.,-0.,-1.));
#6195 = ORIENTED_EDGE('',*,*,#6196,.T.);
#6196 = EDGE_CURVE('',#6189,#6189,#6197,.T.);
#6197 = CIRCLE('',#6198,2.);
#6198 = AXIS2_PLACEMENT_3D('',#6199,#6200,#6201);
#6199 = CARTESIAN_POINT('',(31.1,28.65,40.8));
#6200 = DIRECTION('',(0.,0.,1.));
#6201 = DIRECTION('',(1.,0.,0.));
#6202 = ORIENTED_EDGE('',*,*,#6188,.F.);
#6203 = ORIENTED_EDGE('',*,*,#6086,.F.);
#6204 = CYLINDRICAL_SURFACE('',#6205,2.);
#6205 = AXIS2_PLACEMENT_3D('',#6206,#6207,#6208);
#6206 = CARTESIAN_POINT('',(31.1,28.65,42.6));
#6207 = DIRECTION('',(0.,0.,1.));
#6208 = DIRECTION('',(1.,0.,0.));
#6209 = ADVANCED_FACE('',(#6210),#6229,.T.);
#6210 = FACE_BOUND('',#6211,.T.);
#6211 = EDGE_LOOP('',(#6212,#6220,#6227,#6228));
#6212 = ORIENTED_EDGE('',*,*,#6213,.T.);
#6213 = EDGE_CURVE('',#6098,#6214,#6216,.T.);
#6214 = VERTEX_POINT('',#6215);
#6215 = CARTESIAN_POINT('',(56.9,28.65,40.8));
#6216 = LINE('',#6217,#6218);
#6217 = CARTESIAN_POINT('',(56.9,28.65,42.6));
#6218 = VECTOR('',#6219,1.);
#6219 = DIRECTION('',(-0.,-0.,-1.));
#6220 = ORIENTED_EDGE('',*,*,#6221,.T.);
#6221 = EDGE_CURVE('',#6214,#6214,#6222,.T.);
#6222 = CIRCLE('',#6223,2.);
#6223 = AXIS2_PLACEMENT_3D('',#6224,#6225,#6226);
#6224 = CARTESIAN_POINT('',(54.9,28.65,40.8));
#6225 = DIRECTION('',(0.,0.,1.));
#6226 = DIRECTION('',(1.,0.,0.));
#6227 = ORIENTED_EDGE('',*,*,#6213,.F.);
#6228 = ORIENTED_EDGE('',*,*,#6097,.F.);
#6229 = CYLINDRICAL_SURFACE('',#6230,2.);
#6230 = AXIS2_PLACEMENT_3D('',#6231,#6232,#6233);
#6231 = CARTESIAN_POINT('',(54.9,28.65,42.6));
#6232 = DIRECTION('',(0.,0.,1.));
#6233 = DIRECTION('',(1.,0.,0.));
#6234 = ADVANCED_FACE('',(#6235,#6238),#6249,.F.);
#6235 = FACE_BOUND('',#6236,.F.);
#6236 = EDGE_LOOP('',(#6237));
#6237 = ORIENTED_EDGE('',*,*,#6146,.T.);
#6238 = FACE_BOUND('',#6239,.F.);
#6239 = EDGE_LOOP('',(#6240));
#6240 = ORIENTED_EDGE('',*,*,#6241,.F.);
#6241 = EDGE_CURVE('',#6242,#6242,#6244,.T.);
#6242 = VERTEX_POINT('',#6243);
#6243 = CARTESIAN_POINT('',(31.95,5.15,40.8));
#6244 = CIRCLE('',#6245,0.85);
#6245 = AXIS2_PLACEMENT_3D('',#6246,#6247,#6248);
#6246 = CARTESIAN_POINT('',(31.1,5.15,40.8));
#6247 = DIRECTION('',(0.,0.,1.));
#6248 = DIRECTION('',(1.,0.,0.));
#6249 = PLANE('',#6250);
#6250 = AXIS2_PLACEMENT_3D('',#6251,#6252,#6253);
#6251 = CARTESIAN_POINT('',(43.,16.9,40.8));
#6252 = DIRECTION('',(0.,0.,1.));
#6253 = DIRECTION('',(1.,0.,0.));
#6254 = ADVANCED_FACE('',(#6255,#6258),#6269,.F.);
#6255 = FACE_BOUND('',#6256,.F.);
#6256 = EDGE_LOOP('',(#6257));
#6257 = ORIENTED_EDGE('',*,*,#6171,.T.);
#6258 = FACE_BOUND('',#6259,.F.);
#6259 = EDGE_LOOP('',(#6260));
#6260 = ORIENTED_EDGE('',*,*,#6261,.F.);
#6261 = EDGE_CURVE('',#6262,#6262,#6264,.T.);
#6262 = VERTEX_POINT('',#6263);
#6263 = CARTESIAN_POINT('',(55.75,5.15,40.8));
#6264 = CIRCLE('',#6265,0.85);
#6265 = AXIS2_PLACEMENT_3D('',#6266,#6267,#6268);
#6266 = CARTESIAN_POINT('',(54.9,5.15,40.8));
#6267 = DIRECTION('',(0.,0.,1.));
#6268 = DIRECTION('',(1.,0.,0.));
#6269 = PLANE('',#6270);
#6270 = AXIS2_PLACEMENT_3D('',#6271,#6272,#6273);
#6271 = CARTESIAN_POINT('',(43.,16.9,40.8));
#6272 = DIRECTION('',(0.,0.,1.));
#6273 = DIRECTION('',(1.,0.,0.));
#6274 = ADVANCED_FACE('',(#6275,#6278),#6289,.F.);
#6275 = FACE_BOUND('',#6276,.F.);
#6276 = EDGE_LOOP('',(#6277));
#6277 = ORIENTED_EDGE('',*,*,#6196,.T.);
#6278 = FACE_BOUND('',#6279,.F.);
#6279 = EDGE_LOOP('',(#6280));
#6280 = ORIENTED_EDGE('',*,*,#6281,.F.);
#6281 = EDGE_CURVE('',#6282,#6282,#6284,.T.);
#6282 = VERTEX_POINT('',#6283);
#6283 = CARTESIAN_POINT('',(31.95,28.65,40.8));
#6284 = CIRCLE('',#6285,0.85);
#6285 = AXIS2_PLACEMENT_3D('',#6286,#6287,#6288);
#6286 = CARTESIAN_POINT('',(31.1,28.65,40.8));
#6287 = DIRECTION('',(0.,0.,1.));
#6288 = DIRECTION('',(1.,0.,0.));
#6289 = PLANE('',#6290);
#6290 = AXIS2_PLACEMENT_3D('',#6291,#6292,#6293);
#6291 = CARTESIAN_POINT('',(43.,16.9,40.8));
#6292 = DIRECTION('',(0.,0.,1.));
#6293 = DIRECTION('',(1.,0.,0.));
#6294 = ADVANCED_FACE('',(#6295,#6298),#6309,.F.);
#6295 = FACE_BOUND('',#6296,.F.);
#6296 = EDGE_LOOP('',(#6297));
#6297 = ORIENTED_EDGE('',*,*,#6221,.T.);
#6298 = FACE_BOUND('',#6299,.F.);
#6299 = EDGE_LOOP('',(#6300));
#6300 = ORIENTED_EDGE('',*,*,#6301,.F.);
#6301 = EDGE_CURVE('',#6302,#6302,#6304,.T.);
#6302 = VERTEX_POINT('',#6303);
#6303 = CARTESIAN_POINT('',(55.75,28.65,40.8));
#6304 = CIRCLE('',#6305,0.85);
#6305 = AXIS2_PLACEMENT_3D('',#6306,#6307,#6308);
#6306 = CARTESIAN_POINT('',(54.9,28.65,40.8));
#6307 = DIRECTION('',(0.,0.,1.));
#6308 = DIRECTION('',(1.,0.,0.));
#6309 = PLANE('',#6310);
#6310 = AXIS2_PLACEMENT_3D('',#6311,#6312,#6313);
#6311 = CARTESIAN_POINT('',(43.,16.9,40.8));
#6312 = DIRECTION('',(0.,0.,1.));
#6313 = DIRECTION('',(1.,0.,0.));
#6314 = ADVANCED_FACE('',(#6315),#6334,.F.);
#6315 = FACE_BOUND('',#6316,.T.);
#6316 = EDGE_LOOP('',(#6317,#6325,#6332,#6333));
#6317 = ORIENTED_EDGE('',*,*,#6318,.T.);
#6318 = EDGE_CURVE('',#6242,#6319,#6321,.T.);
#6319 = VERTEX_POINT('',#6320);
#6320 = CARTESIAN_POINT('',(31.95,5.15,43.8));
#6321 = LINE('',#6322,#6323);
#6322 = CARTESIAN_POINT('',(31.95,5.15,40.8));
#6323 = VECTOR('',#6324,1.);
#6324 = DIRECTION('',(0.,0.,1.));
#6325 = ORIENTED_EDGE('',*,*,#6326,.T.);
#6326 = EDGE_CURVE('',#6319,#6319,#6327,.T.);
#6327 = CIRCLE('',#6328,0.85);
#6328 = AXIS2_PLACEMENT_3D('',#6329,#6330,#6331);
#6329 = CARTESIAN_POINT('',(31.1,5.15,43.8));
#6330 = DIRECTION('',(0.,0.,1.));
#6331 = DIRECTION('',(1.,0.,0.));
#6332 = ORIENTED_EDGE('',*,*,#6318,.F.);
#6333 = ORIENTED_EDGE('',*,*,#6241,.F.);
#6334 = CYLINDRICAL_SURFACE('',#6335,0.85);
#6335 = AXIS2_PLACEMENT_3D('',#6336,#6337,#6338);
#6336 = CARTESIAN_POINT('',(31.1,5.15,40.8));
#6337 = DIRECTION('',(-0.,-0.,-1.));
#6338 = DIRECTION('',(1.,0.,0.));
#6339 = ADVANCED_FACE('',(#6340),#6359,.F.);
#6340 = FACE_BOUND('',#6341,.T.);
#6341 = EDGE_LOOP('',(#6342,#6350,#6357,#6358));
#6342 = ORIENTED_EDGE('',*,*,#6343,.T.);
#6343 = EDGE_CURVE('',#6262,#6344,#6346,.T.);
#6344 = VERTEX_POINT('',#6345);
#6345 = CARTESIAN_POINT('',(55.75,5.15,43.8));
#6346 = LINE('',#6347,#6348);
#6347 = CARTESIAN_POINT('',(55.75,5.15,40.8));
#6348 = VECTOR('',#6349,1.);
#6349 = DIRECTION('',(0.,0.,1.));
#6350 = ORIENTED_EDGE('',*,*,#6351,.T.);
#6351 = EDGE_CURVE('',#6344,#6344,#6352,.T.);
#6352 = CIRCLE('',#6353,0.85);
#6353 = AXIS2_PLACEMENT_3D('',#6354,#6355,#6356);
#6354 = CARTESIAN_POINT('',(54.9,5.15,43.8));
#6355 = DIRECTION('',(0.,0.,1.));
#6356 = DIRECTION('',(1.,0.,0.));
#6357 = ORIENTED_EDGE('',*,*,#6343,.F.);
#6358 = ORIENTED_EDGE('',*,*,#6261,.F.);
#6359 = CYLINDRICAL_SURFACE('',#6360,0.85);
#6360 = AXIS2_PLACEMENT_3D('',#6361,#6362,#6363);
#6361 = CARTESIAN_POINT('',(54.9,5.15,40.8));
#6362 = DIRECTION('',(-0.,-0.,-1.));
#6363 = DIRECTION('',(1.,0.,0.));
#6364 = ADVANCED_FACE('',(#6365),#6384,.F.);
#6365 = FACE_BOUND('',#6366,.T.);
#6366 = EDGE_LOOP('',(#6367,#6375,#6382,#6383));
#6367 = ORIENTED_EDGE('',*,*,#6368,.T.);
#6368 = EDGE_CURVE('',#6282,#6369,#6371,.T.);
#6369 = VERTEX_POINT('',#6370);
#6370 = CARTESIAN_POINT('',(31.95,28.65,43.8));
#6371 = LINE('',#6372,#6373);
#6372 = CARTESIAN_POINT('',(31.95,28.65,40.8));
#6373 = VECTOR('',#6374,1.);
#6374 = DIRECTION('',(0.,0.,1.));
#6375 = ORIENTED_EDGE('',*,*,#6376,.T.);
#6376 = EDGE_CURVE('',#6369,#6369,#6377,.T.);
#6377 = CIRCLE('',#6378,0.85);
#6378 = AXIS2_PLACEMENT_3D('',#6379,#6380,#6381);
#6379 = CARTESIAN_POINT('',(31.1,28.65,43.8));
#6380 = DIRECTION('',(0.,0.,1.));
#6381 = DIRECTION('',(1.,0.,0.));
#6382 = ORIENTED_EDGE('',*,*,#6368,.F.);
#6383 = ORIENTED_EDGE('',*,*,#6281,.F.);
#6384 = CYLINDRICAL_SURFACE('',#6385,0.85);
#6385 = AXIS2_PLACEMENT_3D('',#6386,#6387,#6388);
#6386 = CARTESIAN_POINT('',(31.1,28.65,40.8));
#6387 = DIRECTION('',(-0.,-0.,-1.));
#6388 = DIRECTION('',(1.,0.,0.));
#6389 = ADVANCED_FACE('',(#6390),#6409,.F.);
#6390 = FACE_BOUND('',#6391,.T.);
#6391 = EDGE_LOOP('',(#6392,#6400,#6407,#6408));
#6392 = ORIENTED_EDGE('',*,*,#6393,.T.);
#6393 = EDGE_CURVE('',#6302,#6394,#6396,.T.);
#6394 = VERTEX_POINT('',#6395);
#6395 = CARTESIAN_POINT('',(55.75,28.65,43.8));
#6396 = LINE('',#6397,#6398);
#6397 = CARTESIAN_POINT('',(55.75,28.65,40.8));
#6398 = VECTOR('',#6399,1.);
#6399 = DIRECTION('',(0.,0.,1.));
#6400 = ORIENTED_EDGE('',*,*,#6401,.T.);
#6401 = EDGE_CURVE('',#6394,#6394,#6402,.T.);
#6402 = CIRCLE('',#6403,0.85);
#6403 = AXIS2_PLACEMENT_3D('',#6404,#6405,#6406);
#6404 = CARTESIAN_POINT('',(54.9,28.65,43.8));
#6405 = DIRECTION('',(0.,0.,1.));
#6406 = DIRECTION('',(1.,0.,0.));
#6407 = ORIENTED_EDGE('',*,*,#6393,.F.);
#6408 = ORIENTED_EDGE('',*,*,#6301,.F.);
#6409 = CYLINDRICAL_SURFACE('',#6410,0.85);
#6410 = AXIS2_PLACEMENT_3D('',#6411,#6412,#6413);
#6411 = CARTESIAN_POINT('',(54.9,28.65,40.8));
#6412 = DIRECTION('',(-0.,-0.,-1.));
#6413 = DIRECTION('',(1.,0.,0.));
#6414 = ADVANCED_FACE('',(#6415),#6418,.F.);
#6415 = FACE_BOUND('',#6416,.F.);
#6416 = EDGE_LOOP('',(#6417));
#6417 = ORIENTED_EDGE('',*,*,#6326,.T.);
#6418 = PLANE('',#6419);
#6419 = AXIS2_PLACEMENT_3D('',#6420,#6421,#6422);
#6420 = CARTESIAN_POINT('',(43.,16.9,43.8));
#6421 = DIRECTION('',(0.,0.,1.));
#6422 = DIRECTION('',(1.,0.,0.));
#6423 = ADVANCED_FACE('',(#6424),#6427,.F.);
#6424 = FACE_BOUND('',#6425,.F.);
#6425 = EDGE_LOOP('',(#6426));
#6426 = ORIENTED_EDGE('',*,*,#6351,.T.);
#6427 = PLANE('',#6428);
#6428 = AXIS2_PLACEMENT_3D('',#6429,#6430,#6431);
#6429 = CARTESIAN_POINT('',(43.,16.9,43.8));
#6430 = DIRECTION('',(0.,0.,1.));
#6431 = DIRECTION('',(1.,0.,0.));
#6432 = ADVANCED_FACE('',(#6433),#6436,.F.);
#6433 = FACE_BOUND('',#6434,.F.);
#6434 = EDGE_LOOP('',(#6435));
#6435 = ORIENTED_EDGE('',*,*,#6376,.T.);
#6436 = PLANE('',#6437);
#6437 = AXIS2_PLACEMENT_3D('',#6438,#6439,#6440);
#6438 = CARTESIAN_POINT('',(43.,16.9,43.8));
#6439 = DIRECTION('',(0.,0.,1.));
#6440 = DIRECTION('',(1.,0.,0.));
#6441 = ADVANCED_FACE('',(#6442),#6445,.F.);
#6442 = FACE_BOUND('',#6443,.F.);
#6443 = EDGE_LOOP('',(#6444));
#6444 = ORIENTED_EDGE('',*,*,#6401,.T.);
#6445 = PLANE('',#6446);
#6446 = AXIS2_PLACEMENT_3D('',#6447,#6448,#6449);
#6447 = CARTESIAN_POINT('',(43.,16.9,43.8));
#6448 = DIRECTION('',(0.,0.,1.));
#6449 = DIRECTION('',(1.,0.,0.));
#6450 = ( GEOMETRIC_REPRESENTATION_CONTEXT(3) 
GLOBAL_UNCERTAINTY_ASSIGNED_CONTEXT((#6454)) 
GLOBAL_UNIT_ASSIGNED_CONTEXT((#6451,#6452,#6453)) REPRESENTATION_CONTEXT
('Context #1','3D Context with UNIT and UNCERTAINTY') );
#6451 = ( LENGTH_UNIT() NAMED_UNIT(*) SI_UNIT(.MILLI.,.METRE.) );
#6452 = ( NAMED_UNIT(*) PLANE_ANGLE_UNIT() SI_UNIT($,.RADIAN.) );
#6453 = ( NAMED_UNIT(*) SI_UNIT($,.STERADIAN.) SOLID_ANGLE_UNIT() );
#6454 = UNCERTAINTY_MEASURE_WITH_UNIT(LENGTH_MEASURE(1.E-05),#6451,
  'distance_accuracy_value','confusion accuracy');
#6455 = CONTEXT_DEPENDENT_SHAPE_REPRESENTATION(#6456,#6458);
#6456 = ( REPRESENTATION_RELATIONSHIP('','',#4921,#10) 
REPRESENTATION_RELATIONSHIP_WITH_TRANSFORMATION(#6457) 
SHAPE_REPRESENTATION_RELATIONSHIP() );
#6457 = ITEM_DEFINED_TRANSFORMATION('','',#11,#19);
#6458 = PRODUCT_DEFINITION_SHAPE('Placement','Placement of an item',
  #6459);
#6459 = NEXT_ASSEMBLY_USAGE_OCCURRENCE('66','Lid','',#5,#4916,$);
#6460 = PRODUCT_RELATED_PRODUCT_CATEGORY('part',$,(#4918));
#6461 = SHAPE_DEFINITION_REPRESENTATION(#6462,#6468);
#6462 = PRODUCT_DEFINITION_SHAPE('','',#6463);
#6463 = PRODUCT_DEFINITION('design','',#6464,#6467);
#6464 = PRODUCT_DEFINITION_FORMATION('','',#6465);
#6465 = PRODUCT('BackCover','BackCover','',(#6466));
#6466 = PRODUCT_CONTEXT('',#2,'mechanical');
#6467 = PRODUCT_DEFINITION_CONTEXT('part definition',#2,'design');
#6468 = ADVANCED_BREP_SHAPE_REPRESENTATION('',(#11,#6469),#7289);
#6469 = MANIFOLD_SOLID_BREP('',#6470);
#6470 = CLOSED_SHELL('',(#6471,#6511,#6544,#6577,#6762,#6857,#6874,#6891
    ,#6908,#6925,#6937,#6954,#6985,#7009,#7033,#7050,#7067,#7092,#7123,
    #7147,#7171,#7188,#7205,#7230,#7247,#7259,#7268,#7280));
#6471 = ADVANCED_FACE('',(#6472),#6506,.T.);
#6472 = FACE_BOUND('',#6473,.T.);
#6473 = EDGE_LOOP('',(#6474,#6484,#6492,#6500));
#6474 = ORIENTED_EDGE('',*,*,#6475,.T.);
#6475 = EDGE_CURVE('',#6476,#6478,#6480,.T.);
#6476 = VERTEX_POINT('',#6477);
#6477 = CARTESIAN_POINT('',(2.,0.,0.));
#6478 = VERTEX_POINT('',#6479);
#6479 = CARTESIAN_POINT('',(2.,0.,-1.6));
#6480 = LINE('',#6481,#6482);
#6481 = CARTESIAN_POINT('',(2.,0.,0.));
#6482 = VECTOR('',#6483,1.);
#6483 = DIRECTION('',(-0.,-0.,-1.));
#6484 = ORIENTED_EDGE('',*,*,#6485,.T.);
#6485 = EDGE_CURVE('',#6478,#6486,#6488,.T.);
#6486 = VERTEX_POINT('',#6487);
#6487 = CARTESIAN_POINT('',(84.,0.,-1.6));
#6488 = LINE('',#6489,#6490);
#6489 = CARTESIAN_POINT('',(2.,0.,-1.6));
#6490 = VECTOR('',#6491,1.);
#6491 = DIRECTION('',(1.,0.,0.));
#6492 = ORIENTED_EDGE('',*,*,#6493,.F.);
#6493 = EDGE_CURVE('',#6494,#6486,#6496,.T.);
#6494 = VERTEX_POINT('',#6495);
#6495 = CARTESIAN_POINT('',(84.,0.,0.));
#6496 = LINE('',#6497,#6498);
#6497 = CARTESIAN_POINT('',(84.,0.,0.));
#6498 = VECTOR('',#6499,1.);
#6499 = DIRECTION('',(-0.,-0.,-1.));
#6500 = ORIENTED_EDGE('',*,*,#6501,.F.);
#6501 = EDGE_CURVE('',#6476,#6494,#6502,.T.);
#6502 = LINE('',#6503,#6504);
#6503 = CARTESIAN_POINT('',(2.,0.,0.));
#6504 = VECTOR('',#6505,1.);
#6505 = DIRECTION('',(1.,0.,0.));
#6506 = PLANE('',#6507);
#6507 = AXIS2_PLACEMENT_3D('',#6508,#6509,#6510);
#6508 = CARTESIAN_POINT('',(2.,0.,0.));
#6509 = DIRECTION('',(0.,-1.,0.));
#6510 = DIRECTION('',(1.,0.,0.));
#6511 = ADVANCED_FACE('',(#6512),#6539,.T.);
#6512 = FACE_BOUND('',#6513,.T.);
#6513 = EDGE_LOOP('',(#6514,#6524,#6531,#6532));
#6514 = ORIENTED_EDGE('',*,*,#6515,.T.);
#6515 = EDGE_CURVE('',#6516,#6518,#6520,.T.);
#6516 = VERTEX_POINT('',#6517);
#6517 = CARTESIAN_POINT('',(0.,2.,0.));
#6518 = VERTEX_POINT('',#6519);
#6519 = CARTESIAN_POINT('',(0.,2.,-1.6));
#6520 = LINE('',#6521,#6522);
#6521 = CARTESIAN_POINT('',(0.,2.,0.));
#6522 = VECTOR('',#6523,1.);
#6523 = DIRECTION('',(-0.,-0.,-1.));
#6524 = ORIENTED_EDGE('',*,*,#6525,.T.);
#6525 = EDGE_CURVE('',#6518,#6478,#6526,.T.);
#6526 = CIRCLE('',#6527,2.);
#6527 = AXIS2_PLACEMENT_3D('',#6528,#6529,#6530);
#6528 = CARTESIAN_POINT('',(2.,2.,-1.6));
#6529 = DIRECTION('',(0.,0.,1.));
#6530 = DIRECTION('',(1.,0.,0.));
#6531 = ORIENTED_EDGE('',*,*,#6475,.F.);
#6532 = ORIENTED_EDGE('',*,*,#6533,.F.);
#6533 = EDGE_CURVE('',#6516,#6476,#6534,.T.);
#6534 = CIRCLE('',#6535,2.);
#6535 = AXIS2_PLACEMENT_3D('',#6536,#6537,#6538);
#6536 = CARTESIAN_POINT('',(2.,2.,0.));
#6537 = DIRECTION('',(0.,0.,1.));
#6538 = DIRECTION('',(1.,0.,0.));
#6539 = CYLINDRICAL_SURFACE('',#6540,2.);
#6540 = AXIS2_PLACEMENT_3D('',#6541,#6542,#6543);
#6541 = CARTESIAN_POINT('',(2.,2.,0.));
#6542 = DIRECTION('',(0.,0.,1.));
#6543 = DIRECTION('',(1.,0.,0.));
#6544 = ADVANCED_FACE('',(#6545),#6572,.T.);
#6545 = FACE_BOUND('',#6546,.T.);
#6546 = EDGE_LOOP('',(#6547,#6548,#6557,#6565));
#6547 = ORIENTED_EDGE('',*,*,#6493,.T.);
#6548 = ORIENTED_EDGE('',*,*,#6549,.T.);
#6549 = EDGE_CURVE('',#6486,#6550,#6552,.T.);
#6550 = VERTEX_POINT('',#6551);
#6551 = CARTESIAN_POINT('',(86.,2.,-1.6));
#6552 = CIRCLE('',#6553,2.);
#6553 = AXIS2_PLACEMENT_3D('',#6554,#6555,#6556);
#6554 = CARTESIAN_POINT('',(84.,2.,-1.6));
#6555 = DIRECTION('',(0.,0.,1.));
#6556 = DIRECTION('',(1.,0.,0.));
#6557 = ORIENTED_EDGE('',*,*,#6558,.F.);
#6558 = EDGE_CURVE('',#6559,#6550,#6561,.T.);
#6559 = VERTEX_POINT('',#6560);
#6560 = CARTESIAN_POINT('',(86.,2.,0.));
#6561 = LINE('',#6562,#6563);
#6562 = CARTESIAN_POINT('',(86.,2.,0.));
#6563 = VECTOR('',#6564,1.);
#6564 = DIRECTION('',(-0.,-0.,-1.));
#6565 = ORIENTED_EDGE('',*,*,#6566,.F.);
#6566 = EDGE_CURVE('',#6494,#6559,#6567,.T.);
#6567 = CIRCLE('',#6568,2.);
#6568 = AXIS2_PLACEMENT_3D('',#6569,#6570,#6571);
#6569 = CARTESIAN_POINT('',(84.,2.,0.));
#6570 = DIRECTION('',(0.,0.,1.));
#6571 = DIRECTION('',(1.,0.,0.));
#6572 = CYLINDRICAL_SURFACE('',#6573,2.);
#6573 = AXIS2_PLACEMENT_3D('',#6574,#6575,#6576);
#6574 = CARTESIAN_POINT('',(84.,2.,0.));
#6575 = DIRECTION('',(0.,0.,1.));
#6576 = DIRECTION('',(1.,0.,0.));
#6577 = ADVANCED_FACE('',(#6578,#6623,#6634,#6668,#6679,#6690,#6724,
    #6735,#6746),#6757,.T.);
#6578 = FACE_BOUND('',#6579,.T.);
#6579 = EDGE_LOOP('',(#6580,#6581,#6582,#6590,#6599,#6607,#6616,#6622));
#6580 = ORIENTED_EDGE('',*,*,#6501,.T.);
#6581 = ORIENTED_EDGE('',*,*,#6566,.T.);
#6582 = ORIENTED_EDGE('',*,*,#6583,.T.);
#6583 = EDGE_CURVE('',#6559,#6584,#6586,.T.);
#6584 = VERTEX_POINT('',#6585);
#6585 = CARTESIAN_POINT('',(86.,31.8,0.));
#6586 = LINE('',#6587,#6588);
#6587 = CARTESIAN_POINT('',(86.,2.,0.));
#6588 = VECTOR('',#6589,1.);
#6589 = DIRECTION('',(0.,1.,0.));
#6590 = ORIENTED_EDGE('',*,*,#6591,.T.);
#6591 = EDGE_CURVE('',#6584,#6592,#6594,.T.);
#6592 = VERTEX_POINT('',#6593);
#6593 = CARTESIAN_POINT('',(84.,33.8,0.));
#6594 = CIRCLE('',#6595,2.);
#6595 = AXIS2_PLACEMENT_3D('',#6596,#6597,#6598);
#6596 = CARTESIAN_POINT('',(84.,31.8,0.));
#6597 = DIRECTION('',(0.,0.,1.));
#6598 = DIRECTION('',(1.,0.,0.));
#6599 = ORIENTED_EDGE('',*,*,#6600,.T.);
#6600 = EDGE_CURVE('',#6592,#6601,#6603,.T.);
#6601 = VERTEX_POINT('',#6602);
#6602 = CARTESIAN_POINT('',(2.,33.8,0.));
#6603 = LINE('',#6604,#6605);
#6604 = CARTESIAN_POINT('',(84.,33.8,0.));
#6605 = VECTOR('',#6606,1.);
#6606 = DIRECTION('',(-1.,0.,0.));
#6607 = ORIENTED_EDGE('',*,*,#6608,.T.);
#6608 = EDGE_CURVE('',#6601,#6609,#6611,.T.);
#6609 = VERTEX_POINT('',#6610);
#6610 = CARTESIAN_POINT('',(0.,31.8,0.));
#6611 = CIRCLE('',#6612,2.);
#6612 = AXIS2_PLACEMENT_3D('',#6613,#6614,#6615);
#6613 = CARTESIAN_POINT('',(2.,31.8,0.));
#6614 = DIRECTION('',(0.,0.,1.));
#6615 = DIRECTION('',(1.,0.,0.));
#6616 = ORIENTED_EDGE('',*,*,#6617,.T.);
#6617 = EDGE_CURVE('',#6609,#6516,#6618,.T.);
#6618 = LINE('',#6619,#6620);
#6619 = CARTESIAN_POINT('',(0.,31.8,0.));
#6620 = VECTOR('',#6621,1.);
#6621 = DIRECTION('',(0.,-1.,0.));
#6622 = ORIENTED_EDGE('',*,*,#6533,.T.);
#6623 = FACE_BOUND('',#6624,.T.);
#6624 = EDGE_LOOP('',(#6625));
#6625 = ORIENTED_EDGE('',*,*,#6626,.F.);
#6626 = EDGE_CURVE('',#6627,#6627,#6629,.T.);
#6627 = VERTEX_POINT('',#6628);
#6628 = CARTESIAN_POINT('',(5.75,3.,0.));
#6629 = CIRCLE('',#6630,1.15);
#6630 = AXIS2_PLACEMENT_3D('',#6631,#6632,#6633);
#6631 = CARTESIAN_POINT('',(6.9,3.,0.));
#6632 = DIRECTION('',(0.,0.,1.));
#6633 = DIRECTION('',(-1.,0.,0.));
#6634 = FACE_BOUND('',#6635,.T.);
#6635 = EDGE_LOOP('',(#6636,#6646,#6654,#6662));
#6636 = ORIENTED_EDGE('',*,*,#6637,.F.);
#6637 = EDGE_CURVE('',#6638,#6640,#6642,.T.);
#6638 = VERTEX_POINT('',#6639);
#6639 = CARTESIAN_POINT('',(4.,6.4,0.));
#6640 = VERTEX_POINT('',#6641);
#6641 = CARTESIAN_POINT('',(11.,6.4,0.));
#6642 = LINE('',#6643,#6644);
#6643 = CARTESIAN_POINT('',(4.,6.4,0.));
#6644 = VECTOR('',#6645,1.);
#6645 = DIRECTION('',(1.,0.,0.));
#6646 = ORIENTED_EDGE('',*,*,#6647,.F.);
#6647 = EDGE_CURVE('',#6648,#6638,#6650,.T.);
#6648 = VERTEX_POINT('',#6649);
#6649 = CARTESIAN_POINT('',(4.,9.4,0.));
#6650 = LINE('',#6651,#6652);
#6651 = CARTESIAN_POINT('',(4.,9.4,0.));
#6652 = VECTOR('',#6653,1.);
#6653 = DIRECTION('',(0.,-1.,0.));
#6654 = ORIENTED_EDGE('',*,*,#6655,.F.);
#6655 = EDGE_CURVE('',#6656,#6648,#6658,.T.);
#6656 = VERTEX_POINT('',#6657);
#6657 = CARTESIAN_POINT('',(11.,9.4,0.));
#6658 = LINE('',#6659,#6660);
#6659 = CARTESIAN_POINT('',(11.,9.4,0.));
#6660 = VECTOR('',#6661,1.);
#6661 = DIRECTION('',(-1.,0.,0.));
#6662 = ORIENTED_EDGE('',*,*,#6663,.F.);
#6663 = EDGE_CURVE('',#6640,#6656,#6664,.T.);
#6664 = LINE('',#6665,#6666);
#6665 = CARTESIAN_POINT('',(11.,6.4,0.));
#6666 = VECTOR('',#6667,1.);
#6667 = DIRECTION('',(0.,1.,0.));
#6668 = FACE_BOUND('',#6669,.T.);
#6669 = EDGE_LOOP('',(#6670));
#6670 = ORIENTED_EDGE('',*,*,#6671,.F.);
#6671 = EDGE_CURVE('',#6672,#6672,#6674,.T.);
#6672 = VERTEX_POINT('',#6673);
#6673 = CARTESIAN_POINT('',(77.95,3.,0.));
#6674 = CIRCLE('',#6675,1.15);
#6675 = AXIS2_PLACEMENT_3D('',#6676,#6677,#6678);
#6676 = CARTESIAN_POINT('',(79.1,3.,0.));
#6677 = DIRECTION('',(0.,0.,1.));
#6678 = DIRECTION('',(-1.,0.,0.));
#6679 = FACE_BOUND('',#6680,.T.);
#6680 = EDGE_LOOP('',(#6681));
#6681 = ORIENTED_EDGE('',*,*,#6682,.F.);
#6682 = EDGE_CURVE('',#6683,#6683,#6685,.T.);
#6683 = VERTEX_POINT('',#6684);
#6684 = CARTESIAN_POINT('',(81.44,7.81,0.));
#6685 = CIRCLE('',#6686,1.5);
#6686 = AXIS2_PLACEMENT_3D('',#6687,#6688,#6689);
#6687 = CARTESIAN_POINT('',(79.94,7.81,0.));
#6688 = DIRECTION('',(0.,0.,1.));
#6689 = DIRECTION('',(1.,0.,0.));
#6690 = FACE_BOUND('',#6691,.T.);
#6691 = EDGE_LOOP('',(#6692,#6702,#6710,#6718));
#6692 = ORIENTED_EDGE('',*,*,#6693,.F.);
#6693 = EDGE_CURVE('',#6694,#6696,#6698,.T.);
#6694 = VERTEX_POINT('',#6695);
#6695 = CARTESIAN_POINT('',(4.,24.4,0.));
#6696 = VERTEX_POINT('',#6697);
#6697 = CARTESIAN_POINT('',(11.,24.4,0.));
#6698 = LINE('',#6699,#6700);
#6699 = CARTESIAN_POINT('',(4.,24.4,0.));
#6700 = VECTOR('',#6701,1.);
#6701 = DIRECTION('',(1.,0.,0.));
#6702 = ORIENTED_EDGE('',*,*,#6703,.F.);
#6703 = EDGE_CURVE('',#6704,#6694,#6706,.T.);
#6704 = VERTEX_POINT('',#6705);
#6705 = CARTESIAN_POINT('',(4.,27.4,0.));
#6706 = LINE('',#6707,#6708);
#6707 = CARTESIAN_POINT('',(4.,27.4,0.));
#6708 = VECTOR('',#6709,1.);
#6709 = DIRECTION('',(0.,-1.,0.));
#6710 = ORIENTED_EDGE('',*,*,#6711,.F.);
#6711 = EDGE_CURVE('',#6712,#6704,#6714,.T.);
#6712 = VERTEX_POINT('',#6713);
#6713 = CARTESIAN_POINT('',(11.,27.4,0.));
#6714 = LINE('',#6715,#6716);
#6715 = CARTESIAN_POINT('',(11.,27.4,0.));
#6716 = VECTOR('',#6717,1.);
#6717 = DIRECTION('',(-1.,0.,0.));
#6718 = ORIENTED_EDGE('',*,*,#6719,.F.);
#6719 = EDGE_CURVE('',#6696,#6712,#6720,.T.);
#6720 = LINE('',#6721,#6722);
#6721 = CARTESIAN_POINT('',(11.,24.4,0.));
#6722 = VECTOR('',#6723,1.);
#6723 = DIRECTION('',(0.,1.,0.));
#6724 = FACE_BOUND('',#6725,.T.);
#6725 = EDGE_LOOP('',(#6726));
#6726 = ORIENTED_EDGE('',*,*,#6727,.F.);
#6727 = EDGE_CURVE('',#6728,#6728,#6730,.T.);
#6728 = VERTEX_POINT('',#6729);
#6729 = CARTESIAN_POINT('',(5.75,30.8,0.));
#6730 = CIRCLE('',#6731,1.15);
#6731 = AXIS2_PLACEMENT_3D('',#6732,#6733,#6734);
#6732 = CARTESIAN_POINT('',(6.9,30.8,0.));
#6733 = DIRECTION('',(0.,0.,1.));
#6734 = DIRECTION('',(-1.,0.,0.));
#6735 = FACE_BOUND('',#6736,.T.);
#6736 = EDGE_LOOP('',(#6737));
#6737 = ORIENTED_EDGE('',*,*,#6738,.F.);
#6738 = EDGE_CURVE('',#6739,#6739,#6741,.T.);
#6739 = VERTEX_POINT('',#6740);
#6740 = CARTESIAN_POINT('',(81.44,26.05,0.));
#6741 = CIRCLE('',#6742,1.5);
#6742 = AXIS2_PLACEMENT_3D('',#6743,#6744,#6745);
#6743 = CARTESIAN_POINT('',(79.94,26.05,0.));
#6744 = DIRECTION('',(0.,0.,1.));
#6745 = DIRECTION('',(1.,0.,0.));
#6746 = FACE_BOUND('',#6747,.T.);
#6747 = EDGE_LOOP('',(#6748));
#6748 = ORIENTED_EDGE('',*,*,#6749,.F.);
#6749 = EDGE_CURVE('',#6750,#6750,#6752,.T.);
#6750 = VERTEX_POINT('',#6751);
#6751 = CARTESIAN_POINT('',(77.95,30.8,0.));
#6752 = CIRCLE('',#6753,1.15);
#6753 = AXIS2_PLACEMENT_3D('',#6754,#6755,#6756);
#6754 = CARTESIAN_POINT('',(79.1,30.8,0.));
#6755 = DIRECTION('',(0.,0.,1.));
#6756 = DIRECTION('',(-1.,0.,0.));
#6757 = PLANE('',#6758);
#6758 = AXIS2_PLACEMENT_3D('',#6759,#6760,#6761);
#6759 = CARTESIAN_POINT('',(43.,16.9,0.));
#6760 = DIRECTION('',(0.,0.,1.));
#6761 = DIRECTION('',(1.,0.,0.));
#6762 = ADVANCED_FACE('',(#6763,#6808,#6819,#6830,#6841),#6852,.F.);
#6763 = FACE_BOUND('',#6764,.F.);
#6764 = EDGE_LOOP('',(#6765,#6766,#6767,#6775,#6784,#6792,#6801,#6807));
#6765 = ORIENTED_EDGE('',*,*,#6485,.T.);
#6766 = ORIENTED_EDGE('',*,*,#6549,.T.);
#6767 = ORIENTED_EDGE('',*,*,#6768,.T.);
#6768 = EDGE_CURVE('',#6550,#6769,#6771,.T.);
#6769 = VERTEX_POINT('',#6770);
#6770 = CARTESIAN_POINT('',(86.,31.8,-1.6));
#6771 = LINE('',#6772,#6773);
#6772 = CARTESIAN_POINT('',(86.,2.,-1.6));
#6773 = VECTOR('',#6774,1.);
#6774 = DIRECTION('',(0.,1.,0.));
#6775 = ORIENTED_EDGE('',*,*,#6776,.T.);
#6776 = EDGE_CURVE('',#6769,#6777,#6779,.T.);
#6777 = VERTEX_POINT('',#6778);
#6778 = CARTESIAN_POINT('',(84.,33.8,-1.6));
#6779 = CIRCLE('',#6780,2.);
#6780 = AXIS2_PLACEMENT_3D('',#6781,#6782,#6783);
#6781 = CARTESIAN_POINT('',(84.,31.8,-1.6));
#6782 = DIRECTION('',(0.,0.,1.));
#6783 = DIRECTION('',(1.,0.,0.));
#6784 = ORIENTED_EDGE('',*,*,#6785,.T.);
#6785 = EDGE_CURVE('',#6777,#6786,#6788,.T.);
#6786 = VERTEX_POINT('',#6787);
#6787 = CARTESIAN_POINT('',(2.,33.8,-1.6));
#6788 = LINE('',#6789,#6790);
#6789 = CARTESIAN_POINT('',(84.,33.8,-1.6));
#6790 = VECTOR('',#6791,1.);
#6791 = DIRECTION('',(-1.,0.,0.));
#6792 = ORIENTED_EDGE('',*,*,#6793,.T.);
#6793 = EDGE_CURVE('',#6786,#6794,#6796,.T.);
#6794 = VERTEX_POINT('',#6795);
#6795 = CARTESIAN_POINT('',(0.,31.8,-1.6));
#6796 = CIRCLE('',#6797,2.);
#6797 = AXIS2_PLACEMENT_3D('',#6798,#6799,#6800);
#6798 = CARTESIAN_POINT('',(2.,31.8,-1.6));
#6799 = DIRECTION('',(0.,0.,1.));
#6800 = DIRECTION('',(1.,0.,0.));
#6801 = ORIENTED_EDGE('',*,*,#6802,.T.);
#6802 = EDGE_CURVE('',#6794,#6518,#6803,.T.);
#6803 = LINE('',#6804,#6805);
#6804 = CARTESIAN_POINT('',(0.,31.8,-1.6));
#6805 = VECTOR('',#6806,1.);
#6806 = DIRECTION('',(0.,-1.,0.));
#6807 = ORIENTED_EDGE('',*,*,#6525,.T.);
#6808 = FACE_BOUND('',#6809,.F.);
#6809 = EDGE_LOOP('',(#6810));
#6810 = ORIENTED_EDGE('',*,*,#6811,.T.);
#6811 = EDGE_CURVE('',#6812,#6812,#6814,.T.);
#6812 = VERTEX_POINT('',#6813);
#6813 = CARTESIAN_POINT('',(5.75,3.,-1.6));
#6814 = CIRCLE('',#6815,1.15);
#6815 = AXIS2_PLACEMENT_3D('',#6816,#6817,#6818);
#6816 = CARTESIAN_POINT('',(6.9,3.,-1.6));
#6817 = DIRECTION('',(0.,0.,-1.));
#6818 = DIRECTION('',(-1.,0.,0.));
#6819 = FACE_BOUND('',#6820,.F.);
#6820 = EDGE_LOOP('',(#6821));
#6821 = ORIENTED_EDGE('',*,*,#6822,.T.);
#6822 = EDGE_CURVE('',#6823,#6823,#6825,.T.);
#6823 = VERTEX_POINT('',#6824);
#6824 = CARTESIAN_POINT('',(77.95,3.,-1.6));
#6825 = CIRCLE('',#6826,1.15);
#6826 = AXIS2_PLACEMENT_3D('',#6827,#6828,#6829);
#6827 = CARTESIAN_POINT('',(79.1,3.,-1.6));
#6828 = DIRECTION('',(0.,0.,-1.));
#6829 = DIRECTION('',(-1.,0.,0.));
#6830 = FACE_BOUND('',#6831,.F.);
#6831 = EDGE_LOOP('',(#6832));
#6832 = ORIENTED_EDGE('',*,*,#6833,.T.);
#6833 = EDGE_CURVE('',#6834,#6834,#6836,.T.);
#6834 = VERTEX_POINT('',#6835);
#6835 = CARTESIAN_POINT('',(5.75,30.8,-1.6));
#6836 = CIRCLE('',#6837,1.15);
#6837 = AXIS2_PLACEMENT_3D('',#6838,#6839,#6840);
#6838 = CARTESIAN_POINT('',(6.9,30.8,-1.6));
#6839 = DIRECTION('',(0.,0.,-1.));
#6840 = DIRECTION('',(-1.,0.,0.));
#6841 = FACE_BOUND('',#6842,.F.);
#6842 = EDGE_LOOP('',(#6843));
#6843 = ORIENTED_EDGE('',*,*,#6844,.T.);
#6844 = EDGE_CURVE('',#6845,#6845,#6847,.T.);
#6845 = VERTEX_POINT('',#6846);
#6846 = CARTESIAN_POINT('',(77.95,30.8,-1.6));
#6847 = CIRCLE('',#6848,1.15);
#6848 = AXIS2_PLACEMENT_3D('',#6849,#6850,#6851);
#6849 = CARTESIAN_POINT('',(79.1,30.8,-1.6));
#6850 = DIRECTION('',(0.,0.,-1.));
#6851 = DIRECTION('',(-1.,0.,0.));
#6852 = PLANE('',#6853);
#6853 = AXIS2_PLACEMENT_3D('',#6854,#6855,#6856);
#6854 = CARTESIAN_POINT('',(43.,16.9,-1.6));
#6855 = DIRECTION('',(0.,0.,1.));
#6856 = DIRECTION('',(1.,0.,0.));
#6857 = ADVANCED_FACE('',(#6858),#6869,.T.);
#6858 = FACE_BOUND('',#6859,.T.);
#6859 = EDGE_LOOP('',(#6860,#6866,#6867,#6868));
#6860 = ORIENTED_EDGE('',*,*,#6861,.T.);
#6861 = EDGE_CURVE('',#6609,#6794,#6862,.T.);
#6862 = LINE('',#6863,#6864);
#6863 = CARTESIAN_POINT('',(0.,31.8,0.));
#6864 = VECTOR('',#6865,1.);
#6865 = DIRECTION('',(-0.,-0.,-1.));
#6866 = ORIENTED_EDGE('',*,*,#6802,.T.);
#6867 = ORIENTED_EDGE('',*,*,#6515,.F.);
#6868 = ORIENTED_EDGE('',*,*,#6617,.F.);
#6869 = PLANE('',#6870);
#6870 = AXIS2_PLACEMENT_3D('',#6871,#6872,#6873);
#6871 = CARTESIAN_POINT('',(0.,31.8,0.));
#6872 = DIRECTION('',(-1.,0.,0.));
#6873 = DIRECTION('',(0.,-1.,0.));
#6874 = ADVANCED_FACE('',(#6875),#6886,.T.);
#6875 = FACE_BOUND('',#6876,.T.);
#6876 = EDGE_LOOP('',(#6877,#6878,#6879,#6885));
#6877 = ORIENTED_EDGE('',*,*,#6558,.T.);
#6878 = ORIENTED_EDGE('',*,*,#6768,.T.);
#6879 = ORIENTED_EDGE('',*,*,#6880,.F.);
#6880 = EDGE_CURVE('',#6584,#6769,#6881,.T.);
#6881 = LINE('',#6882,#6883);
#6882 = CARTESIAN_POINT('',(86.,31.8,0.));
#6883 = VECTOR('',#6884,1.);
#6884 = DIRECTION('',(-0.,-0.,-1.));
#6885 = ORIENTED_EDGE('',*,*,#6583,.F.);
#6886 = PLANE('',#6887);
#6887 = AXIS2_PLACEMENT_3D('',#6888,#6889,#6890);
#6888 = CARTESIAN_POINT('',(86.,2.,0.));
#6889 = DIRECTION('',(1.,0.,0.));
#6890 = DIRECTION('',(0.,1.,0.));
#6891 = ADVANCED_FACE('',(#6892),#6903,.T.);
#6892 = FACE_BOUND('',#6893,.T.);
#6893 = EDGE_LOOP('',(#6894,#6900,#6901,#6902));
#6894 = ORIENTED_EDGE('',*,*,#6895,.T.);
#6895 = EDGE_CURVE('',#6601,#6786,#6896,.T.);
#6896 = LINE('',#6897,#6898);
#6897 = CARTESIAN_POINT('',(2.,33.8,0.));
#6898 = VECTOR('',#6899,1.);
#6899 = DIRECTION('',(-0.,-0.,-1.));
#6900 = ORIENTED_EDGE('',*,*,#6793,.T.);
#6901 = ORIENTED_EDGE('',*,*,#6861,.F.);
#6902 = ORIENTED_EDGE('',*,*,#6608,.F.);
#6903 = CYLINDRICAL_SURFACE('',#6904,2.);
#6904 = AXIS2_PLACEMENT_3D('',#6905,#6906,#6907);
#6905 = CARTESIAN_POINT('',(2.,31.8,0.));
#6906 = DIRECTION('',(0.,0.,1.));
#6907 = DIRECTION('',(1.,0.,0.));
#6908 = ADVANCED_FACE('',(#6909),#6920,.T.);
#6909 = FACE_BOUND('',#6910,.T.);
#6910 = EDGE_LOOP('',(#6911,#6912,#6913,#6919));
#6911 = ORIENTED_EDGE('',*,*,#6880,.T.);
#6912 = ORIENTED_EDGE('',*,*,#6776,.T.);
#6913 = ORIENTED_EDGE('',*,*,#6914,.F.);
#6914 = EDGE_CURVE('',#6592,#6777,#6915,.T.);
#6915 = LINE('',#6916,#6917);
#6916 = CARTESIAN_POINT('',(84.,33.8,0.));
#6917 = VECTOR('',#6918,1.);
#6918 = DIRECTION('',(-0.,-0.,-1.));
#6919 = ORIENTED_EDGE('',*,*,#6591,.F.);
#6920 = CYLINDRICAL_SURFACE('',#6921,2.);
#6921 = AXIS2_PLACEMENT_3D('',#6922,#6923,#6924);
#6922 = CARTESIAN_POINT('',(84.,31.8,0.));
#6923 = DIRECTION('',(0.,0.,1.));
#6924 = DIRECTION('',(1.,0.,0.));
#6925 = ADVANCED_FACE('',(#6926),#6932,.T.);
#6926 = FACE_BOUND('',#6927,.T.);
#6927 = EDGE_LOOP('',(#6928,#6929,#6930,#6931));
#6928 = ORIENTED_EDGE('',*,*,#6914,.T.);
#6929 = ORIENTED_EDGE('',*,*,#6785,.T.);
#6930 = ORIENTED_EDGE('',*,*,#6895,.F.);
#6931 = ORIENTED_EDGE('',*,*,#6600,.F.);
#6932 = PLANE('',#6933);
#6933 = AXIS2_PLACEMENT_3D('',#6934,#6935,#6936);
#6934 = CARTESIAN_POINT('',(84.,33.8,0.));
#6935 = DIRECTION('',(0.,1.,0.));
#6936 = DIRECTION('',(-1.,0.,0.));
#6937 = ADVANCED_FACE('',(#6938),#6949,.F.);
#6938 = FACE_BOUND('',#6939,.T.);
#6939 = EDGE_LOOP('',(#6940,#6946,#6947,#6948));
#6940 = ORIENTED_EDGE('',*,*,#6941,.F.);
#6941 = EDGE_CURVE('',#6812,#6627,#6942,.T.);
#6942 = LINE('',#6943,#6944);
#6943 = CARTESIAN_POINT('',(5.75,3.,-1.6));
#6944 = VECTOR('',#6945,1.);
#6945 = DIRECTION('',(6.171677295286E-17,0.,1.));
#6946 = ORIENTED_EDGE('',*,*,#6811,.T.);
#6947 = ORIENTED_EDGE('',*,*,#6941,.T.);
#6948 = ORIENTED_EDGE('',*,*,#6626,.T.);
#6949 = CYLINDRICAL_SURFACE('',#6950,1.15);
#6950 = AXIS2_PLACEMENT_3D('',#6951,#6952,#6953);
#6951 = CARTESIAN_POINT('',(6.9,3.,-1.6));
#6952 = DIRECTION('',(0.,0.,1.));
#6953 = DIRECTION('',(-1.,0.,0.));
#6954 = ADVANCED_FACE('',(#6955),#6980,.F.);
#6955 = FACE_BOUND('',#6956,.F.);
#6956 = EDGE_LOOP('',(#6957,#6965,#6973,#6979));
#6957 = ORIENTED_EDGE('',*,*,#6958,.T.);
#6958 = EDGE_CURVE('',#6638,#6959,#6961,.T.);
#6959 = VERTEX_POINT('',#6960);
#6960 = CARTESIAN_POINT('',(4.,6.4,17.7));
#6961 = LINE('',#6962,#6963);
#6962 = CARTESIAN_POINT('',(4.,6.4,0.));
#6963 = VECTOR('',#6964,1.);
#6964 = DIRECTION('',(0.,0.,1.));
#6965 = ORIENTED_EDGE('',*,*,#6966,.T.);
#6966 = EDGE_CURVE('',#6959,#6967,#6969,.T.);
#6967 = VERTEX_POINT('',#6968);
#6968 = CARTESIAN_POINT('',(11.,6.4,17.7));
#6969 = LINE('',#6970,#6971);
#6970 = CARTESIAN_POINT('',(4.,6.4,17.7));
#6971 = VECTOR('',#6972,1.);
#6972 = DIRECTION('',(1.,0.,0.));
#6973 = ORIENTED_EDGE('',*,*,#6974,.F.);
#6974 = EDGE_CURVE('',#6640,#6967,#6975,.T.);
#6975 = LINE('',#6976,#6977);
#6976 = CARTESIAN_POINT('',(11.,6.4,0.));
#6977 = VECTOR('',#6978,1.);
#6978 = DIRECTION('',(0.,0.,1.));
#6979 = ORIENTED_EDGE('',*,*,#6637,.F.);
#6980 = PLANE('',#6981);
#6981 = AXIS2_PLACEMENT_3D('',#6982,#6983,#6984);
#6982 = CARTESIAN_POINT('',(4.,6.4,0.));
#6983 = DIRECTION('',(0.,1.,0.));
#6984 = DIRECTION('',(1.,0.,0.));
#6985 = ADVANCED_FACE('',(#6986),#7004,.F.);
#6986 = FACE_BOUND('',#6987,.F.);
#6987 = EDGE_LOOP('',(#6988,#6996,#7002,#7003));
#6988 = ORIENTED_EDGE('',*,*,#6989,.T.);
#6989 = EDGE_CURVE('',#6648,#6990,#6992,.T.);
#6990 = VERTEX_POINT('',#6991);
#6991 = CARTESIAN_POINT('',(4.,9.4,17.7));
#6992 = LINE('',#6993,#6994);
#6993 = CARTESIAN_POINT('',(4.,9.4,0.));
#6994 = VECTOR('',#6995,1.);
#6995 = DIRECTION('',(0.,0.,1.));
#6996 = ORIENTED_EDGE('',*,*,#6997,.T.);
#6997 = EDGE_CURVE('',#6990,#6959,#6998,.T.);
#6998 = LINE('',#6999,#7000);
#6999 = CARTESIAN_POINT('',(4.,9.4,17.7));
#7000 = VECTOR('',#7001,1.);
#7001 = DIRECTION('',(0.,-1.,0.));
#7002 = ORIENTED_EDGE('',*,*,#6958,.F.);
#7003 = ORIENTED_EDGE('',*,*,#6647,.F.);
#7004 = PLANE('',#7005);
#7005 = AXIS2_PLACEMENT_3D('',#7006,#7007,#7008);
#7006 = CARTESIAN_POINT('',(4.,9.4,0.));
#7007 = DIRECTION('',(1.,0.,0.));
#7008 = DIRECTION('',(0.,-1.,0.));
#7009 = ADVANCED_FACE('',(#7010),#7028,.F.);
#7010 = FACE_BOUND('',#7011,.F.);
#7011 = EDGE_LOOP('',(#7012,#7013,#7021,#7027));
#7012 = ORIENTED_EDGE('',*,*,#6974,.T.);
#7013 = ORIENTED_EDGE('',*,*,#7014,.T.);
#7014 = EDGE_CURVE('',#6967,#7015,#7017,.T.);
#7015 = VERTEX_POINT('',#7016);
#7016 = CARTESIAN_POINT('',(11.,9.4,17.7));
#7017 = LINE('',#7018,#7019);
#7018 = CARTESIAN_POINT('',(11.,6.4,17.7));
#7019 = VECTOR('',#7020,1.);
#7020 = DIRECTION('',(0.,1.,0.));
#7021 = ORIENTED_EDGE('',*,*,#7022,.F.);
#7022 = EDGE_CURVE('',#6656,#7015,#7023,.T.);
#7023 = LINE('',#7024,#7025);
#7024 = CARTESIAN_POINT('',(11.,9.4,0.));
#7025 = VECTOR('',#7026,1.);
#7026 = DIRECTION('',(0.,0.,1.));
#7027 = ORIENTED_EDGE('',*,*,#6663,.F.);
#7028 = PLANE('',#7029);
#7029 = AXIS2_PLACEMENT_3D('',#7030,#7031,#7032);
#7030 = CARTESIAN_POINT('',(11.,6.4,0.));
#7031 = DIRECTION('',(-1.,0.,0.));
#7032 = DIRECTION('',(0.,1.,0.));
#7033 = ADVANCED_FACE('',(#7034),#7045,.F.);
#7034 = FACE_BOUND('',#7035,.F.);
#7035 = EDGE_LOOP('',(#7036,#7037,#7043,#7044));
#7036 = ORIENTED_EDGE('',*,*,#7022,.T.);
#7037 = ORIENTED_EDGE('',*,*,#7038,.T.);
#7038 = EDGE_CURVE('',#7015,#6990,#7039,.T.);
#7039 = LINE('',#7040,#7041);
#7040 = CARTESIAN_POINT('',(11.,9.4,17.7));
#7041 = VECTOR('',#7042,1.);
#7042 = DIRECTION('',(-1.,0.,0.));
#7043 = ORIENTED_EDGE('',*,*,#6989,.F.);
#7044 = ORIENTED_EDGE('',*,*,#6655,.F.);
#7045 = PLANE('',#7046);
#7046 = AXIS2_PLACEMENT_3D('',#7047,#7048,#7049);
#7047 = CARTESIAN_POINT('',(11.,9.4,0.));
#7048 = DIRECTION('',(0.,-1.,0.));
#7049 = DIRECTION('',(-1.,0.,0.));
#7050 = ADVANCED_FACE('',(#7051),#7062,.F.);
#7051 = FACE_BOUND('',#7052,.T.);
#7052 = EDGE_LOOP('',(#7053,#7059,#7060,#7061));
#7053 = ORIENTED_EDGE('',*,*,#7054,.F.);
#7054 = EDGE_CURVE('',#6823,#6672,#7055,.T.);
#7055 = LINE('',#7056,#7057);
#7056 = CARTESIAN_POINT('',(77.95,3.,-1.6));
#7057 = VECTOR('',#7058,1.);
#7058 = DIRECTION('',(6.171677295286E-17,0.,1.));
#7059 = ORIENTED_EDGE('',*,*,#6822,.T.);
#7060 = ORIENTED_EDGE('',*,*,#7054,.T.);
#7061 = ORIENTED_EDGE('',*,*,#6671,.T.);
#7062 = CYLINDRICAL_SURFACE('',#7063,1.15);
#7063 = AXIS2_PLACEMENT_3D('',#7064,#7065,#7066);
#7064 = CARTESIAN_POINT('',(79.1,3.,-1.6));
#7065 = DIRECTION('',(0.,0.,1.));
#7066 = DIRECTION('',(-1.,0.,0.));
#7067 = ADVANCED_FACE('',(#7068),#7087,.T.);
#7068 = FACE_BOUND('',#7069,.F.);
#7069 = EDGE_LOOP('',(#7070,#7078,#7085,#7086));
#7070 = ORIENTED_EDGE('',*,*,#7071,.T.);
#7071 = EDGE_CURVE('',#6683,#7072,#7074,.T.);
#7072 = VERTEX_POINT('',#7073);
#7073 = CARTESIAN_POINT('',(81.44,7.81,17.7));
#7074 = LINE('',#7075,#7076);
#7075 = CARTESIAN_POINT('',(81.44,7.81,0.));
#7076 = VECTOR('',#7077,1.);
#7077 = DIRECTION('',(0.,0.,1.));
#7078 = ORIENTED_EDGE('',*,*,#7079,.T.);
#7079 = EDGE_CURVE('',#7072,#7072,#7080,.T.);
#7080 = CIRCLE('',#7081,1.5);
#7081 = AXIS2_PLACEMENT_3D('',#7082,#7083,#7084);
#7082 = CARTESIAN_POINT('',(79.94,7.81,17.7));
#7083 = DIRECTION('',(0.,0.,1.));
#7084 = DIRECTION('',(1.,0.,0.));
#7085 = ORIENTED_EDGE('',*,*,#7071,.F.);
#7086 = ORIENTED_EDGE('',*,*,#6682,.F.);
#7087 = CYLINDRICAL_SURFACE('',#7088,1.5);
#7088 = AXIS2_PLACEMENT_3D('',#7089,#7090,#7091);
#7089 = CARTESIAN_POINT('',(79.94,7.81,0.));
#7090 = DIRECTION('',(-0.,-0.,-1.));
#7091 = DIRECTION('',(1.,0.,0.));
#7092 = ADVANCED_FACE('',(#7093),#7118,.F.);
#7093 = FACE_BOUND('',#7094,.F.);
#7094 = EDGE_LOOP('',(#7095,#7103,#7111,#7117));
#7095 = ORIENTED_EDGE('',*,*,#7096,.T.);
#7096 = EDGE_CURVE('',#6694,#7097,#7099,.T.);
#7097 = VERTEX_POINT('',#7098);
#7098 = CARTESIAN_POINT('',(4.,24.4,17.7));
#7099 = LINE('',#7100,#7101);
#7100 = CARTESIAN_POINT('',(4.,24.4,0.));
#7101 = VECTOR('',#7102,1.);
#7102 = DIRECTION('',(0.,0.,1.));
#7103 = ORIENTED_EDGE('',*,*,#7104,.T.);
#7104 = EDGE_CURVE('',#7097,#7105,#7107,.T.);
#7105 = VERTEX_POINT('',#7106);
#7106 = CARTESIAN_POINT('',(11.,24.4,17.7));
#7107 = LINE('',#7108,#7109);
#7108 = CARTESIAN_POINT('',(4.,24.4,17.7));
#7109 = VECTOR('',#7110,1.);
#7110 = DIRECTION('',(1.,0.,0.));
#7111 = ORIENTED_EDGE('',*,*,#7112,.F.);
#7112 = EDGE_CURVE('',#6696,#7105,#7113,.T.);
#7113 = LINE('',#7114,#7115);
#7114 = CARTESIAN_POINT('',(11.,24.4,0.));
#7115 = VECTOR('',#7116,1.);
#7116 = DIRECTION('',(0.,0.,1.));
#7117 = ORIENTED_EDGE('',*,*,#6693,.F.);
#7118 = PLANE('',#7119);
#7119 = AXIS2_PLACEMENT_3D('',#7120,#7121,#7122);
#7120 = CARTESIAN_POINT('',(4.,24.4,0.));
#7121 = DIRECTION('',(0.,1.,0.));
#7122 = DIRECTION('',(1.,0.,0.));
#7123 = ADVANCED_FACE('',(#7124),#7142,.F.);
#7124 = FACE_BOUND('',#7125,.F.);
#7125 = EDGE_LOOP('',(#7126,#7134,#7140,#7141));
#7126 = ORIENTED_EDGE('',*,*,#7127,.T.);
#7127 = EDGE_CURVE('',#6704,#7128,#7130,.T.);
#7128 = VERTEX_POINT('',#7129);
#7129 = CARTESIAN_POINT('',(4.,27.4,17.7));
#7130 = LINE('',#7131,#7132);
#7131 = CARTESIAN_POINT('',(4.,27.4,0.));
#7132 = VECTOR('',#7133,1.);
#7133 = DIRECTION('',(0.,0.,1.));
#7134 = ORIENTED_EDGE('',*,*,#7135,.T.);
#7135 = EDGE_CURVE('',#7128,#7097,#7136,.T.);
#7136 = LINE('',#7137,#7138);
#7137 = CARTESIAN_POINT('',(4.,27.4,17.7));
#7138 = VECTOR('',#7139,1.);
#7139 = DIRECTION('',(0.,-1.,0.));
#7140 = ORIENTED_EDGE('',*,*,#7096,.F.);
#7141 = ORIENTED_EDGE('',*,*,#6703,.F.);
#7142 = PLANE('',#7143);
#7143 = AXIS2_PLACEMENT_3D('',#7144,#7145,#7146);
#7144 = CARTESIAN_POINT('',(4.,27.4,0.));
#7145 = DIRECTION('',(1.,0.,0.));
#7146 = DIRECTION('',(0.,-1.,0.));
#7147 = ADVANCED_FACE('',(#7148),#7166,.F.);
#7148 = FACE_BOUND('',#7149,.F.);
#7149 = EDGE_LOOP('',(#7150,#7151,#7159,#7165));
#7150 = ORIENTED_EDGE('',*,*,#7112,.T.);
#7151 = ORIENTED_EDGE('',*,*,#7152,.T.);
#7152 = EDGE_CURVE('',#7105,#7153,#7155,.T.);
#7153 = VERTEX_POINT('',#7154);
#7154 = CARTESIAN_POINT('',(11.,27.4,17.7));
#7155 = LINE('',#7156,#7157);
#7156 = CARTESIAN_POINT('',(11.,24.4,17.7));
#7157 = VECTOR('',#7158,1.);
#7158 = DIRECTION('',(0.,1.,0.));
#7159 = ORIENTED_EDGE('',*,*,#7160,.F.);
#7160 = EDGE_CURVE('',#6712,#7153,#7161,.T.);
#7161 = LINE('',#7162,#7163);
#7162 = CARTESIAN_POINT('',(11.,27.4,0.));
#7163 = VECTOR('',#7164,1.);
#7164 = DIRECTION('',(0.,0.,1.));
#7165 = ORIENTED_EDGE('',*,*,#6719,.F.);
#7166 = PLANE('',#7167);
#7167 = AXIS2_PLACEMENT_3D('',#7168,#7169,#7170);
#7168 = CARTESIAN_POINT('',(11.,24.4,0.));
#7169 = DIRECTION('',(-1.,0.,0.));
#7170 = DIRECTION('',(0.,1.,0.));
#7171 = ADVANCED_FACE('',(#7172),#7183,.F.);
#7172 = FACE_BOUND('',#7173,.F.);
#7173 = EDGE_LOOP('',(#7174,#7175,#7181,#7182));
#7174 = ORIENTED_EDGE('',*,*,#7160,.T.);
#7175 = ORIENTED_EDGE('',*,*,#7176,.T.);
#7176 = EDGE_CURVE('',#7153,#7128,#7177,.T.);
#7177 = LINE('',#7178,#7179);
#7178 = CARTESIAN_POINT('',(11.,27.4,17.7));
#7179 = VECTOR('',#7180,1.);
#7180 = DIRECTION('',(-1.,0.,0.));
#7181 = ORIENTED_EDGE('',*,*,#7127,.F.);
#7182 = ORIENTED_EDGE('',*,*,#6711,.F.);
#7183 = PLANE('',#7184);
#7184 = AXIS2_PLACEMENT_3D('',#7185,#7186,#7187);
#7185 = CARTESIAN_POINT('',(11.,27.4,0.));
#7186 = DIRECTION('',(0.,-1.,0.));
#7187 = DIRECTION('',(-1.,0.,0.));
#7188 = ADVANCED_FACE('',(#7189),#7200,.F.);
#7189 = FACE_BOUND('',#7190,.T.);
#7190 = EDGE_LOOP('',(#7191,#7197,#7198,#7199));
#7191 = ORIENTED_EDGE('',*,*,#7192,.F.);
#7192 = EDGE_CURVE('',#6834,#6728,#7193,.T.);
#7193 = LINE('',#7194,#7195);
#7194 = CARTESIAN_POINT('',(5.75,30.8,-1.6));
#7195 = VECTOR('',#7196,1.);
#7196 = DIRECTION('',(6.171677295286E-17,0.,1.));
#7197 = ORIENTED_EDGE('',*,*,#6833,.T.);
#7198 = ORIENTED_EDGE('',*,*,#7192,.T.);
#7199 = ORIENTED_EDGE('',*,*,#6727,.T.);
#7200 = CYLINDRICAL_SURFACE('',#7201,1.15);
#7201 = AXIS2_PLACEMENT_3D('',#7202,#7203,#7204);
#7202 = CARTESIAN_POINT('',(6.9,30.8,-1.6));
#7203 = DIRECTION('',(0.,0.,1.));
#7204 = DIRECTION('',(-1.,0.,0.));
#7205 = ADVANCED_FACE('',(#7206),#7225,.T.);
#7206 = FACE_BOUND('',#7207,.F.);
#7207 = EDGE_LOOP('',(#7208,#7216,#7223,#7224));
#7208 = ORIENTED_EDGE('',*,*,#7209,.T.);
#7209 = EDGE_CURVE('',#6739,#7210,#7212,.T.);
#7210 = VERTEX_POINT('',#7211);
#7211 = CARTESIAN_POINT('',(81.44,26.05,17.7));
#7212 = LINE('',#7213,#7214);
#7213 = CARTESIAN_POINT('',(81.44,26.05,0.));
#7214 = VECTOR('',#7215,1.);
#7215 = DIRECTION('',(0.,0.,1.));
#7216 = ORIENTED_EDGE('',*,*,#7217,.T.);
#7217 = EDGE_CURVE('',#7210,#7210,#7218,.T.);
#7218 = CIRCLE('',#7219,1.5);
#7219 = AXIS2_PLACEMENT_3D('',#7220,#7221,#7222);
#7220 = CARTESIAN_POINT('',(79.94,26.05,17.7));
#7221 = DIRECTION('',(0.,0.,1.));
#7222 = DIRECTION('',(1.,0.,0.));
#7223 = ORIENTED_EDGE('',*,*,#7209,.F.);
#7224 = ORIENTED_EDGE('',*,*,#6738,.F.);
#7225 = CYLINDRICAL_SURFACE('',#7226,1.5);
#7226 = AXIS2_PLACEMENT_3D('',#7227,#7228,#7229);
#7227 = CARTESIAN_POINT('',(79.94,26.05,0.));
#7228 = DIRECTION('',(-0.,-0.,-1.));
#7229 = DIRECTION('',(1.,0.,0.));
#7230 = ADVANCED_FACE('',(#7231),#7242,.F.);
#7231 = FACE_BOUND('',#7232,.T.);
#7232 = EDGE_LOOP('',(#7233,#7239,#7240,#7241));
#7233 = ORIENTED_EDGE('',*,*,#7234,.F.);
#7234 = EDGE_CURVE('',#6845,#6750,#7235,.T.);
#7235 = LINE('',#7236,#7237);
#7236 = CARTESIAN_POINT('',(77.95,30.8,-1.6));
#7237 = VECTOR('',#7238,1.);
#7238 = DIRECTION('',(6.171677295286E-17,0.,1.));
#7239 = ORIENTED_EDGE('',*,*,#6844,.T.);
#7240 = ORIENTED_EDGE('',*,*,#7234,.T.);
#7241 = ORIENTED_EDGE('',*,*,#6749,.T.);
#7242 = CYLINDRICAL_SURFACE('',#7243,1.15);
#7243 = AXIS2_PLACEMENT_3D('',#7244,#7245,#7246);
#7244 = CARTESIAN_POINT('',(79.1,30.8,-1.6));
#7245 = DIRECTION('',(0.,0.,1.));
#7246 = DIRECTION('',(-1.,0.,0.));
#7247 = ADVANCED_FACE('',(#7248),#7254,.T.);
#7248 = FACE_BOUND('',#7249,.T.);
#7249 = EDGE_LOOP('',(#7250,#7251,#7252,#7253));
#7250 = ORIENTED_EDGE('',*,*,#6966,.T.);
#7251 = ORIENTED_EDGE('',*,*,#7014,.T.);
#7252 = ORIENTED_EDGE('',*,*,#7038,.T.);
#7253 = ORIENTED_EDGE('',*,*,#6997,.T.);
#7254 = PLANE('',#7255);
#7255 = AXIS2_PLACEMENT_3D('',#7256,#7257,#7258);
#7256 = CARTESIAN_POINT('',(27.814070582243,16.908412784614,17.7));
#7257 = DIRECTION('',(0.,0.,1.));
#7258 = DIRECTION('',(1.,0.,0.));
#7259 = ADVANCED_FACE('',(#7260),#7263,.T.);
#7260 = FACE_BOUND('',#7261,.T.);
#7261 = EDGE_LOOP('',(#7262));
#7262 = ORIENTED_EDGE('',*,*,#7079,.T.);
#7263 = PLANE('',#7264);
#7264 = AXIS2_PLACEMENT_3D('',#7265,#7266,#7267);
#7265 = CARTESIAN_POINT('',(27.814070582243,16.908412784614,17.7));
#7266 = DIRECTION('',(0.,0.,1.));
#7267 = DIRECTION('',(1.,0.,0.));
#7268 = ADVANCED_FACE('',(#7269),#7275,.T.);
#7269 = FACE_BOUND('',#7270,.T.);
#7270 = EDGE_LOOP('',(#7271,#7272,#7273,#7274));
#7271 = ORIENTED_EDGE('',*,*,#7104,.T.);
#7272 = ORIENTED_EDGE('',*,*,#7152,.T.);
#7273 = ORIENTED_EDGE('',*,*,#7176,.T.);
#7274 = ORIENTED_EDGE('',*,*,#7135,.T.);
#7275 = PLANE('',#7276);
#7276 = AXIS2_PLACEMENT_3D('',#7277,#7278,#7279);
#7277 = CARTESIAN_POINT('',(27.814070582243,16.908412784614,17.7));
#7278 = DIRECTION('',(0.,0.,1.));
#7279 = DIRECTION('',(1.,0.,0.));
#7280 = ADVANCED_FACE('',(#7281),#7284,.T.);
#7281 = FACE_BOUND('',#7282,.T.);
#7282 = EDGE_LOOP('',(#7283));
#7283 = ORIENTED_EDGE('',*,*,#7217,.T.);
#7284 = PLANE('',#7285);
#7285 = AXIS2_PLACEMENT_3D('',#7286,#7287,#7288);
#7286 = CARTESIAN_POINT('',(27.814070582243,16.908412784614,17.7));
#7287 = DIRECTION('',(0.,0.,1.));
#7288 = DIRECTION('',(1.,0.,0.));
#7289 = ( GEOMETRIC_REPRESENTATION_CONTEXT(3) 
GLOBAL_UNCERTAINTY_ASSIGNED_CONTEXT((#7293)) 
GLOBAL_UNIT_ASSIGNED_CONTEXT((#7290,#7291,#7292)) REPRESENTATION_CONTEXT
('Context #1','3D Context with UNIT and UNCERTAINTY') );
#7290 = ( LENGTH_UNIT() NAMED_UNIT(*) SI_UNIT(.MILLI.,.METRE.) );
#7291 = ( NAMED_UNIT(*) PLANE_ANGLE_UNIT() SI_UNIT($,.RADIAN.) );
#7292 = ( NAMED_UNIT(*) SI_UNIT($,.STERADIAN.) SOLID_ANGLE_UNIT() );
#7293 = UNCERTAINTY_MEASURE_WITH_UNIT(LENGTH_MEASURE(1.E-07),#7290,
  'distance_accuracy_value','confusion accuracy');
#7294 = CONTEXT_DEPENDENT_SHAPE_REPRESENTATION(#7295,#7297);
#7295 = ( REPRESENTATION_RELATIONSHIP('','',#6468,#10) 
REPRESENTATION_RELATIONSHIP_WITH_TRANSFORMATION(#7296) 
SHAPE_REPRESENTATION_RELATIONSHIP() );
#7296 = ITEM_DEFINED_TRANSFORMATION('','',#11,#23);
#7297 = PRODUCT_DEFINITION_SHAPE('Placement','Placement of an item',
  #7298);
#7298 = NEXT_ASSEMBLY_USAGE_OCCURRENCE('67','BackCover','',#5,#6463,$);
#7299 = PRODUCT_RELATED_PRODUCT_CATEGORY('part',$,(#6465));
#7300 = SHAPE_DEFINITION_REPRESENTATION(#7301,#7307);
#7301 = PRODUCT_DEFINITION_SHAPE('','',#7302);
#7302 = PRODUCT_DEFINITION('design','',#7303,#7306);
#7303 = PRODUCT_DEFINITION_FORMATION('','',#7304);
#7304 = PRODUCT('DinMount','DinMount','',(#7305));
#7305 = PRODUCT_CONTEXT('',#2,'mechanical');
#7306 = PRODUCT_DEFINITION_CONTEXT('part definition',#2,'design');
#7307 = ADVANCED_BREP_SHAPE_REPRESENTATION('',(#11,#7308),#11264);
#7308 = MANIFOLD_SOLID_BREP('',#7309);
#7309 = CLOSED_SHELL('',(#7310,#7430,#8101,#8126,#8190,#8214,#8255,#8279
    ,#8303,#8327,#8415,#8439,#8463,#8487,#8551,#8568,#8585,#8602,#8671,
    #8696,#8728,#8769,#8793,#8817,#8841,#8865,#8889,#8913,#8937,#8961,
    #8985,#9009,#9064,#9088,#9136,#9160,#9184,#9208,#9232,#9256,#9280,
    #9304,#9328,#9352,#9376,#9400,#9424,#9448,#9487,#9500,#9525,#9550,
    #9573,#9592,#9613,#9630,#9647,#9680,#9697,#9721,#9738,#9762,#9779,
    #9803,#9820,#9844,#9893,#9917,#9943,#9967,#9991,#10031,#10055,#10079
    ,#10103,#10143,#10167,#10191,#10215,#10239,#10311,#10335,#10359,
    #10383,#10455,#10479,#10503,#10527,#10551,#10575,#10599,#10616,
    #10633,#10650,#10675,#10700,#10717,#10734,#10753,#10770,#10792,
    #10809,#10890,#10907,#10952,#10969,#11007,#11019,#11031,#11043,
    #11060,#11077,#11094,#11111,#11128,#11140,#11173,#11197,#11223,
    #11240,#11252));
#7310 = ADVANCED_FACE('',(#7311),#7425,.T.);
#7311 = FACE_BOUND('',#7312,.T.);
#7312 = EDGE_LOOP('',(#7313,#7323,#7331,#7339,#7347,#7355,#7363,#7371,
    #7379,#7387,#7395,#7403,#7411,#7419));
#7313 = ORIENTED_EDGE('',*,*,#7314,.F.);
#7314 = EDGE_CURVE('',#7315,#7317,#7319,.T.);
#7315 = VERTEX_POINT('',#7316);
#7316 = CARTESIAN_POINT('',(2.,0.,-1.6));
#7317 = VERTEX_POINT('',#7318);
#7318 = CARTESIAN_POINT('',(84.,0.,-1.6));
#7319 = LINE('',#7320,#7321);
#7320 = CARTESIAN_POINT('',(2.,0.,-1.6));
#7321 = VECTOR('',#7322,1.);
#7322 = DIRECTION('',(1.,0.,0.));
#7323 = ORIENTED_EDGE('',*,*,#7324,.T.);
#7324 = EDGE_CURVE('',#7315,#7325,#7327,.T.);
#7325 = VERTEX_POINT('',#7326);
#7326 = CARTESIAN_POINT('',(2.,0.,-10.2));
#7327 = LINE('',#7328,#7329);
#7328 = CARTESIAN_POINT('',(2.,0.,-1.6));
#7329 = VECTOR('',#7330,1.);
#7330 = DIRECTION('',(-0.,-0.,-1.));
#7331 = ORIENTED_EDGE('',*,*,#7332,.T.);
#7332 = EDGE_CURVE('',#7325,#7333,#7335,.T.);
#7333 = VERTEX_POINT('',#7334);
#7334 = CARTESIAN_POINT('',(26.7,0.,-10.2));
#7335 = LINE('',#7336,#7337);
#7336 = CARTESIAN_POINT('',(2.,0.,-10.2));
#7337 = VECTOR('',#7338,1.);
#7338 = DIRECTION('',(1.,0.,0.));
#7339 = ORIENTED_EDGE('',*,*,#7340,.T.);
#7340 = EDGE_CURVE('',#7333,#7341,#7343,.T.);
#7341 = VERTEX_POINT('',#7342);
#7342 = CARTESIAN_POINT('',(26.7,0.,-7.4));
#7343 = LINE('',#7344,#7345);
#7344 = CARTESIAN_POINT('',(26.7,0.,-10.2));
#7345 = VECTOR('',#7346,1.);
#7346 = DIRECTION('',(0.,0.,1.));
#7347 = ORIENTED_EDGE('',*,*,#7348,.F.);
#7348 = EDGE_CURVE('',#7349,#7341,#7351,.T.);
#7349 = VERTEX_POINT('',#7350);
#7350 = CARTESIAN_POINT('',(25.3,0.,-7.4));
#7351 = LINE('',#7352,#7353);
#7352 = CARTESIAN_POINT('',(25.3,0.,-7.4));
#7353 = VECTOR('',#7354,1.);
#7354 = DIRECTION('',(1.,0.,0.));
#7355 = ORIENTED_EDGE('',*,*,#7356,.T.);
#7356 = EDGE_CURVE('',#7349,#7357,#7359,.T.);
#7357 = VERTEX_POINT('',#7358);
#7358 = CARTESIAN_POINT('',(25.3,0.,-4.7));
#7359 = LINE('',#7360,#7361);
#7360 = CARTESIAN_POINT('',(25.3,0.,-7.4));
#7361 = VECTOR('',#7362,1.);
#7362 = DIRECTION('',(0.,0.,1.));
#7363 = ORIENTED_EDGE('',*,*,#7364,.T.);
#7364 = EDGE_CURVE('',#7357,#7365,#7367,.T.);
#7365 = VERTEX_POINT('',#7366);
#7366 = CARTESIAN_POINT('',(60.7,0.,-4.7));
#7367 = LINE('',#7368,#7369);
#7368 = CARTESIAN_POINT('',(25.3,0.,-4.7));
#7369 = VECTOR('',#7370,1.);
#7370 = DIRECTION('',(1.,0.,0.));
#7371 = ORIENTED_EDGE('',*,*,#7372,.F.);
#7372 = EDGE_CURVE('',#7373,#7365,#7375,.T.);
#7373 = VERTEX_POINT('',#7374);
#7374 = CARTESIAN_POINT('',(60.7,0.,-10.2));
#7375 = LINE('',#7376,#7377);
#7376 = CARTESIAN_POINT('',(60.7,0.,-7.4));
#7377 = VECTOR('',#7378,1.);
#7378 = DIRECTION('',(0.,0.,1.));
#7379 = ORIENTED_EDGE('',*,*,#7380,.T.);
#7380 = EDGE_CURVE('',#7373,#7381,#7383,.T.);
#7381 = VERTEX_POINT('',#7382);
#7382 = CARTESIAN_POINT('',(64.5,0.,-10.2));
#7383 = LINE('',#7384,#7385);
#7384 = CARTESIAN_POINT('',(2.,0.,-10.2));
#7385 = VECTOR('',#7386,1.);
#7386 = DIRECTION('',(1.,0.,0.));
#7387 = ORIENTED_EDGE('',*,*,#7388,.T.);
#7388 = EDGE_CURVE('',#7381,#7389,#7391,.T.);
#7389 = VERTEX_POINT('',#7390);
#7390 = CARTESIAN_POINT('',(64.5,0.,-8.7));
#7391 = LINE('',#7392,#7393);
#7392 = CARTESIAN_POINT('',(64.5,0.,-10.2));
#7393 = VECTOR('',#7394,1.);
#7394 = DIRECTION('',(0.,0.,1.));
#7395 = ORIENTED_EDGE('',*,*,#7396,.T.);
#7396 = EDGE_CURVE('',#7389,#7397,#7399,.T.);
#7397 = VERTEX_POINT('',#7398);
#7398 = CARTESIAN_POINT('',(82.5,0.,-8.7));
#7399 = LINE('',#7400,#7401);
#7400 = CARTESIAN_POINT('',(64.5,0.,-8.7));
#7401 = VECTOR('',#7402,1.);
#7402 = DIRECTION('',(1.,0.,0.));
#7403 = ORIENTED_EDGE('',*,*,#7404,.F.);
#7404 = EDGE_CURVE('',#7405,#7397,#7407,.T.);
#7405 = VERTEX_POINT('',#7406);
#7406 = CARTESIAN_POINT('',(82.5,0.,-10.2));
#7407 = LINE('',#7408,#7409);
#7408 = CARTESIAN_POINT('',(82.5,0.,-10.2));
#7409 = VECTOR('',#7410,1.);
#7410 = DIRECTION('',(0.,0.,1.));
#7411 = ORIENTED_EDGE('',*,*,#7412,.T.);
#7412 = EDGE_CURVE('',#7405,#7413,#7415,.T.);
#7413 = VERTEX_POINT('',#7414);
#7414 = CARTESIAN_POINT('',(84.,0.,-10.2));
#7415 = LINE('',#7416,#7417);
#7416 = CARTESIAN_POINT('',(2.,0.,-10.2));
#7417 = VECTOR('',#7418,1.);
#7418 = DIRECTION('',(1.,0.,0.));
#7419 = ORIENTED_EDGE('',*,*,#7420,.F.);
#7420 = EDGE_CURVE('',#7317,#7413,#7421,.T.);
#7421 = LINE('',#7422,#7423);
#7422 = CARTESIAN_POINT('',(84.,0.,-1.6));
#7423 = VECTOR('',#7424,1.);
#7424 = DIRECTION('',(-0.,-0.,-1.));
#7425 = PLANE('',#7426);
#7426 = AXIS2_PLACEMENT_3D('',#7427,#7428,#7429);
#7427 = CARTESIAN_POINT('',(2.,0.,-1.6));
#7428 = DIRECTION('',(0.,-1.,0.));
#7429 = DIRECTION('',(1.,0.,0.));
#7430 = ADVANCED_FACE('',(#7431,#7732,#7743,#7754),#8096,.T.);
#7431 = FACE_BOUND('',#7432,.T.);
#7432 = EDGE_LOOP('',(#7433,#7442,#7443,#7452,#7460,#7468,#7476,#7484,
    #7492,#7500,#7508,#7516,#7524,#7532,#7540,#7548,#7556,#7564,#7572,
    #7580,#7588,#7596,#7604,#7612,#7620,#7628,#7636,#7644,#7652,#7660,
    #7668,#7676,#7684,#7692,#7700,#7709,#7717,#7726));
#7433 = ORIENTED_EDGE('',*,*,#7434,.T.);
#7434 = EDGE_CURVE('',#7435,#7315,#7437,.T.);
#7435 = VERTEX_POINT('',#7436);
#7436 = CARTESIAN_POINT('',(0.,2.,-1.6));
#7437 = CIRCLE('',#7438,2.);
#7438 = AXIS2_PLACEMENT_3D('',#7439,#7440,#7441);
#7439 = CARTESIAN_POINT('',(2.,2.,-1.6));
#7440 = DIRECTION('',(0.,0.,1.));
#7441 = DIRECTION('',(1.,0.,0.));
#7442 = ORIENTED_EDGE('',*,*,#7314,.T.);
#7443 = ORIENTED_EDGE('',*,*,#7444,.T.);
#7444 = EDGE_CURVE('',#7317,#7445,#7447,.T.);
#7445 = VERTEX_POINT('',#7446);
#7446 = CARTESIAN_POINT('',(86.,2.,-1.6));
#7447 = CIRCLE('',#7448,2.);
#7448 = AXIS2_PLACEMENT_3D('',#7449,#7450,#7451);
#7449 = CARTESIAN_POINT('',(84.,2.,-1.6));
#7450 = DIRECTION('',(0.,0.,1.));
#7451 = DIRECTION('',(1.,0.,0.));
#7452 = ORIENTED_EDGE('',*,*,#7453,.T.);
#7453 = EDGE_CURVE('',#7445,#7454,#7456,.T.);
#7454 = VERTEX_POINT('',#7455);
#7455 = CARTESIAN_POINT('',(86.,13.,-1.6));
#7456 = LINE('',#7457,#7458);
#7457 = CARTESIAN_POINT('',(86.,2.,-1.6));
#7458 = VECTOR('',#7459,1.);
#7459 = DIRECTION('',(0.,1.,0.));
#7460 = ORIENTED_EDGE('',*,*,#7461,.T.);
#7461 = EDGE_CURVE('',#7454,#7462,#7464,.T.);
#7462 = VERTEX_POINT('',#7463);
#7463 = CARTESIAN_POINT('',(81.5,13.,-1.6));
#7464 = LINE('',#7465,#7466);
#7465 = CARTESIAN_POINT('',(53.75,13.,-1.6));
#7466 = VECTOR('',#7467,1.);
#7467 = DIRECTION('',(-1.,0.,0.));
#7468 = ORIENTED_EDGE('',*,*,#7469,.F.);
#7469 = EDGE_CURVE('',#7470,#7462,#7472,.T.);
#7470 = VERTEX_POINT('',#7471);
#7471 = CARTESIAN_POINT('',(81.5,6.5,-1.6));
#7472 = LINE('',#7473,#7474);
#7473 = CARTESIAN_POINT('',(81.5,6.5,-1.6));
#7474 = VECTOR('',#7475,1.);
#7475 = DIRECTION('',(0.,1.,0.));
#7476 = ORIENTED_EDGE('',*,*,#7477,.F.);
#7477 = EDGE_CURVE('',#7478,#7470,#7480,.T.);
#7478 = VERTEX_POINT('',#7479);
#7479 = CARTESIAN_POINT('',(79.5,6.5,-1.6));
#7480 = LINE('',#7481,#7482);
#7481 = CARTESIAN_POINT('',(79.5,6.5,-1.6));
#7482 = VECTOR('',#7483,1.);
#7483 = DIRECTION('',(1.,0.,0.));
#7484 = ORIENTED_EDGE('',*,*,#7485,.F.);
#7485 = EDGE_CURVE('',#7486,#7478,#7488,.T.);
#7486 = VERTEX_POINT('',#7487);
#7487 = CARTESIAN_POINT('',(79.5,13.,-1.6));
#7488 = LINE('',#7489,#7490);
#7489 = CARTESIAN_POINT('',(79.5,13.,-1.6));
#7490 = VECTOR('',#7491,1.);
#7491 = DIRECTION('',(0.,-1.,0.));
#7492 = ORIENTED_EDGE('',*,*,#7493,.T.);
#7493 = EDGE_CURVE('',#7486,#7494,#7496,.T.);
#7494 = VERTEX_POINT('',#7495);
#7495 = CARTESIAN_POINT('',(75.5,13.,-1.6));
#7496 = LINE('',#7497,#7498);
#7497 = CARTESIAN_POINT('',(53.75,13.,-1.6));
#7498 = VECTOR('',#7499,1.);
#7499 = DIRECTION('',(-1.,0.,0.));
#7500 = ORIENTED_EDGE('',*,*,#7501,.F.);
#7501 = EDGE_CURVE('',#7502,#7494,#7504,.T.);
#7502 = VERTEX_POINT('',#7503);
#7503 = CARTESIAN_POINT('',(75.5,6.5,-1.6));
#7504 = LINE('',#7505,#7506);
#7505 = CARTESIAN_POINT('',(75.5,6.5,-1.6));
#7506 = VECTOR('',#7507,1.);
#7507 = DIRECTION('',(0.,1.,0.));
#7508 = ORIENTED_EDGE('',*,*,#7509,.F.);
#7509 = EDGE_CURVE('',#7510,#7502,#7512,.T.);
#7510 = VERTEX_POINT('',#7511);
#7511 = CARTESIAN_POINT('',(73.5,6.5,-1.6));
#7512 = LINE('',#7513,#7514);
#7513 = CARTESIAN_POINT('',(73.5,6.5,-1.6));
#7514 = VECTOR('',#7515,1.);
#7515 = DIRECTION('',(1.,0.,0.));
#7516 = ORIENTED_EDGE('',*,*,#7517,.F.);
#7517 = EDGE_CURVE('',#7518,#7510,#7520,.T.);
#7518 = VERTEX_POINT('',#7519);
#7519 = CARTESIAN_POINT('',(73.5,13.,-1.6));
#7520 = LINE('',#7521,#7522);
#7521 = CARTESIAN_POINT('',(73.5,13.,-1.6));
#7522 = VECTOR('',#7523,1.);
#7523 = DIRECTION('',(0.,-1.,0.));
#7524 = ORIENTED_EDGE('',*,*,#7525,.T.);
#7525 = EDGE_CURVE('',#7518,#7526,#7528,.T.);
#7526 = VERTEX_POINT('',#7527);
#7527 = CARTESIAN_POINT('',(69.5,13.,-1.6));
#7528 = LINE('',#7529,#7530);
#7529 = CARTESIAN_POINT('',(53.75,13.,-1.6));
#7530 = VECTOR('',#7531,1.);
#7531 = DIRECTION('',(-1.,0.,0.));
#7532 = ORIENTED_EDGE('',*,*,#7533,.F.);
#7533 = EDGE_CURVE('',#7534,#7526,#7536,.T.);
#7534 = VERTEX_POINT('',#7535);
#7535 = CARTESIAN_POINT('',(69.5,6.5,-1.6));
#7536 = LINE('',#7537,#7538);
#7537 = CARTESIAN_POINT('',(69.5,6.5,-1.6));
#7538 = VECTOR('',#7539,1.);
#7539 = DIRECTION('',(0.,1.,0.));
#7540 = ORIENTED_EDGE('',*,*,#7541,.F.);
#7541 = EDGE_CURVE('',#7542,#7534,#7544,.T.);
#7542 = VERTEX_POINT('',#7543);
#7543 = CARTESIAN_POINT('',(67.5,6.5,-1.6));
#7544 = LINE('',#7545,#7546);
#7545 = CARTESIAN_POINT('',(67.5,6.5,-1.6));
#7546 = VECTOR('',#7547,1.);
#7547 = DIRECTION('',(1.,0.,0.));
#7548 = ORIENTED_EDGE('',*,*,#7549,.F.);
#7549 = EDGE_CURVE('',#7550,#7542,#7552,.T.);
#7550 = VERTEX_POINT('',#7551);
#7551 = CARTESIAN_POINT('',(67.5,13.,-1.6));
#7552 = LINE('',#7553,#7554);
#7553 = CARTESIAN_POINT('',(67.5,13.,-1.6));
#7554 = VECTOR('',#7555,1.);
#7555 = DIRECTION('',(0.,-1.,0.));
#7556 = ORIENTED_EDGE('',*,*,#7557,.T.);
#7557 = EDGE_CURVE('',#7550,#7558,#7560,.T.);
#7558 = VERTEX_POINT('',#7559);
#7559 = CARTESIAN_POINT('',(64.5,13.,-1.6));
#7560 = LINE('',#7561,#7562);
#7561 = CARTESIAN_POINT('',(53.75,13.,-1.6));
#7562 = VECTOR('',#7563,1.);
#7563 = DIRECTION('',(-1.,0.,0.));
#7564 = ORIENTED_EDGE('',*,*,#7565,.T.);
#7565 = EDGE_CURVE('',#7558,#7566,#7568,.T.);
#7566 = VERTEX_POINT('',#7567);
#7567 = CARTESIAN_POINT('',(64.5,14.,-1.6));
#7568 = LINE('',#7569,#7570);
#7569 = CARTESIAN_POINT('',(64.5,15.45,-1.6));
#7570 = VECTOR('',#7571,1.);
#7571 = DIRECTION('',(0.,1.,0.));
#7572 = ORIENTED_EDGE('',*,*,#7573,.T.);
#7573 = EDGE_CURVE('',#7566,#7574,#7576,.T.);
#7574 = VERTEX_POINT('',#7575);
#7575 = CARTESIAN_POINT('',(86.,14.,-1.6));
#7576 = LINE('',#7577,#7578);
#7577 = CARTESIAN_POINT('',(64.5,14.,-1.6));
#7578 = VECTOR('',#7579,1.);
#7579 = DIRECTION('',(1.,0.,0.));
#7580 = ORIENTED_EDGE('',*,*,#7581,.T.);
#7581 = EDGE_CURVE('',#7574,#7582,#7584,.T.);
#7582 = VERTEX_POINT('',#7583);
#7583 = CARTESIAN_POINT('',(86.,19.8,-1.6));
#7584 = LINE('',#7585,#7586);
#7585 = CARTESIAN_POINT('',(86.,2.,-1.6));
#7586 = VECTOR('',#7587,1.);
#7587 = DIRECTION('',(0.,1.,0.));
#7588 = ORIENTED_EDGE('',*,*,#7589,.T.);
#7589 = EDGE_CURVE('',#7582,#7590,#7592,.T.);
#7590 = VERTEX_POINT('',#7591);
#7591 = CARTESIAN_POINT('',(64.5,19.8,-1.6));
#7592 = LINE('',#7593,#7594);
#7593 = CARTESIAN_POINT('',(53.75,19.8,-1.6));
#7594 = VECTOR('',#7595,1.);
#7595 = DIRECTION('',(-1.,0.,0.));
#7596 = ORIENTED_EDGE('',*,*,#7597,.T.);
#7597 = EDGE_CURVE('',#7590,#7598,#7600,.T.);
#7598 = VERTEX_POINT('',#7599);
#7599 = CARTESIAN_POINT('',(64.5,27.3,-1.6));
#7600 = LINE('',#7601,#7602);
#7601 = CARTESIAN_POINT('',(64.5,18.85,-1.6));
#7602 = VECTOR('',#7603,1.);
#7603 = DIRECTION('',(0.,1.,0.));
#7604 = ORIENTED_EDGE('',*,*,#7605,.F.);
#7605 = EDGE_CURVE('',#7606,#7598,#7608,.T.);
#7606 = VERTEX_POINT('',#7607);
#7607 = CARTESIAN_POINT('',(66.5,27.3,-1.6));
#7608 = LINE('',#7609,#7610);
#7609 = CARTESIAN_POINT('',(66.5,27.3,-1.6));
#7610 = VECTOR('',#7611,1.);
#7611 = DIRECTION('',(-1.,0.,0.));
#7612 = ORIENTED_EDGE('',*,*,#7613,.F.);
#7613 = EDGE_CURVE('',#7614,#7606,#7616,.T.);
#7614 = VERTEX_POINT('',#7615);
#7615 = CARTESIAN_POINT('',(66.5,20.8,-1.6));
#7616 = LINE('',#7617,#7618);
#7617 = CARTESIAN_POINT('',(66.5,20.8,-1.6));
#7618 = VECTOR('',#7619,1.);
#7619 = DIRECTION('',(0.,1.,0.));
#7620 = ORIENTED_EDGE('',*,*,#7621,.T.);
#7621 = EDGE_CURVE('',#7614,#7622,#7624,.T.);
#7622 = VERTEX_POINT('',#7623);
#7623 = CARTESIAN_POINT('',(70.5,20.8,-1.6));
#7624 = LINE('',#7625,#7626);
#7625 = CARTESIAN_POINT('',(64.5,20.8,-1.6));
#7626 = VECTOR('',#7627,1.);
#7627 = DIRECTION('',(1.,0.,0.));
#7628 = ORIENTED_EDGE('',*,*,#7629,.F.);
#7629 = EDGE_CURVE('',#7630,#7622,#7632,.T.);
#7630 = VERTEX_POINT('',#7631);
#7631 = CARTESIAN_POINT('',(70.5,27.3,-1.6));
#7632 = LINE('',#7633,#7634);
#7633 = CARTESIAN_POINT('',(70.5,27.3,-1.6));
#7634 = VECTOR('',#7635,1.);
#7635 = DIRECTION('',(0.,-1.,0.));
#7636 = ORIENTED_EDGE('',*,*,#7637,.F.);
#7637 = EDGE_CURVE('',#7638,#7630,#7640,.T.);
#7638 = VERTEX_POINT('',#7639);
#7639 = CARTESIAN_POINT('',(72.5,27.3,-1.6));
#7640 = LINE('',#7641,#7642);
#7641 = CARTESIAN_POINT('',(72.5,27.3,-1.6));
#7642 = VECTOR('',#7643,1.);
#7643 = DIRECTION('',(-1.,0.,0.));
#7644 = ORIENTED_EDGE('',*,*,#7645,.F.);
#7645 = EDGE_CURVE('',#7646,#7638,#7648,.T.);
#7646 = VERTEX_POINT('',#7647);
#7647 = CARTESIAN_POINT('',(72.5,20.8,-1.6));
#7648 = LINE('',#7649,#7650);
#7649 = CARTESIAN_POINT('',(72.5,20.8,-1.6));
#7650 = VECTOR('',#7651,1.);
#7651 = DIRECTION('',(0.,1.,0.));
#7652 = ORIENTED_EDGE('',*,*,#7653,.T.);
#7653 = EDGE_CURVE('',#7646,#7654,#7656,.T.);
#7654 = VERTEX_POINT('',#7655);
#7655 = CARTESIAN_POINT('',(76.5,20.8,-1.6));
#7656 = LINE('',#7657,#7658);
#7657 = CARTESIAN_POINT('',(64.5,20.8,-1.6));
#7658 = VECTOR('',#7659,1.);
#7659 = DIRECTION('',(1.,0.,0.));
#7660 = ORIENTED_EDGE('',*,*,#7661,.F.);
#7661 = EDGE_CURVE('',#7662,#7654,#7664,.T.);
#7662 = VERTEX_POINT('',#7663);
#7663 = CARTESIAN_POINT('',(76.5,27.3,-1.6));
#7664 = LINE('',#7665,#7666);
#7665 = CARTESIAN_POINT('',(76.5,27.3,-1.6));
#7666 = VECTOR('',#7667,1.);
#7667 = DIRECTION('',(0.,-1.,0.));
#7668 = ORIENTED_EDGE('',*,*,#7669,.F.);
#7669 = EDGE_CURVE('',#7670,#7662,#7672,.T.);
#7670 = VERTEX_POINT('',#7671);
#7671 = CARTESIAN_POINT('',(78.5,27.3,-1.6));
#7672 = LINE('',#7673,#7674);
#7673 = CARTESIAN_POINT('',(78.5,27.3,-1.6));
#7674 = VECTOR('',#7675,1.);
#7675 = DIRECTION('',(-1.,0.,0.));
#7676 = ORIENTED_EDGE('',*,*,#7677,.F.);
#7677 = EDGE_CURVE('',#7678,#7670,#7680,.T.);
#7678 = VERTEX_POINT('',#7679);
#7679 = CARTESIAN_POINT('',(78.5,20.8,-1.6));
#7680 = LINE('',#7681,#7682);
#7681 = CARTESIAN_POINT('',(78.5,20.8,-1.6));
#7682 = VECTOR('',#7683,1.);
#7683 = DIRECTION('',(0.,1.,0.));
#7684 = ORIENTED_EDGE('',*,*,#7685,.T.);
#7685 = EDGE_CURVE('',#7678,#7686,#7688,.T.);
#7686 = VERTEX_POINT('',#7687);
#7687 = CARTESIAN_POINT('',(86.,20.8,-1.6));
#7688 = LINE('',#7689,#7690);
#7689 = CARTESIAN_POINT('',(64.5,20.8,-1.6));
#7690 = VECTOR('',#7691,1.);
#7691 = DIRECTION('',(1.,0.,0.));
#7692 = ORIENTED_EDGE('',*,*,#7693,.T.);
#7693 = EDGE_CURVE('',#7686,#7694,#7696,.T.);
#7694 = VERTEX_POINT('',#7695);
#7695 = CARTESIAN_POINT('',(86.,31.8,-1.6));
#7696 = LINE('',#7697,#7698);
#7697 = CARTESIAN_POINT('',(86.,2.,-1.6));
#7698 = VECTOR('',#7699,1.);
#7699 = DIRECTION('',(0.,1.,0.));
#7700 = ORIENTED_EDGE('',*,*,#7701,.T.);
#7701 = EDGE_CURVE('',#7694,#7702,#7704,.T.);
#7702 = VERTEX_POINT('',#7703);
#7703 = CARTESIAN_POINT('',(84.,33.8,-1.6));
#7704 = CIRCLE('',#7705,2.);
#7705 = AXIS2_PLACEMENT_3D('',#7706,#7707,#7708);
#7706 = CARTESIAN_POINT('',(84.,31.8,-1.6));
#7707 = DIRECTION('',(0.,0.,1.));
#7708 = DIRECTION('',(1.,0.,0.));
#7709 = ORIENTED_EDGE('',*,*,#7710,.T.);
#7710 = EDGE_CURVE('',#7702,#7711,#7713,.T.);
#7711 = VERTEX_POINT('',#7712);
#7712 = CARTESIAN_POINT('',(2.,33.8,-1.6));
#7713 = LINE('',#7714,#7715);
#7714 = CARTESIAN_POINT('',(84.,33.8,-1.6));
#7715 = VECTOR('',#7716,1.);
#7716 = DIRECTION('',(-1.,0.,0.));
#7717 = ORIENTED_EDGE('',*,*,#7718,.T.);
#7718 = EDGE_CURVE('',#7711,#7719,#7721,.T.);
#7719 = VERTEX_POINT('',#7720);
#7720 = CARTESIAN_POINT('',(0.,31.8,-1.6));
#7721 = CIRCLE('',#7722,2.);
#7722 = AXIS2_PLACEMENT_3D('',#7723,#7724,#7725);
#7723 = CARTESIAN_POINT('',(2.,31.8,-1.6));
#7724 = DIRECTION('',(0.,0.,1.));
#7725 = DIRECTION('',(1.,0.,0.));
#7726 = ORIENTED_EDGE('',*,*,#7727,.T.);
#7727 = EDGE_CURVE('',#7719,#7435,#7728,.T.);
#7728 = LINE('',#7729,#7730);
#7729 = CARTESIAN_POINT('',(0.,31.8,-1.6));
#7730 = VECTOR('',#7731,1.);
#7731 = DIRECTION('',(0.,-1.,0.));
#7732 = FACE_BOUND('',#7733,.T.);
#7733 = EDGE_LOOP('',(#7734));
#7734 = ORIENTED_EDGE('',*,*,#7735,.F.);
#7735 = EDGE_CURVE('',#7736,#7736,#7738,.T.);
#7736 = VERTEX_POINT('',#7737);
#7737 = CARTESIAN_POINT('',(5.75,3.,-1.6));
#7738 = CIRCLE('',#7739,1.15);
#7739 = AXIS2_PLACEMENT_3D('',#7740,#7741,#7742);
#7740 = CARTESIAN_POINT('',(6.9,3.,-1.6));
#7741 = DIRECTION('',(0.,0.,1.));
#7742 = DIRECTION('',(-1.,0.,0.));
#7743 = FACE_BOUND('',#7744,.T.);
#7744 = EDGE_LOOP('',(#7745));
#7745 = ORIENTED_EDGE('',*,*,#7746,.F.);
#7746 = EDGE_CURVE('',#7747,#7747,#7749,.T.);
#7747 = VERTEX_POINT('',#7748);
#7748 = CARTESIAN_POINT('',(5.75,30.8,-1.6));
#7749 = CIRCLE('',#7750,1.15);
#7750 = AXIS2_PLACEMENT_3D('',#7751,#7752,#7753);
#7751 = CARTESIAN_POINT('',(6.9,30.8,-1.6));
#7752 = DIRECTION('',(0.,0.,1.));
#7753 = DIRECTION('',(-1.,0.,0.));
#7754 = FACE_BOUND('',#7755,.T.);
#7755 = EDGE_LOOP('',(#7756,#7767,#7776,#7784,#7792,#7800,#7808,#7816,
    #7824,#7832,#7841,#7850,#7858,#7866,#7874,#7882,#7890,#7898,#7906,
    #7914,#7922,#7930,#7938,#7946,#7954,#7962,#7970,#7978,#7986,#7994,
    #8002,#8010,#8018,#8026,#8034,#8042,#8050,#8058,#8066,#8074,#8082,
    #8090));
#7756 = ORIENTED_EDGE('',*,*,#7757,.F.);
#7757 = EDGE_CURVE('',#7758,#7760,#7762,.T.);
#7758 = VERTEX_POINT('',#7759);
#7759 = CARTESIAN_POINT('',(77.95,3.,-1.6));
#7760 = VERTEX_POINT('',#7761);
#7761 = CARTESIAN_POINT('',(79.66789083458,4.,-1.6));
#7762 = CIRCLE('',#7763,1.15);
#7763 = AXIS2_PLACEMENT_3D('',#7764,#7765,#7766);
#7764 = CARTESIAN_POINT('',(79.1,3.,-1.6));
#7765 = DIRECTION('',(0.,0.,1.));
#7766 = DIRECTION('',(-1.,0.,0.));
#7767 = ORIENTED_EDGE('',*,*,#7768,.F.);
#7768 = EDGE_CURVE('',#7769,#7758,#7771,.T.);
#7769 = VERTEX_POINT('',#7770);
#7770 = CARTESIAN_POINT('',(78.53210916542,4.,-1.6));
#7771 = CIRCLE('',#7772,1.15);
#7772 = AXIS2_PLACEMENT_3D('',#7773,#7774,#7775);
#7773 = CARTESIAN_POINT('',(79.1,3.,-1.6));
#7774 = DIRECTION('',(0.,0.,1.));
#7775 = DIRECTION('',(-1.,0.,0.));
#7776 = ORIENTED_EDGE('',*,*,#7777,.T.);
#7777 = EDGE_CURVE('',#7769,#7778,#7780,.T.);
#7778 = VERTEX_POINT('',#7779);
#7779 = CARTESIAN_POINT('',(54.,4.,-1.6));
#7780 = LINE('',#7781,#7782);
#7781 = CARTESIAN_POINT('',(48.5,4.,-1.6));
#7782 = VECTOR('',#7783,1.);
#7783 = DIRECTION('',(-1.,0.,0.));
#7784 = ORIENTED_EDGE('',*,*,#7785,.T.);
#7785 = EDGE_CURVE('',#7778,#7786,#7788,.T.);
#7786 = VERTEX_POINT('',#7787);
#7787 = CARTESIAN_POINT('',(54.,5.,-1.6));
#7788 = LINE('',#7789,#7790);
#7789 = CARTESIAN_POINT('',(54.,10.95,-1.6));
#7790 = VECTOR('',#7791,1.);
#7791 = DIRECTION('',(0.,1.,0.));
#7792 = ORIENTED_EDGE('',*,*,#7793,.F.);
#7793 = EDGE_CURVE('',#7794,#7786,#7796,.T.);
#7794 = VERTEX_POINT('',#7795);
#7795 = CARTESIAN_POINT('',(52.,5.,-1.6));
#7796 = LINE('',#7797,#7798);
#7797 = CARTESIAN_POINT('',(52.,5.,-1.6));
#7798 = VECTOR('',#7799,1.);
#7799 = DIRECTION('',(1.,0.,0.));
#7800 = ORIENTED_EDGE('',*,*,#7801,.F.);
#7801 = EDGE_CURVE('',#7802,#7794,#7804,.T.);
#7802 = VERTEX_POINT('',#7803);
#7803 = CARTESIAN_POINT('',(52.,28.8,-1.6));
#7804 = LINE('',#7805,#7806);
#7805 = CARTESIAN_POINT('',(52.,28.8,-1.6));
#7806 = VECTOR('',#7807,1.);
#7807 = DIRECTION('',(0.,-1.,0.));
#7808 = ORIENTED_EDGE('',*,*,#7809,.F.);
#7809 = EDGE_CURVE('',#7810,#7802,#7812,.T.);
#7810 = VERTEX_POINT('',#7811);
#7811 = CARTESIAN_POINT('',(54.,28.8,-1.6));
#7812 = LINE('',#7813,#7814);
#7813 = CARTESIAN_POINT('',(59.3,28.8,-1.6));
#7814 = VECTOR('',#7815,1.);
#7815 = DIRECTION('',(-1.,0.,0.));
#7816 = ORIENTED_EDGE('',*,*,#7817,.T.);
#7817 = EDGE_CURVE('',#7810,#7818,#7820,.T.);
#7818 = VERTEX_POINT('',#7819);
#7819 = CARTESIAN_POINT('',(54.,29.8,-1.6));
#7820 = LINE('',#7821,#7822);
#7821 = CARTESIAN_POINT('',(54.,23.35,-1.6));
#7822 = VECTOR('',#7823,1.);
#7823 = DIRECTION('',(0.,1.,0.));
#7824 = ORIENTED_EDGE('',*,*,#7825,.T.);
#7825 = EDGE_CURVE('',#7818,#7826,#7828,.T.);
#7826 = VERTEX_POINT('',#7827);
#7827 = CARTESIAN_POINT('',(78.53210916542,29.8,-1.6));
#7828 = LINE('',#7829,#7830);
#7829 = CARTESIAN_POINT('',(63.5,29.8,-1.6));
#7830 = VECTOR('',#7831,1.);
#7831 = DIRECTION('',(1.,0.,0.));
#7832 = ORIENTED_EDGE('',*,*,#7833,.F.);
#7833 = EDGE_CURVE('',#7834,#7826,#7836,.T.);
#7834 = VERTEX_POINT('',#7835);
#7835 = CARTESIAN_POINT('',(77.95,30.8,-1.6));
#7836 = CIRCLE('',#7837,1.15);
#7837 = AXIS2_PLACEMENT_3D('',#7838,#7839,#7840);
#7838 = CARTESIAN_POINT('',(79.1,30.8,-1.6));
#7839 = DIRECTION('',(0.,0.,1.));
#7840 = DIRECTION('',(-1.,0.,0.));
#7841 = ORIENTED_EDGE('',*,*,#7842,.F.);
#7842 = EDGE_CURVE('',#7843,#7834,#7845,.T.);
#7843 = VERTEX_POINT('',#7844);
#7844 = CARTESIAN_POINT('',(79.66789083458,29.8,-1.6));
#7845 = CIRCLE('',#7846,1.15);
#7846 = AXIS2_PLACEMENT_3D('',#7847,#7848,#7849);
#7847 = CARTESIAN_POINT('',(79.1,30.8,-1.6));
#7848 = DIRECTION('',(0.,0.,1.));
#7849 = DIRECTION('',(-1.,0.,0.));
#7850 = ORIENTED_EDGE('',*,*,#7851,.T.);
#7851 = EDGE_CURVE('',#7843,#7852,#7854,.T.);
#7852 = VERTEX_POINT('',#7853);
#7853 = CARTESIAN_POINT('',(84.,29.8,-1.6));
#7854 = LINE('',#7855,#7856);
#7855 = CARTESIAN_POINT('',(63.5,29.8,-1.6));
#7856 = VECTOR('',#7857,1.);
#7857 = DIRECTION('',(1.,0.,0.));
#7858 = ORIENTED_EDGE('',*,*,#7859,.T.);
#7859 = EDGE_CURVE('',#7852,#7860,#7862,.T.);
#7860 = VERTEX_POINT('',#7861);
#7861 = CARTESIAN_POINT('',(84.,28.8,-1.6));
#7862 = LINE('',#7863,#7864);
#7863 = CARTESIAN_POINT('',(84.,22.85,-1.6));
#7864 = VECTOR('',#7865,1.);
#7865 = DIRECTION('',(0.,-1.,0.));
#7866 = ORIENTED_EDGE('',*,*,#7867,.T.);
#7867 = EDGE_CURVE('',#7860,#7868,#7870,.T.);
#7868 = VERTEX_POINT('',#7869);
#7869 = CARTESIAN_POINT('',(81.5,28.8,-1.6));
#7870 = LINE('',#7871,#7872);
#7871 = CARTESIAN_POINT('',(48.5,28.8,-1.6));
#7872 = VECTOR('',#7873,1.);
#7873 = DIRECTION('',(-1.,0.,0.));
#7874 = ORIENTED_EDGE('',*,*,#7875,.F.);
#7875 = EDGE_CURVE('',#7876,#7868,#7878,.T.);
#7876 = VERTEX_POINT('',#7877);
#7877 = CARTESIAN_POINT('',(81.5,22.3,-1.6));
#7878 = LINE('',#7879,#7880);
#7879 = CARTESIAN_POINT('',(81.5,22.3,-1.6));
#7880 = VECTOR('',#7881,1.);
#7881 = DIRECTION('',(0.,1.,0.));
#7882 = ORIENTED_EDGE('',*,*,#7883,.F.);
#7883 = EDGE_CURVE('',#7884,#7876,#7886,.T.);
#7884 = VERTEX_POINT('',#7885);
#7885 = CARTESIAN_POINT('',(79.5,22.3,-1.6));
#7886 = LINE('',#7887,#7888);
#7887 = CARTESIAN_POINT('',(79.5,22.3,-1.6));
#7888 = VECTOR('',#7889,1.);
#7889 = DIRECTION('',(1.,0.,0.));
#7890 = ORIENTED_EDGE('',*,*,#7891,.F.);
#7891 = EDGE_CURVE('',#7892,#7884,#7894,.T.);
#7892 = VERTEX_POINT('',#7893);
#7893 = CARTESIAN_POINT('',(79.5,28.8,-1.6));
#7894 = LINE('',#7895,#7896);
#7895 = CARTESIAN_POINT('',(79.5,28.8,-1.6));
#7896 = VECTOR('',#7897,1.);
#7897 = DIRECTION('',(0.,-1.,0.));
#7898 = ORIENTED_EDGE('',*,*,#7899,.T.);
#7899 = EDGE_CURVE('',#7892,#7900,#7902,.T.);
#7900 = VERTEX_POINT('',#7901);
#7901 = CARTESIAN_POINT('',(75.5,28.8,-1.6));
#7902 = LINE('',#7903,#7904);
#7903 = CARTESIAN_POINT('',(48.5,28.8,-1.6));
#7904 = VECTOR('',#7905,1.);
#7905 = DIRECTION('',(-1.,0.,0.));
#7906 = ORIENTED_EDGE('',*,*,#7907,.F.);
#7907 = EDGE_CURVE('',#7908,#7900,#7910,.T.);
#7908 = VERTEX_POINT('',#7909);
#7909 = CARTESIAN_POINT('',(75.5,22.3,-1.6));
#7910 = LINE('',#7911,#7912);
#7911 = CARTESIAN_POINT('',(75.5,22.3,-1.6));
#7912 = VECTOR('',#7913,1.);
#7913 = DIRECTION('',(0.,1.,0.));
#7914 = ORIENTED_EDGE('',*,*,#7915,.F.);
#7915 = EDGE_CURVE('',#7916,#7908,#7918,.T.);
#7916 = VERTEX_POINT('',#7917);
#7917 = CARTESIAN_POINT('',(73.5,22.3,-1.6));
#7918 = LINE('',#7919,#7920);
#7919 = CARTESIAN_POINT('',(73.5,22.3,-1.6));
#7920 = VECTOR('',#7921,1.);
#7921 = DIRECTION('',(1.,0.,0.));
#7922 = ORIENTED_EDGE('',*,*,#7923,.F.);
#7923 = EDGE_CURVE('',#7924,#7916,#7926,.T.);
#7924 = VERTEX_POINT('',#7925);
#7925 = CARTESIAN_POINT('',(73.5,28.8,-1.6));
#7926 = LINE('',#7927,#7928);
#7927 = CARTESIAN_POINT('',(73.5,28.8,-1.6));
#7928 = VECTOR('',#7929,1.);
#7929 = DIRECTION('',(0.,-1.,0.));
#7930 = ORIENTED_EDGE('',*,*,#7931,.T.);
#7931 = EDGE_CURVE('',#7924,#7932,#7934,.T.);
#7932 = VERTEX_POINT('',#7933);
#7933 = CARTESIAN_POINT('',(69.5,28.8,-1.6));
#7934 = LINE('',#7935,#7936);
#7935 = CARTESIAN_POINT('',(48.5,28.8,-1.6));
#7936 = VECTOR('',#7937,1.);
#7937 = DIRECTION('',(-1.,0.,0.));
#7938 = ORIENTED_EDGE('',*,*,#7939,.F.);
#7939 = EDGE_CURVE('',#7940,#7932,#7942,.T.);
#7940 = VERTEX_POINT('',#7941);
#7941 = CARTESIAN_POINT('',(69.5,22.3,-1.6));
#7942 = LINE('',#7943,#7944);
#7943 = CARTESIAN_POINT('',(69.5,22.3,-1.6));
#7944 = VECTOR('',#7945,1.);
#7945 = DIRECTION('',(0.,1.,0.));
#7946 = ORIENTED_EDGE('',*,*,#7947,.F.);
#7947 = EDGE_CURVE('',#7948,#7940,#7950,.T.);
#7948 = VERTEX_POINT('',#7949);
#7949 = CARTESIAN_POINT('',(67.5,22.3,-1.6));
#7950 = LINE('',#7951,#7952);
#7951 = CARTESIAN_POINT('',(67.5,22.3,-1.6));
#7952 = VECTOR('',#7953,1.);
#7953 = DIRECTION('',(1.,0.,0.));
#7954 = ORIENTED_EDGE('',*,*,#7955,.F.);
#7955 = EDGE_CURVE('',#7956,#7948,#7958,.T.);
#7956 = VERTEX_POINT('',#7957);
#7957 = CARTESIAN_POINT('',(67.5,28.8,-1.6));
#7958 = LINE('',#7959,#7960);
#7959 = CARTESIAN_POINT('',(67.5,28.8,-1.6));
#7960 = VECTOR('',#7961,1.);
#7961 = DIRECTION('',(0.,-1.,0.));
#7962 = ORIENTED_EDGE('',*,*,#7963,.T.);
#7963 = EDGE_CURVE('',#7956,#7964,#7966,.T.);
#7964 = VERTEX_POINT('',#7965);
#7965 = CARTESIAN_POINT('',(59.3,28.8,-1.6));
#7966 = LINE('',#7967,#7968);
#7967 = CARTESIAN_POINT('',(48.5,28.8,-1.6));
#7968 = VECTOR('',#7969,1.);
#7969 = DIRECTION('',(-1.,0.,0.));
#7970 = ORIENTED_EDGE('',*,*,#7971,.F.);
#7971 = EDGE_CURVE('',#7972,#7964,#7974,.T.);
#7972 = VERTEX_POINT('',#7973);
#7973 = CARTESIAN_POINT('',(59.3,5.,-1.6));
#7974 = LINE('',#7975,#7976);
#7975 = CARTESIAN_POINT('',(59.3,5.,-1.6));
#7976 = VECTOR('',#7977,1.);
#7977 = DIRECTION('',(0.,1.,0.));
#7978 = ORIENTED_EDGE('',*,*,#7979,.T.);
#7979 = EDGE_CURVE('',#7972,#7980,#7982,.T.);
#7980 = VERTEX_POINT('',#7981);
#7981 = CARTESIAN_POINT('',(64.5,5.,-1.6));
#7982 = LINE('',#7983,#7984);
#7983 = CARTESIAN_POINT('',(63.5,5.,-1.6));
#7984 = VECTOR('',#7985,1.);
#7985 = DIRECTION('',(1.,0.,0.));
#7986 = ORIENTED_EDGE('',*,*,#7987,.F.);
#7987 = EDGE_CURVE('',#7988,#7980,#7990,.T.);
#7988 = VERTEX_POINT('',#7989);
#7989 = CARTESIAN_POINT('',(64.5,11.5,-1.6));
#7990 = LINE('',#7991,#7992);
#7991 = CARTESIAN_POINT('',(64.5,11.5,-1.6));
#7992 = VECTOR('',#7993,1.);
#7993 = DIRECTION('',(0.,-1.,0.));
#7994 = ORIENTED_EDGE('',*,*,#7995,.F.);
#7995 = EDGE_CURVE('',#7996,#7988,#7998,.T.);
#7996 = VERTEX_POINT('',#7997);
#7997 = CARTESIAN_POINT('',(66.5,11.5,-1.6));
#7998 = LINE('',#7999,#8000);
#7999 = CARTESIAN_POINT('',(66.5,11.5,-1.6));
#8000 = VECTOR('',#8001,1.);
#8001 = DIRECTION('',(-1.,0.,0.));
#8002 = ORIENTED_EDGE('',*,*,#8003,.F.);
#8003 = EDGE_CURVE('',#8004,#7996,#8006,.T.);
#8004 = VERTEX_POINT('',#8005);
#8005 = CARTESIAN_POINT('',(66.5,5.,-1.6));
#8006 = LINE('',#8007,#8008);
#8007 = CARTESIAN_POINT('',(66.5,5.,-1.6));
#8008 = VECTOR('',#8009,1.);
#8009 = DIRECTION('',(0.,1.,0.));
#8010 = ORIENTED_EDGE('',*,*,#8011,.T.);
#8011 = EDGE_CURVE('',#8004,#8012,#8014,.T.);
#8012 = VERTEX_POINT('',#8013);
#8013 = CARTESIAN_POINT('',(70.5,5.,-1.6));
#8014 = LINE('',#8015,#8016);
#8015 = CARTESIAN_POINT('',(63.5,5.,-1.6));
#8016 = VECTOR('',#8017,1.);
#8017 = DIRECTION('',(1.,0.,0.));
#8018 = ORIENTED_EDGE('',*,*,#8019,.F.);
#8019 = EDGE_CURVE('',#8020,#8012,#8022,.T.);
#8020 = VERTEX_POINT('',#8021);
#8021 = CARTESIAN_POINT('',(70.5,11.5,-1.6));
#8022 = LINE('',#8023,#8024);
#8023 = CARTESIAN_POINT('',(70.5,11.5,-1.6));
#8024 = VECTOR('',#8025,1.);
#8025 = DIRECTION('',(0.,-1.,0.));
#8026 = ORIENTED_EDGE('',*,*,#8027,.F.);
#8027 = EDGE_CURVE('',#8028,#8020,#8030,.T.);
#8028 = VERTEX_POINT('',#8029);
#8029 = CARTESIAN_POINT('',(72.5,11.5,-1.6));
#8030 = LINE('',#8031,#8032);
#8031 = CARTESIAN_POINT('',(72.5,11.5,-1.6));
#8032 = VECTOR('',#8033,1.);
#8033 = DIRECTION('',(-1.,0.,0.));
#8034 = ORIENTED_EDGE('',*,*,#8035,.F.);
#8035 = EDGE_CURVE('',#8036,#8028,#8038,.T.);
#8036 = VERTEX_POINT('',#8037);
#8037 = CARTESIAN_POINT('',(72.5,5.,-1.6));
#8038 = LINE('',#8039,#8040);
#8039 = CARTESIAN_POINT('',(72.5,5.,-1.6));
#8040 = VECTOR('',#8041,1.);
#8041 = DIRECTION('',(0.,1.,0.));
#8042 = ORIENTED_EDGE('',*,*,#8043,.T.);
#8043 = EDGE_CURVE('',#8036,#8044,#8046,.T.);
#8044 = VERTEX_POINT('',#8045);
#8045 = CARTESIAN_POINT('',(76.5,5.,-1.6));
#8046 = LINE('',#8047,#8048);
#8047 = CARTESIAN_POINT('',(63.5,5.,-1.6));
#8048 = VECTOR('',#8049,1.);
#8049 = DIRECTION('',(1.,0.,0.));
#8050 = ORIENTED_EDGE('',*,*,#8051,.F.);
#8051 = EDGE_CURVE('',#8052,#8044,#8054,.T.);
#8052 = VERTEX_POINT('',#8053);
#8053 = CARTESIAN_POINT('',(76.5,11.5,-1.6));
#8054 = LINE('',#8055,#8056);
#8055 = CARTESIAN_POINT('',(76.5,11.5,-1.6));
#8056 = VECTOR('',#8057,1.);
#8057 = DIRECTION('',(0.,-1.,0.));
#8058 = ORIENTED_EDGE('',*,*,#8059,.F.);
#8059 = EDGE_CURVE('',#8060,#8052,#8062,.T.);
#8060 = VERTEX_POINT('',#8061);
#8061 = CARTESIAN_POINT('',(78.5,11.5,-1.6));
#8062 = LINE('',#8063,#8064);
#8063 = CARTESIAN_POINT('',(78.5,11.5,-1.6));
#8064 = VECTOR('',#8065,1.);
#8065 = DIRECTION('',(-1.,0.,0.));
#8066 = ORIENTED_EDGE('',*,*,#8067,.F.);
#8067 = EDGE_CURVE('',#8068,#8060,#8070,.T.);
#8068 = VERTEX_POINT('',#8069);
#8069 = CARTESIAN_POINT('',(78.5,5.,-1.6));
#8070 = LINE('',#8071,#8072);
#8071 = CARTESIAN_POINT('',(78.5,5.,-1.6));
#8072 = VECTOR('',#8073,1.);
#8073 = DIRECTION('',(0.,1.,0.));
#8074 = ORIENTED_EDGE('',*,*,#8075,.T.);
#8075 = EDGE_CURVE('',#8068,#8076,#8078,.T.);
#8076 = VERTEX_POINT('',#8077);
#8077 = CARTESIAN_POINT('',(84.,5.,-1.6));
#8078 = LINE('',#8079,#8080);
#8079 = CARTESIAN_POINT('',(63.5,5.,-1.6));
#8080 = VECTOR('',#8081,1.);
#8081 = DIRECTION('',(1.,0.,0.));
#8082 = ORIENTED_EDGE('',*,*,#8083,.T.);
#8083 = EDGE_CURVE('',#8076,#8084,#8086,.T.);
#8084 = VERTEX_POINT('',#8085);
#8085 = CARTESIAN_POINT('',(84.,4.,-1.6));
#8086 = LINE('',#8087,#8088);
#8087 = CARTESIAN_POINT('',(84.,10.45,-1.6));
#8088 = VECTOR('',#8089,1.);
#8089 = DIRECTION('',(0.,-1.,0.));
#8090 = ORIENTED_EDGE('',*,*,#8091,.T.);
#8091 = EDGE_CURVE('',#8084,#7760,#8092,.T.);
#8092 = LINE('',#8093,#8094);
#8093 = CARTESIAN_POINT('',(48.5,4.,-1.6));
#8094 = VECTOR('',#8095,1.);
#8095 = DIRECTION('',(-1.,0.,0.));
#8096 = PLANE('',#8097);
#8097 = AXIS2_PLACEMENT_3D('',#8098,#8099,#8100);
#8098 = CARTESIAN_POINT('',(43.,16.9,-1.6));
#8099 = DIRECTION('',(0.,0.,1.));
#8100 = DIRECTION('',(1.,0.,0.));
#8101 = ADVANCED_FACE('',(#8102),#8121,.T.);
#8102 = FACE_BOUND('',#8103,.T.);
#8103 = EDGE_LOOP('',(#8104,#8105,#8114,#8120));
#8104 = ORIENTED_EDGE('',*,*,#7420,.T.);
#8105 = ORIENTED_EDGE('',*,*,#8106,.T.);
#8106 = EDGE_CURVE('',#7413,#8107,#8109,.T.);
#8107 = VERTEX_POINT('',#8108);
#8108 = CARTESIAN_POINT('',(86.,2.,-10.2));
#8109 = CIRCLE('',#8110,2.);
#8110 = AXIS2_PLACEMENT_3D('',#8111,#8112,#8113);
#8111 = CARTESIAN_POINT('',(84.,2.,-10.2));
#8112 = DIRECTION('',(0.,0.,1.));
#8113 = DIRECTION('',(1.,0.,0.));
#8114 = ORIENTED_EDGE('',*,*,#8115,.F.);
#8115 = EDGE_CURVE('',#7445,#8107,#8116,.T.);
#8116 = LINE('',#8117,#8118);
#8117 = CARTESIAN_POINT('',(86.,2.,-1.6));
#8118 = VECTOR('',#8119,1.);
#8119 = DIRECTION('',(-0.,-0.,-1.));
#8120 = ORIENTED_EDGE('',*,*,#7444,.F.);
#8121 = CYLINDRICAL_SURFACE('',#8122,2.);
#8122 = AXIS2_PLACEMENT_3D('',#8123,#8124,#8125);
#8123 = CARTESIAN_POINT('',(84.,2.,-1.6));
#8124 = DIRECTION('',(0.,0.,1.));
#8125 = DIRECTION('',(1.,0.,0.));
#8126 = ADVANCED_FACE('',(#8127),#8185,.T.);
#8127 = FACE_BOUND('',#8128,.T.);
#8128 = EDGE_LOOP('',(#8129,#8139,#8147,#8155,#8163,#8171,#8177,#8178,
    #8179));
#8129 = ORIENTED_EDGE('',*,*,#8130,.T.);
#8130 = EDGE_CURVE('',#8131,#8133,#8135,.T.);
#8131 = VERTEX_POINT('',#8132);
#8132 = CARTESIAN_POINT('',(82.5,4.,-10.2));
#8133 = VERTEX_POINT('',#8134);
#8134 = CARTESIAN_POINT('',(84.,4.,-10.2));
#8135 = LINE('',#8136,#8137);
#8136 = CARTESIAN_POINT('',(54.,4.,-10.2));
#8137 = VECTOR('',#8138,1.);
#8138 = DIRECTION('',(1.,0.,0.));
#8139 = ORIENTED_EDGE('',*,*,#8140,.T.);
#8140 = EDGE_CURVE('',#8133,#8141,#8143,.T.);
#8141 = VERTEX_POINT('',#8142);
#8142 = CARTESIAN_POINT('',(84.,5.,-10.2));
#8143 = LINE('',#8144,#8145);
#8144 = CARTESIAN_POINT('',(84.,4.,-10.2));
#8145 = VECTOR('',#8146,1.);
#8146 = DIRECTION('',(0.,1.,0.));
#8147 = ORIENTED_EDGE('',*,*,#8148,.T.);
#8148 = EDGE_CURVE('',#8141,#8149,#8151,.T.);
#8149 = VERTEX_POINT('',#8150);
#8150 = CARTESIAN_POINT('',(82.5,5.,-10.2));
#8151 = LINE('',#8152,#8153);
#8152 = CARTESIAN_POINT('',(84.,5.,-10.2));
#8153 = VECTOR('',#8154,1.);
#8154 = DIRECTION('',(-1.,0.,0.));
#8155 = ORIENTED_EDGE('',*,*,#8156,.T.);
#8156 = EDGE_CURVE('',#8149,#8157,#8159,.T.);
#8157 = VERTEX_POINT('',#8158);
#8158 = CARTESIAN_POINT('',(82.5,13.,-10.2));
#8159 = LINE('',#8160,#8161);
#8160 = CARTESIAN_POINT('',(82.5,5.,-10.2));
#8161 = VECTOR('',#8162,1.);
#8162 = DIRECTION('',(0.,1.,0.));
#8163 = ORIENTED_EDGE('',*,*,#8164,.T.);
#8164 = EDGE_CURVE('',#8157,#8165,#8167,.T.);
#8165 = VERTEX_POINT('',#8166);
#8166 = CARTESIAN_POINT('',(86.,13.,-10.2));
#8167 = LINE('',#8168,#8169);
#8168 = CARTESIAN_POINT('',(64.5,13.,-10.2));
#8169 = VECTOR('',#8170,1.);
#8170 = DIRECTION('',(1.,0.,0.));
#8171 = ORIENTED_EDGE('',*,*,#8172,.F.);
#8172 = EDGE_CURVE('',#8107,#8165,#8173,.T.);
#8173 = LINE('',#8174,#8175);
#8174 = CARTESIAN_POINT('',(86.,2.,-10.2));
#8175 = VECTOR('',#8176,1.);
#8176 = DIRECTION('',(0.,1.,0.));
#8177 = ORIENTED_EDGE('',*,*,#8106,.F.);
#8178 = ORIENTED_EDGE('',*,*,#7412,.F.);
#8179 = ORIENTED_EDGE('',*,*,#8180,.T.);
#8180 = EDGE_CURVE('',#7405,#8131,#8181,.T.);
#8181 = LINE('',#8182,#8183);
#8182 = CARTESIAN_POINT('',(82.5,0.,-10.2));
#8183 = VECTOR('',#8184,1.);
#8184 = DIRECTION('',(0.,1.,0.));
#8185 = PLANE('',#8186);
#8186 = AXIS2_PLACEMENT_3D('',#8187,#8188,#8189);
#8187 = CARTESIAN_POINT('',(74.557136364006,16.9,-10.2));
#8188 = DIRECTION('',(-0.,-0.,-1.));
#8189 = DIRECTION('',(-1.,0.,0.));
#8190 = ADVANCED_FACE('',(#8191),#8209,.T.);
#8191 = FACE_BOUND('',#8192,.T.);
#8192 = EDGE_LOOP('',(#8193,#8194,#8195,#8203));
#8193 = ORIENTED_EDGE('',*,*,#8180,.F.);
#8194 = ORIENTED_EDGE('',*,*,#7404,.T.);
#8195 = ORIENTED_EDGE('',*,*,#8196,.T.);
#8196 = EDGE_CURVE('',#7397,#8197,#8199,.T.);
#8197 = VERTEX_POINT('',#8198);
#8198 = CARTESIAN_POINT('',(82.5,4.,-8.7));
#8199 = LINE('',#8200,#8201);
#8200 = CARTESIAN_POINT('',(82.5,0.,-8.7));
#8201 = VECTOR('',#8202,1.);
#8202 = DIRECTION('',(0.,1.,0.));
#8203 = ORIENTED_EDGE('',*,*,#8204,.F.);
#8204 = EDGE_CURVE('',#8131,#8197,#8205,.T.);
#8205 = LINE('',#8206,#8207);
#8206 = CARTESIAN_POINT('',(82.5,4.,-10.2));
#8207 = VECTOR('',#8208,1.);
#8208 = DIRECTION('',(0.,0.,1.));
#8209 = PLANE('',#8210);
#8210 = AXIS2_PLACEMENT_3D('',#8211,#8212,#8213);
#8211 = CARTESIAN_POINT('',(82.5,0.,-10.2));
#8212 = DIRECTION('',(-1.,0.,0.));
#8213 = DIRECTION('',(0.,1.,0.));
#8214 = ADVANCED_FACE('',(#8215),#8250,.F.);
#8215 = FACE_BOUND('',#8216,.F.);
#8216 = EDGE_LOOP('',(#8217,#8225,#8226,#8227,#8235,#8244));
#8217 = ORIENTED_EDGE('',*,*,#8218,.T.);
#8218 = EDGE_CURVE('',#8219,#7389,#8221,.T.);
#8219 = VERTEX_POINT('',#8220);
#8220 = CARTESIAN_POINT('',(64.5,4.,-8.7));
#8221 = LINE('',#8222,#8223);
#8222 = CARTESIAN_POINT('',(64.5,5.,-8.7));
#8223 = VECTOR('',#8224,1.);
#8224 = DIRECTION('',(0.,-1.,0.));
#8225 = ORIENTED_EDGE('',*,*,#7396,.T.);
#8226 = ORIENTED_EDGE('',*,*,#8196,.T.);
#8227 = ORIENTED_EDGE('',*,*,#8228,.F.);
#8228 = EDGE_CURVE('',#8229,#8197,#8231,.T.);
#8229 = VERTEX_POINT('',#8230);
#8230 = CARTESIAN_POINT('',(79.66789083458,4.,-8.7));
#8231 = LINE('',#8232,#8233);
#8232 = CARTESIAN_POINT('',(63.75,4.,-8.7));
#8233 = VECTOR('',#8234,1.);
#8234 = DIRECTION('',(1.,0.,0.));
#8235 = ORIENTED_EDGE('',*,*,#8236,.F.);
#8236 = EDGE_CURVE('',#8237,#8229,#8239,.T.);
#8237 = VERTEX_POINT('',#8238);
#8238 = CARTESIAN_POINT('',(78.53210916542,4.,-8.7));
#8239 = CIRCLE('',#8240,1.15);
#8240 = AXIS2_PLACEMENT_3D('',#8241,#8242,#8243);
#8241 = CARTESIAN_POINT('',(79.1,3.,-8.7));
#8242 = DIRECTION('',(0.,0.,1.));
#8243 = DIRECTION('',(-1.,0.,0.));
#8244 = ORIENTED_EDGE('',*,*,#8245,.F.);
#8245 = EDGE_CURVE('',#8219,#8237,#8246,.T.);
#8246 = LINE('',#8247,#8248);
#8247 = CARTESIAN_POINT('',(63.75,4.,-8.7));
#8248 = VECTOR('',#8249,1.);
#8249 = DIRECTION('',(1.,0.,0.));
#8250 = PLANE('',#8251);
#8251 = AXIS2_PLACEMENT_3D('',#8252,#8253,#8254);
#8252 = CARTESIAN_POINT('',(73.5,16.9,-8.7));
#8253 = DIRECTION('',(0.,0.,1.));
#8254 = DIRECTION('',(1.,0.,0.));
#8255 = ADVANCED_FACE('',(#8256),#8274,.T.);
#8256 = FACE_BOUND('',#8257,.T.);
#8257 = EDGE_LOOP('',(#8258,#8266,#8272,#8273));
#8258 = ORIENTED_EDGE('',*,*,#8259,.F.);
#8259 = EDGE_CURVE('',#8260,#7381,#8262,.T.);
#8260 = VERTEX_POINT('',#8261);
#8261 = CARTESIAN_POINT('',(64.5,4.,-10.2));
#8262 = LINE('',#8263,#8264);
#8263 = CARTESIAN_POINT('',(64.5,5.,-10.2));
#8264 = VECTOR('',#8265,1.);
#8265 = DIRECTION('',(0.,-1.,0.));
#8266 = ORIENTED_EDGE('',*,*,#8267,.F.);
#8267 = EDGE_CURVE('',#8219,#8260,#8268,.T.);
#8268 = LINE('',#8269,#8270);
#8269 = CARTESIAN_POINT('',(64.5,4.,-10.2));
#8270 = VECTOR('',#8271,1.);
#8271 = DIRECTION('',(0.,0.,-1.));
#8272 = ORIENTED_EDGE('',*,*,#8218,.T.);
#8273 = ORIENTED_EDGE('',*,*,#7388,.F.);
#8274 = PLANE('',#8275);
#8275 = AXIS2_PLACEMENT_3D('',#8276,#8277,#8278);
#8276 = CARTESIAN_POINT('',(64.5,5.,-10.2));
#8277 = DIRECTION('',(1.,0.,0.));
#8278 = DIRECTION('',(0.,-1.,0.));
#8279 = ADVANCED_FACE('',(#8280),#8298,.T.);
#8280 = FACE_BOUND('',#8281,.T.);
#8281 = EDGE_LOOP('',(#8282,#8283,#8284,#8292));
#8282 = ORIENTED_EDGE('',*,*,#8259,.T.);
#8283 = ORIENTED_EDGE('',*,*,#7380,.F.);
#8284 = ORIENTED_EDGE('',*,*,#8285,.T.);
#8285 = EDGE_CURVE('',#7373,#8286,#8288,.T.);
#8286 = VERTEX_POINT('',#8287);
#8287 = CARTESIAN_POINT('',(60.7,4.,-10.2));
#8288 = LINE('',#8289,#8290);
#8289 = CARTESIAN_POINT('',(60.7,0.,-10.2));
#8290 = VECTOR('',#8291,1.);
#8291 = DIRECTION('',(0.,1.,0.));
#8292 = ORIENTED_EDGE('',*,*,#8293,.T.);
#8293 = EDGE_CURVE('',#8286,#8260,#8294,.T.);
#8294 = LINE('',#8295,#8296);
#8295 = CARTESIAN_POINT('',(54.,4.,-10.2));
#8296 = VECTOR('',#8297,1.);
#8297 = DIRECTION('',(1.,0.,0.));
#8298 = PLANE('',#8299);
#8299 = AXIS2_PLACEMENT_3D('',#8300,#8301,#8302);
#8300 = CARTESIAN_POINT('',(74.557136364006,16.9,-10.2));
#8301 = DIRECTION('',(-0.,-0.,-1.));
#8302 = DIRECTION('',(-1.,0.,0.));
#8303 = ADVANCED_FACE('',(#8304),#8322,.T.);
#8304 = FACE_BOUND('',#8305,.T.);
#8305 = EDGE_LOOP('',(#8306,#8307,#8308,#8316));
#8306 = ORIENTED_EDGE('',*,*,#8285,.F.);
#8307 = ORIENTED_EDGE('',*,*,#7372,.T.);
#8308 = ORIENTED_EDGE('',*,*,#8309,.T.);
#8309 = EDGE_CURVE('',#7365,#8310,#8312,.T.);
#8310 = VERTEX_POINT('',#8311);
#8311 = CARTESIAN_POINT('',(60.7,4.,-4.7));
#8312 = LINE('',#8313,#8314);
#8313 = CARTESIAN_POINT('',(60.7,0.,-4.7));
#8314 = VECTOR('',#8315,1.);
#8315 = DIRECTION('',(0.,1.,0.));
#8316 = ORIENTED_EDGE('',*,*,#8317,.T.);
#8317 = EDGE_CURVE('',#8310,#8286,#8318,.T.);
#8318 = LINE('',#8319,#8320);
#8319 = CARTESIAN_POINT('',(60.7,4.,-8.474168646081));
#8320 = VECTOR('',#8321,1.);
#8321 = DIRECTION('',(0.,0.,-1.));
#8322 = PLANE('',#8323);
#8323 = AXIS2_PLACEMENT_3D('',#8324,#8325,#8326);
#8324 = CARTESIAN_POINT('',(60.7,16.9,-6.748337292162));
#8325 = DIRECTION('',(-1.,-0.,-0.));
#8326 = DIRECTION('',(0.,0.,-1.));
#8327 = ADVANCED_FACE('',(#8328),#8410,.T.);
#8328 = FACE_BOUND('',#8329,.T.);
#8329 = EDGE_LOOP('',(#8330,#8331,#8339,#8347,#8355,#8363,#8371,#8379,
    #8387,#8395,#8403,#8409));
#8330 = ORIENTED_EDGE('',*,*,#7364,.F.);
#8331 = ORIENTED_EDGE('',*,*,#8332,.F.);
#8332 = EDGE_CURVE('',#8333,#7357,#8335,.T.);
#8333 = VERTEX_POINT('',#8334);
#8334 = CARTESIAN_POINT('',(25.3,33.8,-4.7));
#8335 = LINE('',#8336,#8337);
#8336 = CARTESIAN_POINT('',(25.3,33.8,-4.7));
#8337 = VECTOR('',#8338,1.);
#8338 = DIRECTION('',(0.,-1.,0.));
#8339 = ORIENTED_EDGE('',*,*,#8340,.F.);
#8340 = EDGE_CURVE('',#8341,#8333,#8343,.T.);
#8341 = VERTEX_POINT('',#8342);
#8342 = CARTESIAN_POINT('',(60.7,33.8,-4.7));
#8343 = LINE('',#8344,#8345);
#8344 = CARTESIAN_POINT('',(60.7,33.8,-4.7));
#8345 = VECTOR('',#8346,1.);
#8346 = DIRECTION('',(-1.,0.,0.));
#8347 = ORIENTED_EDGE('',*,*,#8348,.F.);
#8348 = EDGE_CURVE('',#8349,#8341,#8351,.T.);
#8349 = VERTEX_POINT('',#8350);
#8350 = CARTESIAN_POINT('',(60.7,29.8,-4.7));
#8351 = LINE('',#8352,#8353);
#8352 = CARTESIAN_POINT('',(60.7,0.,-4.7));
#8353 = VECTOR('',#8354,1.);
#8354 = DIRECTION('',(0.,1.,0.));
#8355 = ORIENTED_EDGE('',*,*,#8356,.T.);
#8356 = EDGE_CURVE('',#8349,#8357,#8359,.T.);
#8357 = VERTEX_POINT('',#8358);
#8358 = CARTESIAN_POINT('',(54.,29.8,-4.7));
#8359 = LINE('',#8360,#8361);
#8360 = CARTESIAN_POINT('',(63.5,29.8,-4.7));
#8361 = VECTOR('',#8362,1.);
#8362 = DIRECTION('',(-1.,0.,0.));
#8363 = ORIENTED_EDGE('',*,*,#8364,.T.);
#8364 = EDGE_CURVE('',#8357,#8365,#8367,.T.);
#8365 = VERTEX_POINT('',#8366);
#8366 = CARTESIAN_POINT('',(54.,28.8,-4.7));
#8367 = LINE('',#8368,#8369);
#8368 = CARTESIAN_POINT('',(54.,23.35,-4.7));
#8369 = VECTOR('',#8370,1.);
#8370 = DIRECTION('',(0.,-1.,0.));
#8371 = ORIENTED_EDGE('',*,*,#8372,.F.);
#8372 = EDGE_CURVE('',#8373,#8365,#8375,.T.);
#8373 = VERTEX_POINT('',#8374);
#8374 = CARTESIAN_POINT('',(52.,28.8,-4.7));
#8375 = LINE('',#8376,#8377);
#8376 = CARTESIAN_POINT('',(51.15,28.8,-4.7));
#8377 = VECTOR('',#8378,1.);
#8378 = DIRECTION('',(1.,0.,0.));
#8379 = ORIENTED_EDGE('',*,*,#8380,.F.);
#8380 = EDGE_CURVE('',#8381,#8373,#8383,.T.);
#8381 = VERTEX_POINT('',#8382);
#8382 = CARTESIAN_POINT('',(52.,5.,-4.7));
#8383 = LINE('',#8384,#8385);
#8384 = CARTESIAN_POINT('',(52.,22.85,-4.7));
#8385 = VECTOR('',#8386,1.);
#8386 = DIRECTION('',(0.,1.,0.));
#8387 = ORIENTED_EDGE('',*,*,#8388,.F.);
#8388 = EDGE_CURVE('',#8389,#8381,#8391,.T.);
#8389 = VERTEX_POINT('',#8390);
#8390 = CARTESIAN_POINT('',(54.,5.,-4.7));
#8391 = LINE('',#8392,#8393);
#8392 = CARTESIAN_POINT('',(47.5,5.,-4.7));
#8393 = VECTOR('',#8394,1.);
#8394 = DIRECTION('',(-1.,0.,0.));
#8395 = ORIENTED_EDGE('',*,*,#8396,.T.);
#8396 = EDGE_CURVE('',#8389,#8397,#8399,.T.);
#8397 = VERTEX_POINT('',#8398);
#8398 = CARTESIAN_POINT('',(54.,4.,-4.7));
#8399 = LINE('',#8400,#8401);
#8400 = CARTESIAN_POINT('',(54.,10.95,-4.7));
#8401 = VECTOR('',#8402,1.);
#8402 = DIRECTION('',(0.,-1.,0.));
#8403 = ORIENTED_EDGE('',*,*,#8404,.T.);
#8404 = EDGE_CURVE('',#8397,#8310,#8405,.T.);
#8405 = LINE('',#8406,#8407);
#8406 = CARTESIAN_POINT('',(48.5,4.,-4.7));
#8407 = VECTOR('',#8408,1.);
#8408 = DIRECTION('',(1.,0.,0.));
#8409 = ORIENTED_EDGE('',*,*,#8309,.F.);
#8410 = PLANE('',#8411);
#8411 = AXIS2_PLACEMENT_3D('',#8412,#8413,#8414);
#8412 = CARTESIAN_POINT('',(43.,16.9,-4.7));
#8413 = DIRECTION('',(-0.,-0.,-1.));
#8414 = DIRECTION('',(-1.,0.,0.));
#8415 = ADVANCED_FACE('',(#8416),#8434,.T.);
#8416 = FACE_BOUND('',#8417,.T.);
#8417 = EDGE_LOOP('',(#8418,#8426,#8427,#8428));
#8418 = ORIENTED_EDGE('',*,*,#8419,.T.);
#8419 = EDGE_CURVE('',#8420,#8333,#8422,.T.);
#8420 = VERTEX_POINT('',#8421);
#8421 = CARTESIAN_POINT('',(25.3,33.8,-7.4));
#8422 = LINE('',#8423,#8424);
#8423 = CARTESIAN_POINT('',(25.3,33.8,-7.4));
#8424 = VECTOR('',#8425,1.);
#8425 = DIRECTION('',(0.,0.,1.));
#8426 = ORIENTED_EDGE('',*,*,#8332,.T.);
#8427 = ORIENTED_EDGE('',*,*,#7356,.F.);
#8428 = ORIENTED_EDGE('',*,*,#8429,.F.);
#8429 = EDGE_CURVE('',#8420,#7349,#8430,.T.);
#8430 = LINE('',#8431,#8432);
#8431 = CARTESIAN_POINT('',(25.3,33.8,-7.4));
#8432 = VECTOR('',#8433,1.);
#8433 = DIRECTION('',(0.,-1.,0.));
#8434 = PLANE('',#8435);
#8435 = AXIS2_PLACEMENT_3D('',#8436,#8437,#8438);
#8436 = CARTESIAN_POINT('',(25.3,33.8,-7.4));
#8437 = DIRECTION('',(1.,0.,0.));
#8438 = DIRECTION('',(0.,-1.,0.));
#8439 = ADVANCED_FACE('',(#8440),#8458,.T.);
#8440 = FACE_BOUND('',#8441,.T.);
#8441 = EDGE_LOOP('',(#8442,#8443,#8444,#8452));
#8442 = ORIENTED_EDGE('',*,*,#8429,.T.);
#8443 = ORIENTED_EDGE('',*,*,#7348,.T.);
#8444 = ORIENTED_EDGE('',*,*,#8445,.F.);
#8445 = EDGE_CURVE('',#8446,#7341,#8448,.T.);
#8446 = VERTEX_POINT('',#8447);
#8447 = CARTESIAN_POINT('',(26.7,33.8,-7.4));
#8448 = LINE('',#8449,#8450);
#8449 = CARTESIAN_POINT('',(26.7,25.35,-7.4));
#8450 = VECTOR('',#8451,1.);
#8451 = DIRECTION('',(0.,-1.,0.));
#8452 = ORIENTED_EDGE('',*,*,#8453,.T.);
#8453 = EDGE_CURVE('',#8446,#8420,#8454,.T.);
#8454 = LINE('',#8455,#8456);
#8455 = CARTESIAN_POINT('',(60.7,33.8,-7.4));
#8456 = VECTOR('',#8457,1.);
#8457 = DIRECTION('',(-1.,0.,0.));
#8458 = PLANE('',#8459);
#8459 = AXIS2_PLACEMENT_3D('',#8460,#8461,#8462);
#8460 = CARTESIAN_POINT('',(43.,16.9,-7.4));
#8461 = DIRECTION('',(0.,0.,1.));
#8462 = DIRECTION('',(1.,0.,0.));
#8463 = ADVANCED_FACE('',(#8464),#8482,.T.);
#8464 = FACE_BOUND('',#8465,.T.);
#8465 = EDGE_LOOP('',(#8466,#8474,#8480,#8481));
#8466 = ORIENTED_EDGE('',*,*,#8467,.F.);
#8467 = EDGE_CURVE('',#8468,#7333,#8470,.T.);
#8468 = VERTEX_POINT('',#8469);
#8469 = CARTESIAN_POINT('',(26.7,33.8,-10.2));
#8470 = LINE('',#8471,#8472);
#8471 = CARTESIAN_POINT('',(26.7,33.8,-10.2));
#8472 = VECTOR('',#8473,1.);
#8473 = DIRECTION('',(0.,-1.,0.));
#8474 = ORIENTED_EDGE('',*,*,#8475,.T.);
#8475 = EDGE_CURVE('',#8468,#8446,#8476,.T.);
#8476 = LINE('',#8477,#8478);
#8477 = CARTESIAN_POINT('',(26.7,33.8,-10.2));
#8478 = VECTOR('',#8479,1.);
#8479 = DIRECTION('',(0.,0.,1.));
#8480 = ORIENTED_EDGE('',*,*,#8445,.T.);
#8481 = ORIENTED_EDGE('',*,*,#7340,.F.);
#8482 = PLANE('',#8483);
#8483 = AXIS2_PLACEMENT_3D('',#8484,#8485,#8486);
#8484 = CARTESIAN_POINT('',(26.7,33.8,-10.2));
#8485 = DIRECTION('',(1.,0.,0.));
#8486 = DIRECTION('',(0.,-1.,0.));
#8487 = ADVANCED_FACE('',(#8488,#8524,#8535),#8546,.F.);
#8488 = FACE_BOUND('',#8489,.F.);
#8489 = EDGE_LOOP('',(#8490,#8499,#8500,#8501,#8509,#8518));
#8490 = ORIENTED_EDGE('',*,*,#8491,.T.);
#8491 = EDGE_CURVE('',#8492,#7325,#8494,.T.);
#8492 = VERTEX_POINT('',#8493);
#8493 = CARTESIAN_POINT('',(0.,2.,-10.2));
#8494 = CIRCLE('',#8495,2.);
#8495 = AXIS2_PLACEMENT_3D('',#8496,#8497,#8498);
#8496 = CARTESIAN_POINT('',(2.,2.,-10.2));
#8497 = DIRECTION('',(0.,0.,1.));
#8498 = DIRECTION('',(1.,0.,0.));
#8499 = ORIENTED_EDGE('',*,*,#7332,.T.);
#8500 = ORIENTED_EDGE('',*,*,#8467,.F.);
#8501 = ORIENTED_EDGE('',*,*,#8502,.T.);
#8502 = EDGE_CURVE('',#8468,#8503,#8505,.T.);
#8503 = VERTEX_POINT('',#8504);
#8504 = CARTESIAN_POINT('',(2.,33.8,-10.2));
#8505 = LINE('',#8506,#8507);
#8506 = CARTESIAN_POINT('',(84.,33.8,-10.2));
#8507 = VECTOR('',#8508,1.);
#8508 = DIRECTION('',(-1.,0.,0.));
#8509 = ORIENTED_EDGE('',*,*,#8510,.T.);
#8510 = EDGE_CURVE('',#8503,#8511,#8513,.T.);
#8511 = VERTEX_POINT('',#8512);
#8512 = CARTESIAN_POINT('',(0.,31.8,-10.2));
#8513 = CIRCLE('',#8514,2.);
#8514 = AXIS2_PLACEMENT_3D('',#8515,#8516,#8517);
#8515 = CARTESIAN_POINT('',(2.,31.8,-10.2));
#8516 = DIRECTION('',(0.,0.,1.));
#8517 = DIRECTION('',(1.,0.,0.));
#8518 = ORIENTED_EDGE('',*,*,#8519,.T.);
#8519 = EDGE_CURVE('',#8511,#8492,#8520,.T.);
#8520 = LINE('',#8521,#8522);
#8521 = CARTESIAN_POINT('',(0.,31.8,-10.2));
#8522 = VECTOR('',#8523,1.);
#8523 = DIRECTION('',(0.,-1.,0.));
#8524 = FACE_BOUND('',#8525,.F.);
#8525 = EDGE_LOOP('',(#8526));
#8526 = ORIENTED_EDGE('',*,*,#8527,.T.);
#8527 = EDGE_CURVE('',#8528,#8528,#8530,.T.);
#8528 = VERTEX_POINT('',#8529);
#8529 = CARTESIAN_POINT('',(4.9,3.,-10.2));
#8530 = CIRCLE('',#8531,2.);
#8531 = AXIS2_PLACEMENT_3D('',#8532,#8533,#8534);
#8532 = CARTESIAN_POINT('',(6.9,3.,-10.2));
#8533 = DIRECTION('',(0.,0.,-1.));
#8534 = DIRECTION('',(-1.,0.,0.));
#8535 = FACE_BOUND('',#8536,.F.);
#8536 = EDGE_LOOP('',(#8537));
#8537 = ORIENTED_EDGE('',*,*,#8538,.T.);
#8538 = EDGE_CURVE('',#8539,#8539,#8541,.T.);
#8539 = VERTEX_POINT('',#8540);
#8540 = CARTESIAN_POINT('',(4.9,30.8,-10.2));
#8541 = CIRCLE('',#8542,2.);
#8542 = AXIS2_PLACEMENT_3D('',#8543,#8544,#8545);
#8543 = CARTESIAN_POINT('',(6.9,30.8,-10.2));
#8544 = DIRECTION('',(0.,0.,-1.));
#8545 = DIRECTION('',(-1.,0.,0.));
#8546 = PLANE('',#8547);
#8547 = AXIS2_PLACEMENT_3D('',#8548,#8549,#8550);
#8548 = CARTESIAN_POINT('',(43.,16.9,-10.2));
#8549 = DIRECTION('',(0.,0.,1.));
#8550 = DIRECTION('',(1.,0.,0.));
#8551 = ADVANCED_FACE('',(#8552),#8563,.T.);
#8552 = FACE_BOUND('',#8553,.T.);
#8553 = EDGE_LOOP('',(#8554,#8560,#8561,#8562));
#8554 = ORIENTED_EDGE('',*,*,#8555,.T.);
#8555 = EDGE_CURVE('',#7435,#8492,#8556,.T.);
#8556 = LINE('',#8557,#8558);
#8557 = CARTESIAN_POINT('',(0.,2.,-1.6));
#8558 = VECTOR('',#8559,1.);
#8559 = DIRECTION('',(-0.,-0.,-1.));
#8560 = ORIENTED_EDGE('',*,*,#8491,.T.);
#8561 = ORIENTED_EDGE('',*,*,#7324,.F.);
#8562 = ORIENTED_EDGE('',*,*,#7434,.F.);
#8563 = CYLINDRICAL_SURFACE('',#8564,2.);
#8564 = AXIS2_PLACEMENT_3D('',#8565,#8566,#8567);
#8565 = CARTESIAN_POINT('',(2.,2.,-1.6));
#8566 = DIRECTION('',(0.,0.,1.));
#8567 = DIRECTION('',(1.,0.,0.));
#8568 = ADVANCED_FACE('',(#8569),#8580,.T.);
#8569 = FACE_BOUND('',#8570,.T.);
#8570 = EDGE_LOOP('',(#8571,#8577,#8578,#8579));
#8571 = ORIENTED_EDGE('',*,*,#8572,.T.);
#8572 = EDGE_CURVE('',#7719,#8511,#8573,.T.);
#8573 = LINE('',#8574,#8575);
#8574 = CARTESIAN_POINT('',(0.,31.8,-1.6));
#8575 = VECTOR('',#8576,1.);
#8576 = DIRECTION('',(-0.,-0.,-1.));
#8577 = ORIENTED_EDGE('',*,*,#8519,.T.);
#8578 = ORIENTED_EDGE('',*,*,#8555,.F.);
#8579 = ORIENTED_EDGE('',*,*,#7727,.F.);
#8580 = PLANE('',#8581);
#8581 = AXIS2_PLACEMENT_3D('',#8582,#8583,#8584);
#8582 = CARTESIAN_POINT('',(0.,31.8,-1.6));
#8583 = DIRECTION('',(-1.,0.,0.));
#8584 = DIRECTION('',(0.,-1.,0.));
#8585 = ADVANCED_FACE('',(#8586),#8597,.T.);
#8586 = FACE_BOUND('',#8587,.T.);
#8587 = EDGE_LOOP('',(#8588,#8594,#8595,#8596));
#8588 = ORIENTED_EDGE('',*,*,#8589,.T.);
#8589 = EDGE_CURVE('',#7711,#8503,#8590,.T.);
#8590 = LINE('',#8591,#8592);
#8591 = CARTESIAN_POINT('',(2.,33.8,-1.6));
#8592 = VECTOR('',#8593,1.);
#8593 = DIRECTION('',(-0.,-0.,-1.));
#8594 = ORIENTED_EDGE('',*,*,#8510,.T.);
#8595 = ORIENTED_EDGE('',*,*,#8572,.F.);
#8596 = ORIENTED_EDGE('',*,*,#7718,.F.);
#8597 = CYLINDRICAL_SURFACE('',#8598,2.);
#8598 = AXIS2_PLACEMENT_3D('',#8599,#8600,#8601);
#8599 = CARTESIAN_POINT('',(2.,31.8,-1.6));
#8600 = DIRECTION('',(0.,0.,1.));
#8601 = DIRECTION('',(1.,0.,0.));
#8602 = ADVANCED_FACE('',(#8603),#8666,.T.);
#8603 = FACE_BOUND('',#8604,.T.);
#8604 = EDGE_LOOP('',(#8605,#8606,#8614,#8622,#8630,#8638,#8646,#8654,
    #8660,#8661,#8662,#8663,#8664,#8665));
#8605 = ORIENTED_EDGE('',*,*,#7710,.F.);
#8606 = ORIENTED_EDGE('',*,*,#8607,.T.);
#8607 = EDGE_CURVE('',#7702,#8608,#8610,.T.);
#8608 = VERTEX_POINT('',#8609);
#8609 = CARTESIAN_POINT('',(84.,33.8,-10.2));
#8610 = LINE('',#8611,#8612);
#8611 = CARTESIAN_POINT('',(84.,33.8,-1.6));
#8612 = VECTOR('',#8613,1.);
#8613 = DIRECTION('',(-0.,-0.,-1.));
#8614 = ORIENTED_EDGE('',*,*,#8615,.T.);
#8615 = EDGE_CURVE('',#8608,#8616,#8618,.T.);
#8616 = VERTEX_POINT('',#8617);
#8617 = CARTESIAN_POINT('',(82.5,33.8,-10.2));
#8618 = LINE('',#8619,#8620);
#8619 = CARTESIAN_POINT('',(84.,33.8,-10.2));
#8620 = VECTOR('',#8621,1.);
#8621 = DIRECTION('',(-1.,0.,0.));
#8622 = ORIENTED_EDGE('',*,*,#8623,.T.);
#8623 = EDGE_CURVE('',#8616,#8624,#8626,.T.);
#8624 = VERTEX_POINT('',#8625);
#8625 = CARTESIAN_POINT('',(82.5,33.8,-8.7));
#8626 = LINE('',#8627,#8628);
#8627 = CARTESIAN_POINT('',(82.5,33.8,-10.2));
#8628 = VECTOR('',#8629,1.);
#8629 = DIRECTION('',(0.,0.,1.));
#8630 = ORIENTED_EDGE('',*,*,#8631,.T.);
#8631 = EDGE_CURVE('',#8624,#8632,#8634,.T.);
#8632 = VERTEX_POINT('',#8633);
#8633 = CARTESIAN_POINT('',(64.5,33.8,-8.7));
#8634 = LINE('',#8635,#8636);
#8635 = CARTESIAN_POINT('',(82.5,33.8,-8.7));
#8636 = VECTOR('',#8637,1.);
#8637 = DIRECTION('',(-1.,0.,0.));
#8638 = ORIENTED_EDGE('',*,*,#8639,.F.);
#8639 = EDGE_CURVE('',#8640,#8632,#8642,.T.);
#8640 = VERTEX_POINT('',#8641);
#8641 = CARTESIAN_POINT('',(64.5,33.8,-10.2));
#8642 = LINE('',#8643,#8644);
#8643 = CARTESIAN_POINT('',(64.5,33.8,-10.2));
#8644 = VECTOR('',#8645,1.);
#8645 = DIRECTION('',(0.,0.,1.));
#8646 = ORIENTED_EDGE('',*,*,#8647,.T.);
#8647 = EDGE_CURVE('',#8640,#8648,#8650,.T.);
#8648 = VERTEX_POINT('',#8649);
#8649 = CARTESIAN_POINT('',(60.7,33.8,-10.2));
#8650 = LINE('',#8651,#8652);
#8651 = CARTESIAN_POINT('',(84.,33.8,-10.2));
#8652 = VECTOR('',#8653,1.);
#8653 = DIRECTION('',(-1.,0.,0.));
#8654 = ORIENTED_EDGE('',*,*,#8655,.T.);
#8655 = EDGE_CURVE('',#8648,#8341,#8656,.T.);
#8656 = LINE('',#8657,#8658);
#8657 = CARTESIAN_POINT('',(60.7,33.8,-10.2));
#8658 = VECTOR('',#8659,1.);
#8659 = DIRECTION('',(0.,0.,1.));
#8660 = ORIENTED_EDGE('',*,*,#8340,.T.);
#8661 = ORIENTED_EDGE('',*,*,#8419,.F.);
#8662 = ORIENTED_EDGE('',*,*,#8453,.F.);
#8663 = ORIENTED_EDGE('',*,*,#8475,.F.);
#8664 = ORIENTED_EDGE('',*,*,#8502,.T.);
#8665 = ORIENTED_EDGE('',*,*,#8589,.F.);
#8666 = PLANE('',#8667);
#8667 = AXIS2_PLACEMENT_3D('',#8668,#8669,#8670);
#8668 = CARTESIAN_POINT('',(84.,33.8,-1.6));
#8669 = DIRECTION('',(0.,1.,0.));
#8670 = DIRECTION('',(-1.,0.,0.));
#8671 = ADVANCED_FACE('',(#8672),#8691,.T.);
#8672 = FACE_BOUND('',#8673,.T.);
#8673 = EDGE_LOOP('',(#8674,#8682,#8689,#8690));
#8674 = ORIENTED_EDGE('',*,*,#8675,.T.);
#8675 = EDGE_CURVE('',#7694,#8676,#8678,.T.);
#8676 = VERTEX_POINT('',#8677);
#8677 = CARTESIAN_POINT('',(86.,31.8,-10.2));
#8678 = LINE('',#8679,#8680);
#8679 = CARTESIAN_POINT('',(86.,31.8,-1.6));
#8680 = VECTOR('',#8681,1.);
#8681 = DIRECTION('',(-0.,-0.,-1.));
#8682 = ORIENTED_EDGE('',*,*,#8683,.T.);
#8683 = EDGE_CURVE('',#8676,#8608,#8684,.T.);
#8684 = CIRCLE('',#8685,2.);
#8685 = AXIS2_PLACEMENT_3D('',#8686,#8687,#8688);
#8686 = CARTESIAN_POINT('',(84.,31.8,-10.2));
#8687 = DIRECTION('',(0.,0.,1.));
#8688 = DIRECTION('',(1.,0.,0.));
#8689 = ORIENTED_EDGE('',*,*,#8607,.F.);
#8690 = ORIENTED_EDGE('',*,*,#7701,.F.);
#8691 = CYLINDRICAL_SURFACE('',#8692,2.);
#8692 = AXIS2_PLACEMENT_3D('',#8693,#8694,#8695);
#8693 = CARTESIAN_POINT('',(84.,31.8,-1.6));
#8694 = DIRECTION('',(0.,0.,1.));
#8695 = DIRECTION('',(1.,0.,0.));
#8696 = ADVANCED_FACE('',(#8697),#8723,.T.);
#8697 = FACE_BOUND('',#8698,.T.);
#8698 = EDGE_LOOP('',(#8699,#8700,#8708,#8716,#8722));
#8699 = ORIENTED_EDGE('',*,*,#7693,.F.);
#8700 = ORIENTED_EDGE('',*,*,#8701,.F.);
#8701 = EDGE_CURVE('',#8702,#7686,#8704,.T.);
#8702 = VERTEX_POINT('',#8703);
#8703 = CARTESIAN_POINT('',(86.,20.8,-7.2));
#8704 = LINE('',#8705,#8706);
#8705 = CARTESIAN_POINT('',(86.,20.8,-10.2));
#8706 = VECTOR('',#8707,1.);
#8707 = DIRECTION('',(0.,0.,1.));
#8708 = ORIENTED_EDGE('',*,*,#8709,.F.);
#8709 = EDGE_CURVE('',#8710,#8702,#8712,.T.);
#8710 = VERTEX_POINT('',#8711);
#8711 = CARTESIAN_POINT('',(86.,20.8,-10.2));
#8712 = LINE('',#8713,#8714);
#8713 = CARTESIAN_POINT('',(86.,20.8,-10.2));
#8714 = VECTOR('',#8715,1.);
#8715 = DIRECTION('',(0.,0.,1.));
#8716 = ORIENTED_EDGE('',*,*,#8717,.T.);
#8717 = EDGE_CURVE('',#8710,#8676,#8718,.T.);
#8718 = LINE('',#8719,#8720);
#8719 = CARTESIAN_POINT('',(86.,2.,-10.2));
#8720 = VECTOR('',#8721,1.);
#8721 = DIRECTION('',(0.,1.,0.));
#8722 = ORIENTED_EDGE('',*,*,#8675,.F.);
#8723 = PLANE('',#8724);
#8724 = AXIS2_PLACEMENT_3D('',#8725,#8726,#8727);
#8725 = CARTESIAN_POINT('',(86.,2.,-1.6));
#8726 = DIRECTION('',(1.,0.,0.));
#8727 = DIRECTION('',(0.,1.,0.));
#8728 = ADVANCED_FACE('',(#8729),#8764,.T.);
#8729 = FACE_BOUND('',#8730,.T.);
#8730 = EDGE_LOOP('',(#8731,#8739,#8740,#8741,#8742,#8750,#8758));
#8731 = ORIENTED_EDGE('',*,*,#8732,.F.);
#8732 = EDGE_CURVE('',#8710,#8733,#8735,.T.);
#8733 = VERTEX_POINT('',#8734);
#8734 = CARTESIAN_POINT('',(82.5,20.8,-10.2));
#8735 = LINE('',#8736,#8737);
#8736 = CARTESIAN_POINT('',(86.,20.8,-10.2));
#8737 = VECTOR('',#8738,1.);
#8738 = DIRECTION('',(-1.,0.,0.));
#8739 = ORIENTED_EDGE('',*,*,#8709,.T.);
#8740 = ORIENTED_EDGE('',*,*,#8701,.T.);
#8741 = ORIENTED_EDGE('',*,*,#7685,.F.);
#8742 = ORIENTED_EDGE('',*,*,#8743,.T.);
#8743 = EDGE_CURVE('',#7678,#8744,#8746,.T.);
#8744 = VERTEX_POINT('',#8745);
#8745 = CARTESIAN_POINT('',(78.5,20.8,-8.5));
#8746 = LINE('',#8747,#8748);
#8747 = CARTESIAN_POINT('',(78.5,20.8,-1.6));
#8748 = VECTOR('',#8749,1.);
#8749 = DIRECTION('',(-0.,-0.,-1.));
#8750 = ORIENTED_EDGE('',*,*,#8751,.T.);
#8751 = EDGE_CURVE('',#8744,#8752,#8754,.T.);
#8752 = VERTEX_POINT('',#8753);
#8753 = CARTESIAN_POINT('',(82.5,20.8,-8.5));
#8754 = LINE('',#8755,#8756);
#8755 = CARTESIAN_POINT('',(78.8,20.8,-8.5));
#8756 = VECTOR('',#8757,1.);
#8757 = DIRECTION('',(1.,0.,0.));
#8758 = ORIENTED_EDGE('',*,*,#8759,.F.);
#8759 = EDGE_CURVE('',#8733,#8752,#8760,.T.);
#8760 = LINE('',#8761,#8762);
#8761 = CARTESIAN_POINT('',(82.5,20.8,-10.2));
#8762 = VECTOR('',#8763,1.);
#8763 = DIRECTION('',(0.,0.,1.));
#8764 = PLANE('',#8765);
#8765 = AXIS2_PLACEMENT_3D('',#8766,#8767,#8768);
#8766 = CARTESIAN_POINT('',(86.,20.8,-10.2));
#8767 = DIRECTION('',(0.,-1.,0.));
#8768 = DIRECTION('',(-1.,0.,0.));
#8769 = ADVANCED_FACE('',(#8770),#8788,.F.);
#8770 = FACE_BOUND('',#8771,.F.);
#8771 = EDGE_LOOP('',(#8772,#8773,#8774,#8782));
#8772 = ORIENTED_EDGE('',*,*,#7677,.F.);
#8773 = ORIENTED_EDGE('',*,*,#8743,.T.);
#8774 = ORIENTED_EDGE('',*,*,#8775,.T.);
#8775 = EDGE_CURVE('',#8744,#8776,#8778,.T.);
#8776 = VERTEX_POINT('',#8777);
#8777 = CARTESIAN_POINT('',(78.5,27.3,-8.5));
#8778 = LINE('',#8779,#8780);
#8779 = CARTESIAN_POINT('',(78.5,18.85,-8.5));
#8780 = VECTOR('',#8781,1.);
#8781 = DIRECTION('',(0.,1.,0.));
#8782 = ORIENTED_EDGE('',*,*,#8783,.F.);
#8783 = EDGE_CURVE('',#7670,#8776,#8784,.T.);
#8784 = LINE('',#8785,#8786);
#8785 = CARTESIAN_POINT('',(78.5,27.3,-1.6));
#8786 = VECTOR('',#8787,1.);
#8787 = DIRECTION('',(-0.,-0.,-1.));
#8788 = PLANE('',#8789);
#8789 = AXIS2_PLACEMENT_3D('',#8790,#8791,#8792);
#8790 = CARTESIAN_POINT('',(78.5,20.8,-1.6));
#8791 = DIRECTION('',(1.,0.,0.));
#8792 = DIRECTION('',(0.,1.,0.));
#8793 = ADVANCED_FACE('',(#8794),#8812,.F.);
#8794 = FACE_BOUND('',#8795,.F.);
#8795 = EDGE_LOOP('',(#8796,#8797,#8798,#8806));
#8796 = ORIENTED_EDGE('',*,*,#7669,.F.);
#8797 = ORIENTED_EDGE('',*,*,#8783,.T.);
#8798 = ORIENTED_EDGE('',*,*,#8799,.T.);
#8799 = EDGE_CURVE('',#8776,#8800,#8802,.T.);
#8800 = VERTEX_POINT('',#8801);
#8801 = CARTESIAN_POINT('',(76.5,27.3,-8.5));
#8802 = LINE('',#8803,#8804);
#8803 = CARTESIAN_POINT('',(75.05,27.3,-8.5));
#8804 = VECTOR('',#8805,1.);
#8805 = DIRECTION('',(-1.,0.,0.));
#8806 = ORIENTED_EDGE('',*,*,#8807,.F.);
#8807 = EDGE_CURVE('',#7662,#8800,#8808,.T.);
#8808 = LINE('',#8809,#8810);
#8809 = CARTESIAN_POINT('',(76.5,27.3,-1.6));
#8810 = VECTOR('',#8811,1.);
#8811 = DIRECTION('',(-0.,-0.,-1.));
#8812 = PLANE('',#8813);
#8813 = AXIS2_PLACEMENT_3D('',#8814,#8815,#8816);
#8814 = CARTESIAN_POINT('',(78.5,27.3,-1.6));
#8815 = DIRECTION('',(0.,1.,0.));
#8816 = DIRECTION('',(-1.,0.,0.));
#8817 = ADVANCED_FACE('',(#8818),#8836,.F.);
#8818 = FACE_BOUND('',#8819,.F.);
#8819 = EDGE_LOOP('',(#8820,#8821,#8822,#8830));
#8820 = ORIENTED_EDGE('',*,*,#7661,.F.);
#8821 = ORIENTED_EDGE('',*,*,#8807,.T.);
#8822 = ORIENTED_EDGE('',*,*,#8823,.T.);
#8823 = EDGE_CURVE('',#8800,#8824,#8826,.T.);
#8824 = VERTEX_POINT('',#8825);
#8825 = CARTESIAN_POINT('',(76.5,20.8,-8.5));
#8826 = LINE('',#8827,#8828);
#8827 = CARTESIAN_POINT('',(76.5,22.1,-8.5));
#8828 = VECTOR('',#8829,1.);
#8829 = DIRECTION('',(0.,-1.,0.));
#8830 = ORIENTED_EDGE('',*,*,#8831,.F.);
#8831 = EDGE_CURVE('',#7654,#8824,#8832,.T.);
#8832 = LINE('',#8833,#8834);
#8833 = CARTESIAN_POINT('',(76.5,20.8,-1.6));
#8834 = VECTOR('',#8835,1.);
#8835 = DIRECTION('',(-0.,-0.,-1.));
#8836 = PLANE('',#8837);
#8837 = AXIS2_PLACEMENT_3D('',#8838,#8839,#8840);
#8838 = CARTESIAN_POINT('',(76.5,27.3,-1.6));
#8839 = DIRECTION('',(-1.,0.,0.));
#8840 = DIRECTION('',(0.,-1.,0.));
#8841 = ADVANCED_FACE('',(#8842),#8860,.T.);
#8842 = FACE_BOUND('',#8843,.T.);
#8843 = EDGE_LOOP('',(#8844,#8845,#8846,#8854));
#8844 = ORIENTED_EDGE('',*,*,#8831,.F.);
#8845 = ORIENTED_EDGE('',*,*,#7653,.F.);
#8846 = ORIENTED_EDGE('',*,*,#8847,.T.);
#8847 = EDGE_CURVE('',#7646,#8848,#8850,.T.);
#8848 = VERTEX_POINT('',#8849);
#8849 = CARTESIAN_POINT('',(72.5,20.8,-8.5));
#8850 = LINE('',#8851,#8852);
#8851 = CARTESIAN_POINT('',(72.5,20.8,-1.6));
#8852 = VECTOR('',#8853,1.);
#8853 = DIRECTION('',(-0.,-0.,-1.));
#8854 = ORIENTED_EDGE('',*,*,#8855,.T.);
#8855 = EDGE_CURVE('',#8848,#8824,#8856,.T.);
#8856 = LINE('',#8857,#8858);
#8857 = CARTESIAN_POINT('',(78.8,20.8,-8.5));
#8858 = VECTOR('',#8859,1.);
#8859 = DIRECTION('',(1.,0.,0.));
#8860 = PLANE('',#8861);
#8861 = AXIS2_PLACEMENT_3D('',#8862,#8863,#8864);
#8862 = CARTESIAN_POINT('',(86.,20.8,-10.2));
#8863 = DIRECTION('',(0.,-1.,0.));
#8864 = DIRECTION('',(-1.,0.,0.));
#8865 = ADVANCED_FACE('',(#8866),#8884,.F.);
#8866 = FACE_BOUND('',#8867,.F.);
#8867 = EDGE_LOOP('',(#8868,#8869,#8870,#8878));
#8868 = ORIENTED_EDGE('',*,*,#7645,.F.);
#8869 = ORIENTED_EDGE('',*,*,#8847,.T.);
#8870 = ORIENTED_EDGE('',*,*,#8871,.T.);
#8871 = EDGE_CURVE('',#8848,#8872,#8874,.T.);
#8872 = VERTEX_POINT('',#8873);
#8873 = CARTESIAN_POINT('',(72.5,27.3,-8.5));
#8874 = LINE('',#8875,#8876);
#8875 = CARTESIAN_POINT('',(72.5,18.85,-8.5));
#8876 = VECTOR('',#8877,1.);
#8877 = DIRECTION('',(0.,1.,0.));
#8878 = ORIENTED_EDGE('',*,*,#8879,.F.);
#8879 = EDGE_CURVE('',#7638,#8872,#8880,.T.);
#8880 = LINE('',#8881,#8882);
#8881 = CARTESIAN_POINT('',(72.5,27.3,-1.6));
#8882 = VECTOR('',#8883,1.);
#8883 = DIRECTION('',(-0.,-0.,-1.));
#8884 = PLANE('',#8885);
#8885 = AXIS2_PLACEMENT_3D('',#8886,#8887,#8888);
#8886 = CARTESIAN_POINT('',(72.5,20.8,-1.6));
#8887 = DIRECTION('',(1.,0.,0.));
#8888 = DIRECTION('',(0.,1.,0.));
#8889 = ADVANCED_FACE('',(#8890),#8908,.F.);
#8890 = FACE_BOUND('',#8891,.F.);
#8891 = EDGE_LOOP('',(#8892,#8893,#8894,#8902));
#8892 = ORIENTED_EDGE('',*,*,#7637,.F.);
#8893 = ORIENTED_EDGE('',*,*,#8879,.T.);
#8894 = ORIENTED_EDGE('',*,*,#8895,.T.);
#8895 = EDGE_CURVE('',#8872,#8896,#8898,.T.);
#8896 = VERTEX_POINT('',#8897);
#8897 = CARTESIAN_POINT('',(70.5,27.3,-8.5));
#8898 = LINE('',#8899,#8900);
#8899 = CARTESIAN_POINT('',(72.05,27.3,-8.5));
#8900 = VECTOR('',#8901,1.);
#8901 = DIRECTION('',(-1.,0.,0.));
#8902 = ORIENTED_EDGE('',*,*,#8903,.F.);
#8903 = EDGE_CURVE('',#7630,#8896,#8904,.T.);
#8904 = LINE('',#8905,#8906);
#8905 = CARTESIAN_POINT('',(70.5,27.3,-1.6));
#8906 = VECTOR('',#8907,1.);
#8907 = DIRECTION('',(-0.,-0.,-1.));
#8908 = PLANE('',#8909);
#8909 = AXIS2_PLACEMENT_3D('',#8910,#8911,#8912);
#8910 = CARTESIAN_POINT('',(72.5,27.3,-1.6));
#8911 = DIRECTION('',(0.,1.,0.));
#8912 = DIRECTION('',(-1.,0.,0.));
#8913 = ADVANCED_FACE('',(#8914),#8932,.F.);
#8914 = FACE_BOUND('',#8915,.F.);
#8915 = EDGE_LOOP('',(#8916,#8917,#8918,#8926));
#8916 = ORIENTED_EDGE('',*,*,#7629,.F.);
#8917 = ORIENTED_EDGE('',*,*,#8903,.T.);
#8918 = ORIENTED_EDGE('',*,*,#8919,.T.);
#8919 = EDGE_CURVE('',#8896,#8920,#8922,.T.);
#8920 = VERTEX_POINT('',#8921);
#8921 = CARTESIAN_POINT('',(70.5,20.8,-8.5));
#8922 = LINE('',#8923,#8924);
#8923 = CARTESIAN_POINT('',(70.5,22.1,-8.5));
#8924 = VECTOR('',#8925,1.);
#8925 = DIRECTION('',(0.,-1.,0.));
#8926 = ORIENTED_EDGE('',*,*,#8927,.F.);
#8927 = EDGE_CURVE('',#7622,#8920,#8928,.T.);
#8928 = LINE('',#8929,#8930);
#8929 = CARTESIAN_POINT('',(70.5,20.8,-1.6));
#8930 = VECTOR('',#8931,1.);
#8931 = DIRECTION('',(-0.,-0.,-1.));
#8932 = PLANE('',#8933);
#8933 = AXIS2_PLACEMENT_3D('',#8934,#8935,#8936);
#8934 = CARTESIAN_POINT('',(70.5,27.3,-1.6));
#8935 = DIRECTION('',(-1.,0.,0.));
#8936 = DIRECTION('',(0.,-1.,0.));
#8937 = ADVANCED_FACE('',(#8938),#8956,.T.);
#8938 = FACE_BOUND('',#8939,.T.);
#8939 = EDGE_LOOP('',(#8940,#8948,#8954,#8955));
#8940 = ORIENTED_EDGE('',*,*,#8941,.T.);
#8941 = EDGE_CURVE('',#7614,#8942,#8944,.T.);
#8942 = VERTEX_POINT('',#8943);
#8943 = CARTESIAN_POINT('',(66.5,20.8,-8.5));
#8944 = LINE('',#8945,#8946);
#8945 = CARTESIAN_POINT('',(66.5,20.8,-1.6));
#8946 = VECTOR('',#8947,1.);
#8947 = DIRECTION('',(-0.,-0.,-1.));
#8948 = ORIENTED_EDGE('',*,*,#8949,.T.);
#8949 = EDGE_CURVE('',#8942,#8920,#8950,.T.);
#8950 = LINE('',#8951,#8952);
#8951 = CARTESIAN_POINT('',(78.8,20.8,-8.5));
#8952 = VECTOR('',#8953,1.);
#8953 = DIRECTION('',(1.,0.,0.));
#8954 = ORIENTED_EDGE('',*,*,#8927,.F.);
#8955 = ORIENTED_EDGE('',*,*,#7621,.F.);
#8956 = PLANE('',#8957);
#8957 = AXIS2_PLACEMENT_3D('',#8958,#8959,#8960);
#8958 = CARTESIAN_POINT('',(86.,20.8,-10.2));
#8959 = DIRECTION('',(0.,-1.,0.));
#8960 = DIRECTION('',(-1.,0.,0.));
#8961 = ADVANCED_FACE('',(#8962),#8980,.F.);
#8962 = FACE_BOUND('',#8963,.F.);
#8963 = EDGE_LOOP('',(#8964,#8965,#8966,#8974));
#8964 = ORIENTED_EDGE('',*,*,#7613,.F.);
#8965 = ORIENTED_EDGE('',*,*,#8941,.T.);
#8966 = ORIENTED_EDGE('',*,*,#8967,.T.);
#8967 = EDGE_CURVE('',#8942,#8968,#8970,.T.);
#8968 = VERTEX_POINT('',#8969);
#8969 = CARTESIAN_POINT('',(66.5,27.3,-8.5));
#8970 = LINE('',#8971,#8972);
#8971 = CARTESIAN_POINT('',(66.5,18.85,-8.5));
#8972 = VECTOR('',#8973,1.);
#8973 = DIRECTION('',(0.,1.,0.));
#8974 = ORIENTED_EDGE('',*,*,#8975,.F.);
#8975 = EDGE_CURVE('',#7606,#8968,#8976,.T.);
#8976 = LINE('',#8977,#8978);
#8977 = CARTESIAN_POINT('',(66.5,27.3,-1.6));
#8978 = VECTOR('',#8979,1.);
#8979 = DIRECTION('',(-0.,-0.,-1.));
#8980 = PLANE('',#8981);
#8981 = AXIS2_PLACEMENT_3D('',#8982,#8983,#8984);
#8982 = CARTESIAN_POINT('',(66.5,20.8,-1.6));
#8983 = DIRECTION('',(1.,0.,0.));
#8984 = DIRECTION('',(0.,1.,0.));
#8985 = ADVANCED_FACE('',(#8986),#9004,.F.);
#8986 = FACE_BOUND('',#8987,.F.);
#8987 = EDGE_LOOP('',(#8988,#8989,#8990,#8998));
#8988 = ORIENTED_EDGE('',*,*,#7605,.F.);
#8989 = ORIENTED_EDGE('',*,*,#8975,.T.);
#8990 = ORIENTED_EDGE('',*,*,#8991,.T.);
#8991 = EDGE_CURVE('',#8968,#8992,#8994,.T.);
#8992 = VERTEX_POINT('',#8993);
#8993 = CARTESIAN_POINT('',(64.5,27.3,-8.5));
#8994 = LINE('',#8995,#8996);
#8995 = CARTESIAN_POINT('',(69.05,27.3,-8.5));
#8996 = VECTOR('',#8997,1.);
#8997 = DIRECTION('',(-1.,0.,0.));
#8998 = ORIENTED_EDGE('',*,*,#8999,.F.);
#8999 = EDGE_CURVE('',#7598,#8992,#9000,.T.);
#9000 = LINE('',#9001,#9002);
#9001 = CARTESIAN_POINT('',(64.5,27.3,-1.6));
#9002 = VECTOR('',#9003,1.);
#9003 = DIRECTION('',(-0.,-0.,-1.));
#9004 = PLANE('',#9005);
#9005 = AXIS2_PLACEMENT_3D('',#9006,#9007,#9008);
#9006 = CARTESIAN_POINT('',(66.5,27.3,-1.6));
#9007 = DIRECTION('',(0.,1.,0.));
#9008 = DIRECTION('',(-1.,0.,0.));
#9009 = ADVANCED_FACE('',(#9010),#9059,.T.);
#9010 = FACE_BOUND('',#9011,.T.);
#9011 = EDGE_LOOP('',(#9012,#9022,#9028,#9029,#9037,#9045,#9053));
#9012 = ORIENTED_EDGE('',*,*,#9013,.T.);
#9013 = EDGE_CURVE('',#9014,#9016,#9018,.T.);
#9014 = VERTEX_POINT('',#9015);
#9015 = CARTESIAN_POINT('',(82.5,19.8,-8.5));
#9016 = VERTEX_POINT('',#9017);
#9017 = CARTESIAN_POINT('',(64.5,19.8,-8.5));
#9018 = LINE('',#9019,#9020);
#9019 = CARTESIAN_POINT('',(68.05,19.8,-8.5));
#9020 = VECTOR('',#9021,1.);
#9021 = DIRECTION('',(-1.,0.,0.));
#9022 = ORIENTED_EDGE('',*,*,#9023,.T.);
#9023 = EDGE_CURVE('',#9016,#7590,#9024,.T.);
#9024 = LINE('',#9025,#9026);
#9025 = CARTESIAN_POINT('',(64.5,19.8,-10.2));
#9026 = VECTOR('',#9027,1.);
#9027 = DIRECTION('',(0.,0.,1.));
#9028 = ORIENTED_EDGE('',*,*,#7589,.F.);
#9029 = ORIENTED_EDGE('',*,*,#9030,.F.);
#9030 = EDGE_CURVE('',#9031,#7582,#9033,.T.);
#9031 = VERTEX_POINT('',#9032);
#9032 = CARTESIAN_POINT('',(86.,19.8,-7.2));
#9033 = LINE('',#9034,#9035);
#9034 = CARTESIAN_POINT('',(86.,19.8,-10.2));
#9035 = VECTOR('',#9036,1.);
#9036 = DIRECTION('',(0.,0.,1.));
#9037 = ORIENTED_EDGE('',*,*,#9038,.F.);
#9038 = EDGE_CURVE('',#9039,#9031,#9041,.T.);
#9039 = VERTEX_POINT('',#9040);
#9040 = CARTESIAN_POINT('',(86.,19.8,-10.2));
#9041 = LINE('',#9042,#9043);
#9042 = CARTESIAN_POINT('',(86.,19.8,-10.2));
#9043 = VECTOR('',#9044,1.);
#9044 = DIRECTION('',(0.,0.,1.));
#9045 = ORIENTED_EDGE('',*,*,#9046,.F.);
#9046 = EDGE_CURVE('',#9047,#9039,#9049,.T.);
#9047 = VERTEX_POINT('',#9048);
#9048 = CARTESIAN_POINT('',(82.5,19.8,-10.2));
#9049 = LINE('',#9050,#9051);
#9050 = CARTESIAN_POINT('',(64.5,19.8,-10.2));
#9051 = VECTOR('',#9052,1.);
#9052 = DIRECTION('',(1.,0.,0.));
#9053 = ORIENTED_EDGE('',*,*,#9054,.F.);
#9054 = EDGE_CURVE('',#9014,#9047,#9055,.T.);
#9055 = LINE('',#9056,#9057);
#9056 = CARTESIAN_POINT('',(82.5,19.8,-10.2));
#9057 = VECTOR('',#9058,1.);
#9058 = DIRECTION('',(0.,0.,-1.));
#9059 = PLANE('',#9060);
#9060 = AXIS2_PLACEMENT_3D('',#9061,#9062,#9063);
#9061 = CARTESIAN_POINT('',(64.5,19.8,-10.2));
#9062 = DIRECTION('',(0.,1.,0.));
#9063 = DIRECTION('',(1.,0.,0.));
#9064 = ADVANCED_FACE('',(#9065),#9083,.T.);
#9065 = FACE_BOUND('',#9066,.T.);
#9066 = EDGE_LOOP('',(#9067,#9068,#9076,#9082));
#9067 = ORIENTED_EDGE('',*,*,#7581,.F.);
#9068 = ORIENTED_EDGE('',*,*,#9069,.F.);
#9069 = EDGE_CURVE('',#9070,#7574,#9072,.T.);
#9070 = VERTEX_POINT('',#9071);
#9071 = CARTESIAN_POINT('',(86.,14.,-7.2));
#9072 = LINE('',#9073,#9074);
#9073 = CARTESIAN_POINT('',(86.,14.,-10.2));
#9074 = VECTOR('',#9075,1.);
#9075 = DIRECTION('',(0.,0.,1.));
#9076 = ORIENTED_EDGE('',*,*,#9077,.F.);
#9077 = EDGE_CURVE('',#9031,#9070,#9078,.T.);
#9078 = LINE('',#9079,#9080);
#9079 = CARTESIAN_POINT('',(86.,20.8,-7.2));
#9080 = VECTOR('',#9081,1.);
#9081 = DIRECTION('',(0.,-1.,0.));
#9082 = ORIENTED_EDGE('',*,*,#9030,.T.);
#9083 = PLANE('',#9084);
#9084 = AXIS2_PLACEMENT_3D('',#9085,#9086,#9087);
#9085 = CARTESIAN_POINT('',(86.,2.,-1.6));
#9086 = DIRECTION('',(1.,0.,0.));
#9087 = DIRECTION('',(0.,1.,0.));
#9088 = ADVANCED_FACE('',(#9089),#9131,.T.);
#9089 = FACE_BOUND('',#9090,.T.);
#9090 = EDGE_LOOP('',(#9091,#9101,#9107,#9108,#9109,#9117,#9125));
#9091 = ORIENTED_EDGE('',*,*,#9092,.F.);
#9092 = EDGE_CURVE('',#9093,#9095,#9097,.T.);
#9093 = VERTEX_POINT('',#9094);
#9094 = CARTESIAN_POINT('',(86.,14.,-10.2));
#9095 = VERTEX_POINT('',#9096);
#9096 = CARTESIAN_POINT('',(82.5,14.,-10.2));
#9097 = LINE('',#9098,#9099);
#9098 = CARTESIAN_POINT('',(86.,14.,-10.2));
#9099 = VECTOR('',#9100,1.);
#9100 = DIRECTION('',(-1.,0.,0.));
#9101 = ORIENTED_EDGE('',*,*,#9102,.T.);
#9102 = EDGE_CURVE('',#9093,#9070,#9103,.T.);
#9103 = LINE('',#9104,#9105);
#9104 = CARTESIAN_POINT('',(86.,14.,-10.2));
#9105 = VECTOR('',#9106,1.);
#9106 = DIRECTION('',(0.,0.,1.));
#9107 = ORIENTED_EDGE('',*,*,#9069,.T.);
#9108 = ORIENTED_EDGE('',*,*,#7573,.F.);
#9109 = ORIENTED_EDGE('',*,*,#9110,.F.);
#9110 = EDGE_CURVE('',#9111,#7566,#9113,.T.);
#9111 = VERTEX_POINT('',#9112);
#9112 = CARTESIAN_POINT('',(64.5,14.,-8.5));
#9113 = LINE('',#9114,#9115);
#9114 = CARTESIAN_POINT('',(64.5,14.,-10.2));
#9115 = VECTOR('',#9116,1.);
#9116 = DIRECTION('',(0.,0.,1.));
#9117 = ORIENTED_EDGE('',*,*,#9118,.T.);
#9118 = EDGE_CURVE('',#9111,#9119,#9121,.T.);
#9119 = VERTEX_POINT('',#9120);
#9120 = CARTESIAN_POINT('',(82.5,14.,-8.5));
#9121 = LINE('',#9122,#9123);
#9122 = CARTESIAN_POINT('',(78.8,14.,-8.5));
#9123 = VECTOR('',#9124,1.);
#9124 = DIRECTION('',(1.,0.,0.));
#9125 = ORIENTED_EDGE('',*,*,#9126,.F.);
#9126 = EDGE_CURVE('',#9095,#9119,#9127,.T.);
#9127 = LINE('',#9128,#9129);
#9128 = CARTESIAN_POINT('',(82.5,14.,-10.2));
#9129 = VECTOR('',#9130,1.);
#9130 = DIRECTION('',(0.,0.,1.));
#9131 = PLANE('',#9132);
#9132 = AXIS2_PLACEMENT_3D('',#9133,#9134,#9135);
#9133 = CARTESIAN_POINT('',(86.,14.,-10.2));
#9134 = DIRECTION('',(0.,-1.,0.));
#9135 = DIRECTION('',(-1.,0.,0.));
#9136 = ADVANCED_FACE('',(#9137),#9155,.T.);
#9137 = FACE_BOUND('',#9138,.T.);
#9138 = EDGE_LOOP('',(#9139,#9147,#9148,#9149));
#9139 = ORIENTED_EDGE('',*,*,#9140,.T.);
#9140 = EDGE_CURVE('',#9141,#9111,#9143,.T.);
#9141 = VERTEX_POINT('',#9142);
#9142 = CARTESIAN_POINT('',(64.5,13.,-8.5));
#9143 = LINE('',#9144,#9145);
#9144 = CARTESIAN_POINT('',(64.5,15.45,-8.5));
#9145 = VECTOR('',#9146,1.);
#9146 = DIRECTION('',(0.,1.,0.));
#9147 = ORIENTED_EDGE('',*,*,#9110,.T.);
#9148 = ORIENTED_EDGE('',*,*,#7565,.F.);
#9149 = ORIENTED_EDGE('',*,*,#9150,.F.);
#9150 = EDGE_CURVE('',#9141,#7558,#9151,.T.);
#9151 = LINE('',#9152,#9153);
#9152 = CARTESIAN_POINT('',(64.5,13.,-10.2));
#9153 = VECTOR('',#9154,1.);
#9154 = DIRECTION('',(0.,0.,1.));
#9155 = PLANE('',#9156);
#9156 = AXIS2_PLACEMENT_3D('',#9157,#9158,#9159);
#9157 = CARTESIAN_POINT('',(64.5,14.,-10.2));
#9158 = DIRECTION('',(1.,0.,0.));
#9159 = DIRECTION('',(0.,-1.,0.));
#9160 = ADVANCED_FACE('',(#9161),#9179,.T.);
#9161 = FACE_BOUND('',#9162,.T.);
#9162 = EDGE_LOOP('',(#9163,#9171,#9172,#9173));
#9163 = ORIENTED_EDGE('',*,*,#9164,.T.);
#9164 = EDGE_CURVE('',#9165,#9141,#9167,.T.);
#9165 = VERTEX_POINT('',#9166);
#9166 = CARTESIAN_POINT('',(67.5,13.,-8.5));
#9167 = LINE('',#9168,#9169);
#9168 = CARTESIAN_POINT('',(68.05,13.,-8.5));
#9169 = VECTOR('',#9170,1.);
#9170 = DIRECTION('',(-1.,0.,0.));
#9171 = ORIENTED_EDGE('',*,*,#9150,.T.);
#9172 = ORIENTED_EDGE('',*,*,#7557,.F.);
#9173 = ORIENTED_EDGE('',*,*,#9174,.T.);
#9174 = EDGE_CURVE('',#7550,#9165,#9175,.T.);
#9175 = LINE('',#9176,#9177);
#9176 = CARTESIAN_POINT('',(67.5,13.,-1.6));
#9177 = VECTOR('',#9178,1.);
#9178 = DIRECTION('',(-0.,-0.,-1.));
#9179 = PLANE('',#9180);
#9180 = AXIS2_PLACEMENT_3D('',#9181,#9182,#9183);
#9181 = CARTESIAN_POINT('',(64.5,13.,-10.2));
#9182 = DIRECTION('',(0.,1.,0.));
#9183 = DIRECTION('',(1.,0.,0.));
#9184 = ADVANCED_FACE('',(#9185),#9203,.F.);
#9185 = FACE_BOUND('',#9186,.F.);
#9186 = EDGE_LOOP('',(#9187,#9188,#9189,#9197));
#9187 = ORIENTED_EDGE('',*,*,#7549,.F.);
#9188 = ORIENTED_EDGE('',*,*,#9174,.T.);
#9189 = ORIENTED_EDGE('',*,*,#9190,.T.);
#9190 = EDGE_CURVE('',#9165,#9191,#9193,.T.);
#9191 = VERTEX_POINT('',#9192);
#9192 = CARTESIAN_POINT('',(67.5,6.5,-8.5));
#9193 = LINE('',#9194,#9195);
#9194 = CARTESIAN_POINT('',(67.5,14.95,-8.5));
#9195 = VECTOR('',#9196,1.);
#9196 = DIRECTION('',(0.,-1.,0.));
#9197 = ORIENTED_EDGE('',*,*,#9198,.F.);
#9198 = EDGE_CURVE('',#7542,#9191,#9199,.T.);
#9199 = LINE('',#9200,#9201);
#9200 = CARTESIAN_POINT('',(67.5,6.5,-1.6));
#9201 = VECTOR('',#9202,1.);
#9202 = DIRECTION('',(-0.,-0.,-1.));
#9203 = PLANE('',#9204);
#9204 = AXIS2_PLACEMENT_3D('',#9205,#9206,#9207);
#9205 = CARTESIAN_POINT('',(67.5,13.,-1.6));
#9206 = DIRECTION('',(-1.,0.,0.));
#9207 = DIRECTION('',(0.,-1.,0.));
#9208 = ADVANCED_FACE('',(#9209),#9227,.F.);
#9209 = FACE_BOUND('',#9210,.F.);
#9210 = EDGE_LOOP('',(#9211,#9212,#9213,#9221));
#9211 = ORIENTED_EDGE('',*,*,#7541,.F.);
#9212 = ORIENTED_EDGE('',*,*,#9198,.T.);
#9213 = ORIENTED_EDGE('',*,*,#9214,.T.);
#9214 = EDGE_CURVE('',#9191,#9215,#9217,.T.);
#9215 = VERTEX_POINT('',#9216);
#9216 = CARTESIAN_POINT('',(69.5,6.5,-8.5));
#9217 = LINE('',#9218,#9219);
#9218 = CARTESIAN_POINT('',(69.55,6.5,-8.5));
#9219 = VECTOR('',#9220,1.);
#9220 = DIRECTION('',(1.,0.,0.));
#9221 = ORIENTED_EDGE('',*,*,#9222,.F.);
#9222 = EDGE_CURVE('',#7534,#9215,#9223,.T.);
#9223 = LINE('',#9224,#9225);
#9224 = CARTESIAN_POINT('',(69.5,6.5,-1.6));
#9225 = VECTOR('',#9226,1.);
#9226 = DIRECTION('',(-0.,-0.,-1.));
#9227 = PLANE('',#9228);
#9228 = AXIS2_PLACEMENT_3D('',#9229,#9230,#9231);
#9229 = CARTESIAN_POINT('',(67.5,6.5,-1.6));
#9230 = DIRECTION('',(0.,-1.,0.));
#9231 = DIRECTION('',(1.,0.,0.));
#9232 = ADVANCED_FACE('',(#9233),#9251,.F.);
#9233 = FACE_BOUND('',#9234,.F.);
#9234 = EDGE_LOOP('',(#9235,#9236,#9237,#9245));
#9235 = ORIENTED_EDGE('',*,*,#7533,.F.);
#9236 = ORIENTED_EDGE('',*,*,#9222,.T.);
#9237 = ORIENTED_EDGE('',*,*,#9238,.T.);
#9238 = EDGE_CURVE('',#9215,#9239,#9241,.T.);
#9239 = VERTEX_POINT('',#9240);
#9240 = CARTESIAN_POINT('',(69.5,13.,-8.5));
#9241 = LINE('',#9242,#9243);
#9242 = CARTESIAN_POINT('',(69.5,11.7,-8.5));
#9243 = VECTOR('',#9244,1.);
#9244 = DIRECTION('',(0.,1.,0.));
#9245 = ORIENTED_EDGE('',*,*,#9246,.F.);
#9246 = EDGE_CURVE('',#7526,#9239,#9247,.T.);
#9247 = LINE('',#9248,#9249);
#9248 = CARTESIAN_POINT('',(69.5,13.,-1.6));
#9249 = VECTOR('',#9250,1.);
#9250 = DIRECTION('',(-0.,-0.,-1.));
#9251 = PLANE('',#9252);
#9252 = AXIS2_PLACEMENT_3D('',#9253,#9254,#9255);
#9253 = CARTESIAN_POINT('',(69.5,6.5,-1.6));
#9254 = DIRECTION('',(1.,0.,0.));
#9255 = DIRECTION('',(0.,1.,0.));
#9256 = ADVANCED_FACE('',(#9257),#9275,.T.);
#9257 = FACE_BOUND('',#9258,.T.);
#9258 = EDGE_LOOP('',(#9259,#9267,#9268,#9269));
#9259 = ORIENTED_EDGE('',*,*,#9260,.T.);
#9260 = EDGE_CURVE('',#9261,#9239,#9263,.T.);
#9261 = VERTEX_POINT('',#9262);
#9262 = CARTESIAN_POINT('',(73.5,13.,-8.5));
#9263 = LINE('',#9264,#9265);
#9264 = CARTESIAN_POINT('',(68.05,13.,-8.5));
#9265 = VECTOR('',#9266,1.);
#9266 = DIRECTION('',(-1.,0.,0.));
#9267 = ORIENTED_EDGE('',*,*,#9246,.F.);
#9268 = ORIENTED_EDGE('',*,*,#7525,.F.);
#9269 = ORIENTED_EDGE('',*,*,#9270,.T.);
#9270 = EDGE_CURVE('',#7518,#9261,#9271,.T.);
#9271 = LINE('',#9272,#9273);
#9272 = CARTESIAN_POINT('',(73.5,13.,-1.6));
#9273 = VECTOR('',#9274,1.);
#9274 = DIRECTION('',(-0.,-0.,-1.));
#9275 = PLANE('',#9276);
#9276 = AXIS2_PLACEMENT_3D('',#9277,#9278,#9279);
#9277 = CARTESIAN_POINT('',(64.5,13.,-10.2));
#9278 = DIRECTION('',(0.,1.,0.));
#9279 = DIRECTION('',(1.,0.,0.));
#9280 = ADVANCED_FACE('',(#9281),#9299,.F.);
#9281 = FACE_BOUND('',#9282,.F.);
#9282 = EDGE_LOOP('',(#9283,#9284,#9285,#9293));
#9283 = ORIENTED_EDGE('',*,*,#7517,.F.);
#9284 = ORIENTED_EDGE('',*,*,#9270,.T.);
#9285 = ORIENTED_EDGE('',*,*,#9286,.T.);
#9286 = EDGE_CURVE('',#9261,#9287,#9289,.T.);
#9287 = VERTEX_POINT('',#9288);
#9288 = CARTESIAN_POINT('',(73.5,6.5,-8.5));
#9289 = LINE('',#9290,#9291);
#9290 = CARTESIAN_POINT('',(73.5,14.95,-8.5));
#9291 = VECTOR('',#9292,1.);
#9292 = DIRECTION('',(0.,-1.,0.));
#9293 = ORIENTED_EDGE('',*,*,#9294,.F.);
#9294 = EDGE_CURVE('',#7510,#9287,#9295,.T.);
#9295 = LINE('',#9296,#9297);
#9296 = CARTESIAN_POINT('',(73.5,6.5,-1.6));
#9297 = VECTOR('',#9298,1.);
#9298 = DIRECTION('',(-0.,-0.,-1.));
#9299 = PLANE('',#9300);
#9300 = AXIS2_PLACEMENT_3D('',#9301,#9302,#9303);
#9301 = CARTESIAN_POINT('',(73.5,13.,-1.6));
#9302 = DIRECTION('',(-1.,0.,0.));
#9303 = DIRECTION('',(0.,-1.,0.));
#9304 = ADVANCED_FACE('',(#9305),#9323,.F.);
#9305 = FACE_BOUND('',#9306,.F.);
#9306 = EDGE_LOOP('',(#9307,#9308,#9309,#9317));
#9307 = ORIENTED_EDGE('',*,*,#7509,.F.);
#9308 = ORIENTED_EDGE('',*,*,#9294,.T.);
#9309 = ORIENTED_EDGE('',*,*,#9310,.T.);
#9310 = EDGE_CURVE('',#9287,#9311,#9313,.T.);
#9311 = VERTEX_POINT('',#9312);
#9312 = CARTESIAN_POINT('',(75.5,6.5,-8.5));
#9313 = LINE('',#9314,#9315);
#9314 = CARTESIAN_POINT('',(72.55,6.5,-8.5));
#9315 = VECTOR('',#9316,1.);
#9316 = DIRECTION('',(1.,0.,0.));
#9317 = ORIENTED_EDGE('',*,*,#9318,.F.);
#9318 = EDGE_CURVE('',#7502,#9311,#9319,.T.);
#9319 = LINE('',#9320,#9321);
#9320 = CARTESIAN_POINT('',(75.5,6.5,-1.6));
#9321 = VECTOR('',#9322,1.);
#9322 = DIRECTION('',(-0.,-0.,-1.));
#9323 = PLANE('',#9324);
#9324 = AXIS2_PLACEMENT_3D('',#9325,#9326,#9327);
#9325 = CARTESIAN_POINT('',(73.5,6.5,-1.6));
#9326 = DIRECTION('',(0.,-1.,0.));
#9327 = DIRECTION('',(1.,0.,0.));
#9328 = ADVANCED_FACE('',(#9329),#9347,.F.);
#9329 = FACE_BOUND('',#9330,.F.);
#9330 = EDGE_LOOP('',(#9331,#9332,#9333,#9341));
#9331 = ORIENTED_EDGE('',*,*,#7501,.F.);
#9332 = ORIENTED_EDGE('',*,*,#9318,.T.);
#9333 = ORIENTED_EDGE('',*,*,#9334,.T.);
#9334 = EDGE_CURVE('',#9311,#9335,#9337,.T.);
#9335 = VERTEX_POINT('',#9336);
#9336 = CARTESIAN_POINT('',(75.5,13.,-8.5));
#9337 = LINE('',#9338,#9339);
#9338 = CARTESIAN_POINT('',(75.5,11.7,-8.5));
#9339 = VECTOR('',#9340,1.);
#9340 = DIRECTION('',(0.,1.,0.));
#9341 = ORIENTED_EDGE('',*,*,#9342,.F.);
#9342 = EDGE_CURVE('',#7494,#9335,#9343,.T.);
#9343 = LINE('',#9344,#9345);
#9344 = CARTESIAN_POINT('',(75.5,13.,-1.6));
#9345 = VECTOR('',#9346,1.);
#9346 = DIRECTION('',(-0.,-0.,-1.));
#9347 = PLANE('',#9348);
#9348 = AXIS2_PLACEMENT_3D('',#9349,#9350,#9351);
#9349 = CARTESIAN_POINT('',(75.5,6.5,-1.6));
#9350 = DIRECTION('',(1.,0.,0.));
#9351 = DIRECTION('',(0.,1.,0.));
#9352 = ADVANCED_FACE('',(#9353),#9371,.T.);
#9353 = FACE_BOUND('',#9354,.T.);
#9354 = EDGE_LOOP('',(#9355,#9363,#9369,#9370));
#9355 = ORIENTED_EDGE('',*,*,#9356,.T.);
#9356 = EDGE_CURVE('',#7486,#9357,#9359,.T.);
#9357 = VERTEX_POINT('',#9358);
#9358 = CARTESIAN_POINT('',(79.5,13.,-8.5));
#9359 = LINE('',#9360,#9361);
#9360 = CARTESIAN_POINT('',(79.5,13.,-1.6));
#9361 = VECTOR('',#9362,1.);
#9362 = DIRECTION('',(-0.,-0.,-1.));
#9363 = ORIENTED_EDGE('',*,*,#9364,.T.);
#9364 = EDGE_CURVE('',#9357,#9335,#9365,.T.);
#9365 = LINE('',#9366,#9367);
#9366 = CARTESIAN_POINT('',(68.05,13.,-8.5));
#9367 = VECTOR('',#9368,1.);
#9368 = DIRECTION('',(-1.,0.,0.));
#9369 = ORIENTED_EDGE('',*,*,#9342,.F.);
#9370 = ORIENTED_EDGE('',*,*,#7493,.F.);
#9371 = PLANE('',#9372);
#9372 = AXIS2_PLACEMENT_3D('',#9373,#9374,#9375);
#9373 = CARTESIAN_POINT('',(64.5,13.,-10.2));
#9374 = DIRECTION('',(0.,1.,0.));
#9375 = DIRECTION('',(1.,0.,0.));
#9376 = ADVANCED_FACE('',(#9377),#9395,.F.);
#9377 = FACE_BOUND('',#9378,.F.);
#9378 = EDGE_LOOP('',(#9379,#9380,#9381,#9389));
#9379 = ORIENTED_EDGE('',*,*,#7485,.F.);
#9380 = ORIENTED_EDGE('',*,*,#9356,.T.);
#9381 = ORIENTED_EDGE('',*,*,#9382,.T.);
#9382 = EDGE_CURVE('',#9357,#9383,#9385,.T.);
#9383 = VERTEX_POINT('',#9384);
#9384 = CARTESIAN_POINT('',(79.5,6.5,-8.5));
#9385 = LINE('',#9386,#9387);
#9386 = CARTESIAN_POINT('',(79.5,14.95,-8.5));
#9387 = VECTOR('',#9388,1.);
#9388 = DIRECTION('',(0.,-1.,0.));
#9389 = ORIENTED_EDGE('',*,*,#9390,.F.);
#9390 = EDGE_CURVE('',#7478,#9383,#9391,.T.);
#9391 = LINE('',#9392,#9393);
#9392 = CARTESIAN_POINT('',(79.5,6.5,-1.6));
#9393 = VECTOR('',#9394,1.);
#9394 = DIRECTION('',(-0.,-0.,-1.));
#9395 = PLANE('',#9396);
#9396 = AXIS2_PLACEMENT_3D('',#9397,#9398,#9399);
#9397 = CARTESIAN_POINT('',(79.5,13.,-1.6));
#9398 = DIRECTION('',(-1.,0.,0.));
#9399 = DIRECTION('',(0.,-1.,0.));
#9400 = ADVANCED_FACE('',(#9401),#9419,.F.);
#9401 = FACE_BOUND('',#9402,.F.);
#9402 = EDGE_LOOP('',(#9403,#9404,#9405,#9413));
#9403 = ORIENTED_EDGE('',*,*,#7477,.F.);
#9404 = ORIENTED_EDGE('',*,*,#9390,.T.);
#9405 = ORIENTED_EDGE('',*,*,#9406,.T.);
#9406 = EDGE_CURVE('',#9383,#9407,#9409,.T.);
#9407 = VERTEX_POINT('',#9408);
#9408 = CARTESIAN_POINT('',(81.5,6.5,-8.5));
#9409 = LINE('',#9410,#9411);
#9410 = CARTESIAN_POINT('',(75.55,6.5,-8.5));
#9411 = VECTOR('',#9412,1.);
#9412 = DIRECTION('',(1.,0.,0.));
#9413 = ORIENTED_EDGE('',*,*,#9414,.F.);
#9414 = EDGE_CURVE('',#7470,#9407,#9415,.T.);
#9415 = LINE('',#9416,#9417);
#9416 = CARTESIAN_POINT('',(81.5,6.5,-1.6));
#9417 = VECTOR('',#9418,1.);
#9418 = DIRECTION('',(-0.,-0.,-1.));
#9419 = PLANE('',#9420);
#9420 = AXIS2_PLACEMENT_3D('',#9421,#9422,#9423);
#9421 = CARTESIAN_POINT('',(79.5,6.5,-1.6));
#9422 = DIRECTION('',(0.,-1.,0.));
#9423 = DIRECTION('',(1.,0.,0.));
#9424 = ADVANCED_FACE('',(#9425),#9443,.F.);
#9425 = FACE_BOUND('',#9426,.F.);
#9426 = EDGE_LOOP('',(#9427,#9428,#9429,#9437));
#9427 = ORIENTED_EDGE('',*,*,#7469,.F.);
#9428 = ORIENTED_EDGE('',*,*,#9414,.T.);
#9429 = ORIENTED_EDGE('',*,*,#9430,.T.);
#9430 = EDGE_CURVE('',#9407,#9431,#9433,.T.);
#9431 = VERTEX_POINT('',#9432);
#9432 = CARTESIAN_POINT('',(81.5,13.,-8.5));
#9433 = LINE('',#9434,#9435);
#9434 = CARTESIAN_POINT('',(81.5,11.7,-8.5));
#9435 = VECTOR('',#9436,1.);
#9436 = DIRECTION('',(0.,1.,0.));
#9437 = ORIENTED_EDGE('',*,*,#9438,.F.);
#9438 = EDGE_CURVE('',#7462,#9431,#9439,.T.);
#9439 = LINE('',#9440,#9441);
#9440 = CARTESIAN_POINT('',(81.5,13.,-1.6));
#9441 = VECTOR('',#9442,1.);
#9442 = DIRECTION('',(-0.,-0.,-1.));
#9443 = PLANE('',#9444);
#9444 = AXIS2_PLACEMENT_3D('',#9445,#9446,#9447);
#9445 = CARTESIAN_POINT('',(81.5,6.5,-1.6));
#9446 = DIRECTION('',(1.,0.,0.));
#9447 = DIRECTION('',(0.,1.,0.));
#9448 = ADVANCED_FACE('',(#9449),#9482,.T.);
#9449 = FACE_BOUND('',#9450,.T.);
#9450 = EDGE_LOOP('',(#9451,#9452,#9460,#9466,#9467,#9468,#9476));
#9451 = ORIENTED_EDGE('',*,*,#8164,.F.);
#9452 = ORIENTED_EDGE('',*,*,#9453,.F.);
#9453 = EDGE_CURVE('',#9454,#8157,#9456,.T.);
#9454 = VERTEX_POINT('',#9455);
#9455 = CARTESIAN_POINT('',(82.5,13.,-8.5));
#9456 = LINE('',#9457,#9458);
#9457 = CARTESIAN_POINT('',(82.5,13.,-10.2));
#9458 = VECTOR('',#9459,1.);
#9459 = DIRECTION('',(0.,0.,-1.));
#9460 = ORIENTED_EDGE('',*,*,#9461,.T.);
#9461 = EDGE_CURVE('',#9454,#9431,#9462,.T.);
#9462 = LINE('',#9463,#9464);
#9463 = CARTESIAN_POINT('',(68.05,13.,-8.5));
#9464 = VECTOR('',#9465,1.);
#9465 = DIRECTION('',(-1.,0.,0.));
#9466 = ORIENTED_EDGE('',*,*,#9438,.F.);
#9467 = ORIENTED_EDGE('',*,*,#7461,.F.);
#9468 = ORIENTED_EDGE('',*,*,#9469,.F.);
#9469 = EDGE_CURVE('',#9470,#7454,#9472,.T.);
#9470 = VERTEX_POINT('',#9471);
#9471 = CARTESIAN_POINT('',(86.,13.,-7.2));
#9472 = LINE('',#9473,#9474);
#9473 = CARTESIAN_POINT('',(86.,13.,-10.2));
#9474 = VECTOR('',#9475,1.);
#9475 = DIRECTION('',(0.,0.,1.));
#9476 = ORIENTED_EDGE('',*,*,#9477,.F.);
#9477 = EDGE_CURVE('',#8165,#9470,#9478,.T.);
#9478 = LINE('',#9479,#9480);
#9479 = CARTESIAN_POINT('',(86.,13.,-10.2));
#9480 = VECTOR('',#9481,1.);
#9481 = DIRECTION('',(0.,0.,1.));
#9482 = PLANE('',#9483);
#9483 = AXIS2_PLACEMENT_3D('',#9484,#9485,#9486);
#9484 = CARTESIAN_POINT('',(64.5,13.,-10.2));
#9485 = DIRECTION('',(0.,1.,0.));
#9486 = DIRECTION('',(1.,0.,0.));
#9487 = ADVANCED_FACE('',(#9488),#9495,.T.);
#9488 = FACE_BOUND('',#9489,.T.);
#9489 = EDGE_LOOP('',(#9490,#9491,#9492,#9493,#9494));
#9490 = ORIENTED_EDGE('',*,*,#7453,.F.);
#9491 = ORIENTED_EDGE('',*,*,#8115,.T.);
#9492 = ORIENTED_EDGE('',*,*,#8172,.T.);
#9493 = ORIENTED_EDGE('',*,*,#9477,.T.);
#9494 = ORIENTED_EDGE('',*,*,#9469,.T.);
#9495 = PLANE('',#9496);
#9496 = AXIS2_PLACEMENT_3D('',#9497,#9498,#9499);
#9497 = CARTESIAN_POINT('',(86.,2.,-1.6));
#9498 = DIRECTION('',(1.,0.,0.));
#9499 = DIRECTION('',(0.,1.,0.));
#9500 = ADVANCED_FACE('',(#9501),#9520,.F.);
#9501 = FACE_BOUND('',#9502,.T.);
#9502 = EDGE_LOOP('',(#9503,#9511,#9518,#9519));
#9503 = ORIENTED_EDGE('',*,*,#9504,.F.);
#9504 = EDGE_CURVE('',#9505,#7736,#9507,.T.);
#9505 = VERTEX_POINT('',#9506);
#9506 = CARTESIAN_POINT('',(5.75,3.,-9.));
#9507 = LINE('',#9508,#9509);
#9508 = CARTESIAN_POINT('',(5.75,3.,-9.));
#9509 = VECTOR('',#9510,1.);
#9510 = DIRECTION('',(6.198963601763E-17,0.,1.));
#9511 = ORIENTED_EDGE('',*,*,#9512,.T.);
#9512 = EDGE_CURVE('',#9505,#9505,#9513,.T.);
#9513 = CIRCLE('',#9514,1.15);
#9514 = AXIS2_PLACEMENT_3D('',#9515,#9516,#9517);
#9515 = CARTESIAN_POINT('',(6.9,3.,-9.));
#9516 = DIRECTION('',(0.,0.,-1.));
#9517 = DIRECTION('',(-1.,0.,0.));
#9518 = ORIENTED_EDGE('',*,*,#9504,.T.);
#9519 = ORIENTED_EDGE('',*,*,#7735,.T.);
#9520 = CYLINDRICAL_SURFACE('',#9521,1.15);
#9521 = AXIS2_PLACEMENT_3D('',#9522,#9523,#9524);
#9522 = CARTESIAN_POINT('',(6.9,3.,-9.));
#9523 = DIRECTION('',(0.,0.,1.));
#9524 = DIRECTION('',(-1.,0.,0.));
#9525 = ADVANCED_FACE('',(#9526),#9545,.F.);
#9526 = FACE_BOUND('',#9527,.T.);
#9527 = EDGE_LOOP('',(#9528,#9536,#9543,#9544));
#9528 = ORIENTED_EDGE('',*,*,#9529,.F.);
#9529 = EDGE_CURVE('',#9530,#7747,#9532,.T.);
#9530 = VERTEX_POINT('',#9531);
#9531 = CARTESIAN_POINT('',(5.75,30.8,-9.));
#9532 = LINE('',#9533,#9534);
#9533 = CARTESIAN_POINT('',(5.75,30.8,-9.));
#9534 = VECTOR('',#9535,1.);
#9535 = DIRECTION('',(6.198963601763E-17,0.,1.));
#9536 = ORIENTED_EDGE('',*,*,#9537,.T.);
#9537 = EDGE_CURVE('',#9530,#9530,#9538,.T.);
#9538 = CIRCLE('',#9539,1.15);
#9539 = AXIS2_PLACEMENT_3D('',#9540,#9541,#9542);
#9540 = CARTESIAN_POINT('',(6.9,30.8,-9.));
#9541 = DIRECTION('',(0.,0.,-1.));
#9542 = DIRECTION('',(-1.,0.,0.));
#9543 = ORIENTED_EDGE('',*,*,#9529,.T.);
#9544 = ORIENTED_EDGE('',*,*,#7746,.T.);
#9545 = CYLINDRICAL_SURFACE('',#9546,1.15);
#9546 = AXIS2_PLACEMENT_3D('',#9547,#9548,#9549);
#9547 = CARTESIAN_POINT('',(6.9,30.8,-9.));
#9548 = DIRECTION('',(0.,0.,1.));
#9549 = DIRECTION('',(-1.,0.,0.));
#9550 = ADVANCED_FACE('',(#9551),#9568,.F.);
#9551 = FACE_BOUND('',#9552,.T.);
#9552 = EDGE_LOOP('',(#9553,#9554,#9560,#9561,#9562));
#9553 = ORIENTED_EDGE('',*,*,#8236,.F.);
#9554 = ORIENTED_EDGE('',*,*,#9555,.T.);
#9555 = EDGE_CURVE('',#8237,#7769,#9556,.T.);
#9556 = LINE('',#9557,#9558);
#9557 = CARTESIAN_POINT('',(78.53210916542,4.,-9.));
#9558 = VECTOR('',#9559,1.);
#9559 = DIRECTION('',(0.,0.,1.));
#9560 = ORIENTED_EDGE('',*,*,#7768,.T.);
#9561 = ORIENTED_EDGE('',*,*,#7757,.T.);
#9562 = ORIENTED_EDGE('',*,*,#9563,.F.);
#9563 = EDGE_CURVE('',#8229,#7760,#9564,.T.);
#9564 = LINE('',#9565,#9566);
#9565 = CARTESIAN_POINT('',(79.66789083458,4.,-9.));
#9566 = VECTOR('',#9567,1.);
#9567 = DIRECTION('',(0.,0.,1.));
#9568 = CYLINDRICAL_SURFACE('',#9569,1.15);
#9569 = AXIS2_PLACEMENT_3D('',#9570,#9571,#9572);
#9570 = CARTESIAN_POINT('',(79.1,3.,-9.));
#9571 = DIRECTION('',(0.,0.,1.));
#9572 = DIRECTION('',(-1.,0.,0.));
#9573 = ADVANCED_FACE('',(#9574),#9587,.T.);
#9574 = FACE_BOUND('',#9575,.T.);
#9575 = EDGE_LOOP('',(#9576,#9577,#9578,#9579,#9580,#9581));
#9576 = ORIENTED_EDGE('',*,*,#8130,.F.);
#9577 = ORIENTED_EDGE('',*,*,#8204,.T.);
#9578 = ORIENTED_EDGE('',*,*,#8228,.F.);
#9579 = ORIENTED_EDGE('',*,*,#9563,.T.);
#9580 = ORIENTED_EDGE('',*,*,#8091,.F.);
#9581 = ORIENTED_EDGE('',*,*,#9582,.F.);
#9582 = EDGE_CURVE('',#8133,#8084,#9583,.T.);
#9583 = LINE('',#9584,#9585);
#9584 = CARTESIAN_POINT('',(84.,4.,-10.2));
#9585 = VECTOR('',#9586,1.);
#9586 = DIRECTION('',(0.,0.,1.));
#9587 = PLANE('',#9588);
#9588 = AXIS2_PLACEMENT_3D('',#9589,#9590,#9591);
#9589 = CARTESIAN_POINT('',(54.,4.,-10.2));
#9590 = DIRECTION('',(0.,1.,0.));
#9591 = DIRECTION('',(1.,0.,0.));
#9592 = ADVANCED_FACE('',(#9593),#9608,.T.);
#9593 = FACE_BOUND('',#9594,.T.);
#9594 = EDGE_LOOP('',(#9595,#9596,#9602,#9603,#9604,#9605,#9606,#9607));
#9595 = ORIENTED_EDGE('',*,*,#8404,.F.);
#9596 = ORIENTED_EDGE('',*,*,#9597,.T.);
#9597 = EDGE_CURVE('',#8397,#7778,#9598,.T.);
#9598 = LINE('',#9599,#9600);
#9599 = CARTESIAN_POINT('',(54.,4.,-10.2));
#9600 = VECTOR('',#9601,1.);
#9601 = DIRECTION('',(0.,0.,1.));
#9602 = ORIENTED_EDGE('',*,*,#7777,.F.);
#9603 = ORIENTED_EDGE('',*,*,#9555,.F.);
#9604 = ORIENTED_EDGE('',*,*,#8245,.F.);
#9605 = ORIENTED_EDGE('',*,*,#8267,.T.);
#9606 = ORIENTED_EDGE('',*,*,#8293,.F.);
#9607 = ORIENTED_EDGE('',*,*,#8317,.F.);
#9608 = PLANE('',#9609);
#9609 = AXIS2_PLACEMENT_3D('',#9610,#9611,#9612);
#9610 = CARTESIAN_POINT('',(54.,4.,-10.2));
#9611 = DIRECTION('',(0.,1.,0.));
#9612 = DIRECTION('',(1.,0.,0.));
#9613 = ADVANCED_FACE('',(#9614),#9625,.T.);
#9614 = FACE_BOUND('',#9615,.T.);
#9615 = EDGE_LOOP('',(#9616,#9617,#9618,#9619));
#9616 = ORIENTED_EDGE('',*,*,#8140,.F.);
#9617 = ORIENTED_EDGE('',*,*,#9582,.T.);
#9618 = ORIENTED_EDGE('',*,*,#8083,.F.);
#9619 = ORIENTED_EDGE('',*,*,#9620,.F.);
#9620 = EDGE_CURVE('',#8141,#8076,#9621,.T.);
#9621 = LINE('',#9622,#9623);
#9622 = CARTESIAN_POINT('',(84.,5.,-10.2));
#9623 = VECTOR('',#9624,1.);
#9624 = DIRECTION('',(0.,0.,1.));
#9625 = PLANE('',#9626);
#9626 = AXIS2_PLACEMENT_3D('',#9627,#9628,#9629);
#9627 = CARTESIAN_POINT('',(84.,4.,-10.2));
#9628 = DIRECTION('',(-1.,0.,0.));
#9629 = DIRECTION('',(0.,1.,0.));
#9630 = ADVANCED_FACE('',(#9631),#9642,.T.);
#9631 = FACE_BOUND('',#9632,.T.);
#9632 = EDGE_LOOP('',(#9633,#9634,#9640,#9641));
#9633 = ORIENTED_EDGE('',*,*,#8396,.F.);
#9634 = ORIENTED_EDGE('',*,*,#9635,.T.);
#9635 = EDGE_CURVE('',#8389,#7786,#9636,.T.);
#9636 = LINE('',#9637,#9638);
#9637 = CARTESIAN_POINT('',(54.,5.,-10.2));
#9638 = VECTOR('',#9639,1.);
#9639 = DIRECTION('',(0.,0.,1.));
#9640 = ORIENTED_EDGE('',*,*,#7785,.F.);
#9641 = ORIENTED_EDGE('',*,*,#9597,.F.);
#9642 = PLANE('',#9643);
#9643 = AXIS2_PLACEMENT_3D('',#9644,#9645,#9646);
#9644 = CARTESIAN_POINT('',(54.,5.,-10.2));
#9645 = DIRECTION('',(1.,0.,0.));
#9646 = DIRECTION('',(0.,-1.,0.));
#9647 = ADVANCED_FACE('',(#9648),#9675,.T.);
#9648 = FACE_BOUND('',#9649,.T.);
#9649 = EDGE_LOOP('',(#9650,#9651,#9652,#9653,#9661,#9669));
#9650 = ORIENTED_EDGE('',*,*,#8148,.F.);
#9651 = ORIENTED_EDGE('',*,*,#9620,.T.);
#9652 = ORIENTED_EDGE('',*,*,#8075,.F.);
#9653 = ORIENTED_EDGE('',*,*,#9654,.T.);
#9654 = EDGE_CURVE('',#8068,#9655,#9657,.T.);
#9655 = VERTEX_POINT('',#9656);
#9656 = CARTESIAN_POINT('',(78.5,5.,-8.5));
#9657 = LINE('',#9658,#9659);
#9658 = CARTESIAN_POINT('',(78.5,5.,-1.6));
#9659 = VECTOR('',#9660,1.);
#9660 = DIRECTION('',(-0.,-0.,-1.));
#9661 = ORIENTED_EDGE('',*,*,#9662,.T.);
#9662 = EDGE_CURVE('',#9655,#9663,#9665,.T.);
#9663 = VERTEX_POINT('',#9664);
#9664 = CARTESIAN_POINT('',(82.5,5.,-8.5));
#9665 = LINE('',#9666,#9667);
#9666 = CARTESIAN_POINT('',(60.7,5.,-8.5));
#9667 = VECTOR('',#9668,1.);
#9668 = DIRECTION('',(1.,0.,0.));
#9669 = ORIENTED_EDGE('',*,*,#9670,.F.);
#9670 = EDGE_CURVE('',#8149,#9663,#9671,.T.);
#9671 = LINE('',#9672,#9673);
#9672 = CARTESIAN_POINT('',(82.5,5.,-10.2));
#9673 = VECTOR('',#9674,1.);
#9674 = DIRECTION('',(0.,0.,1.));
#9675 = PLANE('',#9676);
#9676 = AXIS2_PLACEMENT_3D('',#9677,#9678,#9679);
#9677 = CARTESIAN_POINT('',(69.096625,5.,-5.540875));
#9678 = DIRECTION('',(-0.,-1.,-0.));
#9679 = DIRECTION('',(0.,0.,-1.));
#9680 = ADVANCED_FACE('',(#9681),#9692,.F.);
#9681 = FACE_BOUND('',#9682,.F.);
#9682 = EDGE_LOOP('',(#9683,#9684,#9690,#9691));
#9683 = ORIENTED_EDGE('',*,*,#7793,.F.);
#9684 = ORIENTED_EDGE('',*,*,#9685,.T.);
#9685 = EDGE_CURVE('',#7794,#8381,#9686,.T.);
#9686 = LINE('',#9687,#9688);
#9687 = CARTESIAN_POINT('',(52.,5.,-1.6));
#9688 = VECTOR('',#9689,1.);
#9689 = DIRECTION('',(-0.,-0.,-1.));
#9690 = ORIENTED_EDGE('',*,*,#8388,.F.);
#9691 = ORIENTED_EDGE('',*,*,#9635,.T.);
#9692 = PLANE('',#9693);
#9693 = AXIS2_PLACEMENT_3D('',#9694,#9695,#9696);
#9694 = CARTESIAN_POINT('',(52.,5.,-1.6));
#9695 = DIRECTION('',(0.,-1.,0.));
#9696 = DIRECTION('',(1.,0.,0.));
#9697 = ADVANCED_FACE('',(#9698),#9716,.F.);
#9698 = FACE_BOUND('',#9699,.F.);
#9699 = EDGE_LOOP('',(#9700,#9701,#9702,#9710));
#9700 = ORIENTED_EDGE('',*,*,#8067,.F.);
#9701 = ORIENTED_EDGE('',*,*,#9654,.T.);
#9702 = ORIENTED_EDGE('',*,*,#9703,.T.);
#9703 = EDGE_CURVE('',#9655,#9704,#9706,.T.);
#9704 = VERTEX_POINT('',#9705);
#9705 = CARTESIAN_POINT('',(78.5,11.5,-8.5));
#9706 = LINE('',#9707,#9708);
#9707 = CARTESIAN_POINT('',(78.5,10.95,-8.5));
#9708 = VECTOR('',#9709,1.);
#9709 = DIRECTION('',(0.,1.,0.));
#9710 = ORIENTED_EDGE('',*,*,#9711,.F.);
#9711 = EDGE_CURVE('',#8060,#9704,#9712,.T.);
#9712 = LINE('',#9713,#9714);
#9713 = CARTESIAN_POINT('',(78.5,11.5,-1.6));
#9714 = VECTOR('',#9715,1.);
#9715 = DIRECTION('',(-0.,-0.,-1.));
#9716 = PLANE('',#9717);
#9717 = AXIS2_PLACEMENT_3D('',#9718,#9719,#9720);
#9718 = CARTESIAN_POINT('',(78.5,5.,-1.6));
#9719 = DIRECTION('',(1.,0.,0.));
#9720 = DIRECTION('',(0.,1.,0.));
#9721 = ADVANCED_FACE('',(#9722),#9733,.F.);
#9722 = FACE_BOUND('',#9723,.F.);
#9723 = EDGE_LOOP('',(#9724,#9725,#9731,#9732));
#9724 = ORIENTED_EDGE('',*,*,#7801,.F.);
#9725 = ORIENTED_EDGE('',*,*,#9726,.T.);
#9726 = EDGE_CURVE('',#7802,#8373,#9727,.T.);
#9727 = LINE('',#9728,#9729);
#9728 = CARTESIAN_POINT('',(52.,28.8,-1.6));
#9729 = VECTOR('',#9730,1.);
#9730 = DIRECTION('',(-0.,-0.,-1.));
#9731 = ORIENTED_EDGE('',*,*,#8380,.F.);
#9732 = ORIENTED_EDGE('',*,*,#9685,.F.);
#9733 = PLANE('',#9734);
#9734 = AXIS2_PLACEMENT_3D('',#9735,#9736,#9737);
#9735 = CARTESIAN_POINT('',(52.,28.8,-1.6));
#9736 = DIRECTION('',(-1.,0.,0.));
#9737 = DIRECTION('',(0.,-1.,0.));
#9738 = ADVANCED_FACE('',(#9739),#9757,.F.);
#9739 = FACE_BOUND('',#9740,.F.);
#9740 = EDGE_LOOP('',(#9741,#9742,#9743,#9751));
#9741 = ORIENTED_EDGE('',*,*,#8059,.F.);
#9742 = ORIENTED_EDGE('',*,*,#9711,.T.);
#9743 = ORIENTED_EDGE('',*,*,#9744,.T.);
#9744 = EDGE_CURVE('',#9704,#9745,#9747,.T.);
#9745 = VERTEX_POINT('',#9746);
#9746 = CARTESIAN_POINT('',(76.5,11.5,-8.5));
#9747 = LINE('',#9748,#9749);
#9748 = CARTESIAN_POINT('',(75.05,11.5,-8.5));
#9749 = VECTOR('',#9750,1.);
#9750 = DIRECTION('',(-1.,0.,0.));
#9751 = ORIENTED_EDGE('',*,*,#9752,.F.);
#9752 = EDGE_CURVE('',#8052,#9745,#9753,.T.);
#9753 = LINE('',#9754,#9755);
#9754 = CARTESIAN_POINT('',(76.5,11.5,-1.6));
#9755 = VECTOR('',#9756,1.);
#9756 = DIRECTION('',(-0.,-0.,-1.));
#9757 = PLANE('',#9758);
#9758 = AXIS2_PLACEMENT_3D('',#9759,#9760,#9761);
#9759 = CARTESIAN_POINT('',(78.5,11.5,-1.6));
#9760 = DIRECTION('',(0.,1.,0.));
#9761 = DIRECTION('',(-1.,0.,0.));
#9762 = ADVANCED_FACE('',(#9763),#9774,.F.);
#9763 = FACE_BOUND('',#9764,.F.);
#9764 = EDGE_LOOP('',(#9765,#9771,#9772,#9773));
#9765 = ORIENTED_EDGE('',*,*,#9766,.F.);
#9766 = EDGE_CURVE('',#8365,#7810,#9767,.T.);
#9767 = LINE('',#9768,#9769);
#9768 = CARTESIAN_POINT('',(54.,28.8,-10.2));
#9769 = VECTOR('',#9770,1.);
#9770 = DIRECTION('',(0.,0.,1.));
#9771 = ORIENTED_EDGE('',*,*,#8372,.F.);
#9772 = ORIENTED_EDGE('',*,*,#9726,.F.);
#9773 = ORIENTED_EDGE('',*,*,#7809,.F.);
#9774 = PLANE('',#9775);
#9775 = AXIS2_PLACEMENT_3D('',#9776,#9777,#9778);
#9776 = CARTESIAN_POINT('',(59.3,28.8,-1.6));
#9777 = DIRECTION('',(0.,1.,0.));
#9778 = DIRECTION('',(-1.,0.,0.));
#9779 = ADVANCED_FACE('',(#9780),#9798,.F.);
#9780 = FACE_BOUND('',#9781,.F.);
#9781 = EDGE_LOOP('',(#9782,#9783,#9784,#9792));
#9782 = ORIENTED_EDGE('',*,*,#8051,.F.);
#9783 = ORIENTED_EDGE('',*,*,#9752,.T.);
#9784 = ORIENTED_EDGE('',*,*,#9785,.T.);
#9785 = EDGE_CURVE('',#9745,#9786,#9788,.T.);
#9786 = VERTEX_POINT('',#9787);
#9787 = CARTESIAN_POINT('',(76.5,5.,-8.5));
#9788 = LINE('',#9789,#9790);
#9789 = CARTESIAN_POINT('',(76.5,14.2,-8.5));
#9790 = VECTOR('',#9791,1.);
#9791 = DIRECTION('',(0.,-1.,0.));
#9792 = ORIENTED_EDGE('',*,*,#9793,.F.);
#9793 = EDGE_CURVE('',#8044,#9786,#9794,.T.);
#9794 = LINE('',#9795,#9796);
#9795 = CARTESIAN_POINT('',(76.5,5.,-1.6));
#9796 = VECTOR('',#9797,1.);
#9797 = DIRECTION('',(-0.,-0.,-1.));
#9798 = PLANE('',#9799);
#9799 = AXIS2_PLACEMENT_3D('',#9800,#9801,#9802);
#9800 = CARTESIAN_POINT('',(76.5,11.5,-1.6));
#9801 = DIRECTION('',(-1.,0.,0.));
#9802 = DIRECTION('',(0.,-1.,0.));
#9803 = ADVANCED_FACE('',(#9804),#9815,.T.);
#9804 = FACE_BOUND('',#9805,.T.);
#9805 = EDGE_LOOP('',(#9806,#9807,#9813,#9814));
#9806 = ORIENTED_EDGE('',*,*,#8364,.F.);
#9807 = ORIENTED_EDGE('',*,*,#9808,.T.);
#9808 = EDGE_CURVE('',#8357,#7818,#9809,.T.);
#9809 = LINE('',#9810,#9811);
#9810 = CARTESIAN_POINT('',(54.,29.8,-10.2));
#9811 = VECTOR('',#9812,1.);
#9812 = DIRECTION('',(0.,0.,1.));
#9813 = ORIENTED_EDGE('',*,*,#7817,.F.);
#9814 = ORIENTED_EDGE('',*,*,#9766,.F.);
#9815 = PLANE('',#9816);
#9816 = AXIS2_PLACEMENT_3D('',#9817,#9818,#9819);
#9817 = CARTESIAN_POINT('',(54.,29.8,-10.2));
#9818 = DIRECTION('',(1.,0.,0.));
#9819 = DIRECTION('',(0.,-1.,0.));
#9820 = ADVANCED_FACE('',(#9821),#9839,.T.);
#9821 = FACE_BOUND('',#9822,.T.);
#9822 = EDGE_LOOP('',(#9823,#9824,#9825,#9833));
#9823 = ORIENTED_EDGE('',*,*,#9793,.F.);
#9824 = ORIENTED_EDGE('',*,*,#8043,.F.);
#9825 = ORIENTED_EDGE('',*,*,#9826,.T.);
#9826 = EDGE_CURVE('',#8036,#9827,#9829,.T.);
#9827 = VERTEX_POINT('',#9828);
#9828 = CARTESIAN_POINT('',(72.5,5.,-8.5));
#9829 = LINE('',#9830,#9831);
#9830 = CARTESIAN_POINT('',(72.5,5.,-1.6));
#9831 = VECTOR('',#9832,1.);
#9832 = DIRECTION('',(-0.,-0.,-1.));
#9833 = ORIENTED_EDGE('',*,*,#9834,.T.);
#9834 = EDGE_CURVE('',#9827,#9786,#9835,.T.);
#9835 = LINE('',#9836,#9837);
#9836 = CARTESIAN_POINT('',(60.7,5.,-8.5));
#9837 = VECTOR('',#9838,1.);
#9838 = DIRECTION('',(1.,0.,0.));
#9839 = PLANE('',#9840);
#9840 = AXIS2_PLACEMENT_3D('',#9841,#9842,#9843);
#9841 = CARTESIAN_POINT('',(69.096625,5.,-5.540875));
#9842 = DIRECTION('',(-0.,-1.,-0.));
#9843 = DIRECTION('',(0.,0.,-1.));
#9844 = ADVANCED_FACE('',(#9845),#9888,.T.);
#9845 = FACE_BOUND('',#9846,.T.);
#9846 = EDGE_LOOP('',(#9847,#9857,#9865,#9873,#9879,#9880,#9881,#9882));
#9847 = ORIENTED_EDGE('',*,*,#9848,.F.);
#9848 = EDGE_CURVE('',#9849,#9851,#9853,.T.);
#9849 = VERTEX_POINT('',#9850);
#9850 = CARTESIAN_POINT('',(64.5,29.8,-10.2));
#9851 = VERTEX_POINT('',#9852);
#9852 = CARTESIAN_POINT('',(60.7,29.8,-10.2));
#9853 = LINE('',#9854,#9855);
#9854 = CARTESIAN_POINT('',(84.,29.8,-10.2));
#9855 = VECTOR('',#9856,1.);
#9856 = DIRECTION('',(-1.,0.,0.));
#9857 = ORIENTED_EDGE('',*,*,#9858,.T.);
#9858 = EDGE_CURVE('',#9849,#9859,#9861,.T.);
#9859 = VERTEX_POINT('',#9860);
#9860 = CARTESIAN_POINT('',(64.5,29.8,-8.7));
#9861 = LINE('',#9862,#9863);
#9862 = CARTESIAN_POINT('',(64.5,29.8,-10.2));
#9863 = VECTOR('',#9864,1.);
#9864 = DIRECTION('',(0.,0.,1.));
#9865 = ORIENTED_EDGE('',*,*,#9866,.F.);
#9866 = EDGE_CURVE('',#9867,#9859,#9869,.T.);
#9867 = VERTEX_POINT('',#9868);
#9868 = CARTESIAN_POINT('',(78.53210916542,29.8,-8.7));
#9869 = LINE('',#9870,#9871);
#9870 = CARTESIAN_POINT('',(78.75,29.8,-8.7));
#9871 = VECTOR('',#9872,1.);
#9872 = DIRECTION('',(-1.,0.,0.));
#9873 = ORIENTED_EDGE('',*,*,#9874,.T.);
#9874 = EDGE_CURVE('',#9867,#7826,#9875,.T.);
#9875 = LINE('',#9876,#9877);
#9876 = CARTESIAN_POINT('',(78.53210916542,29.8,-9.));
#9877 = VECTOR('',#9878,1.);
#9878 = DIRECTION('',(0.,0.,1.));
#9879 = ORIENTED_EDGE('',*,*,#7825,.F.);
#9880 = ORIENTED_EDGE('',*,*,#9808,.F.);
#9881 = ORIENTED_EDGE('',*,*,#8356,.F.);
#9882 = ORIENTED_EDGE('',*,*,#9883,.F.);
#9883 = EDGE_CURVE('',#9851,#8349,#9884,.T.);
#9884 = LINE('',#9885,#9886);
#9885 = CARTESIAN_POINT('',(60.7,29.8,-8.474168646081));
#9886 = VECTOR('',#9887,1.);
#9887 = DIRECTION('',(0.,0.,1.));
#9888 = PLANE('',#9889);
#9889 = AXIS2_PLACEMENT_3D('',#9890,#9891,#9892);
#9890 = CARTESIAN_POINT('',(84.,29.8,-10.2));
#9891 = DIRECTION('',(0.,-1.,0.));
#9892 = DIRECTION('',(-1.,0.,0.));
#9893 = ADVANCED_FACE('',(#9894),#9912,.F.);
#9894 = FACE_BOUND('',#9895,.F.);
#9895 = EDGE_LOOP('',(#9896,#9897,#9898,#9906));
#9896 = ORIENTED_EDGE('',*,*,#8035,.F.);
#9897 = ORIENTED_EDGE('',*,*,#9826,.T.);
#9898 = ORIENTED_EDGE('',*,*,#9899,.T.);
#9899 = EDGE_CURVE('',#9827,#9900,#9902,.T.);
#9900 = VERTEX_POINT('',#9901);
#9901 = CARTESIAN_POINT('',(72.5,11.5,-8.5));
#9902 = LINE('',#9903,#9904);
#9903 = CARTESIAN_POINT('',(72.5,10.95,-8.5));
#9904 = VECTOR('',#9905,1.);
#9905 = DIRECTION('',(0.,1.,0.));
#9906 = ORIENTED_EDGE('',*,*,#9907,.F.);
#9907 = EDGE_CURVE('',#8028,#9900,#9908,.T.);
#9908 = LINE('',#9909,#9910);
#9909 = CARTESIAN_POINT('',(72.5,11.5,-1.6));
#9910 = VECTOR('',#9911,1.);
#9911 = DIRECTION('',(-0.,-0.,-1.));
#9912 = PLANE('',#9913);
#9913 = AXIS2_PLACEMENT_3D('',#9914,#9915,#9916);
#9914 = CARTESIAN_POINT('',(72.5,5.,-1.6));
#9915 = DIRECTION('',(1.,0.,0.));
#9916 = DIRECTION('',(0.,1.,0.));
#9917 = ADVANCED_FACE('',(#9918),#9938,.F.);
#9918 = FACE_BOUND('',#9919,.T.);
#9919 = EDGE_LOOP('',(#9920,#9929,#9935,#9936,#9937));
#9920 = ORIENTED_EDGE('',*,*,#9921,.F.);
#9921 = EDGE_CURVE('',#9922,#9867,#9924,.T.);
#9922 = VERTEX_POINT('',#9923);
#9923 = CARTESIAN_POINT('',(79.66789083458,29.8,-8.7));
#9924 = CIRCLE('',#9925,1.15);
#9925 = AXIS2_PLACEMENT_3D('',#9926,#9927,#9928);
#9926 = CARTESIAN_POINT('',(79.1,30.8,-8.7));
#9927 = DIRECTION('',(0.,0.,1.));
#9928 = DIRECTION('',(-1.,0.,0.));
#9929 = ORIENTED_EDGE('',*,*,#9930,.T.);
#9930 = EDGE_CURVE('',#9922,#7843,#9931,.T.);
#9931 = LINE('',#9932,#9933);
#9932 = CARTESIAN_POINT('',(79.66789083458,29.8,-9.));
#9933 = VECTOR('',#9934,1.);
#9934 = DIRECTION('',(0.,0.,1.));
#9935 = ORIENTED_EDGE('',*,*,#7842,.T.);
#9936 = ORIENTED_EDGE('',*,*,#7833,.T.);
#9937 = ORIENTED_EDGE('',*,*,#9874,.F.);
#9938 = CYLINDRICAL_SURFACE('',#9939,1.15);
#9939 = AXIS2_PLACEMENT_3D('',#9940,#9941,#9942);
#9940 = CARTESIAN_POINT('',(79.1,30.8,-9.));
#9941 = DIRECTION('',(0.,0.,1.));
#9942 = DIRECTION('',(-1.,0.,0.));
#9943 = ADVANCED_FACE('',(#9944),#9962,.F.);
#9944 = FACE_BOUND('',#9945,.F.);
#9945 = EDGE_LOOP('',(#9946,#9947,#9948,#9956));
#9946 = ORIENTED_EDGE('',*,*,#8027,.F.);
#9947 = ORIENTED_EDGE('',*,*,#9907,.T.);
#9948 = ORIENTED_EDGE('',*,*,#9949,.T.);
#9949 = EDGE_CURVE('',#9900,#9950,#9952,.T.);
#9950 = VERTEX_POINT('',#9951);
#9951 = CARTESIAN_POINT('',(70.5,11.5,-8.5));
#9952 = LINE('',#9953,#9954);
#9953 = CARTESIAN_POINT('',(72.05,11.5,-8.5));
#9954 = VECTOR('',#9955,1.);
#9955 = DIRECTION('',(-1.,0.,0.));
#9956 = ORIENTED_EDGE('',*,*,#9957,.F.);
#9957 = EDGE_CURVE('',#8020,#9950,#9958,.T.);
#9958 = LINE('',#9959,#9960);
#9959 = CARTESIAN_POINT('',(70.5,11.5,-1.6));
#9960 = VECTOR('',#9961,1.);
#9961 = DIRECTION('',(-0.,-0.,-1.));
#9962 = PLANE('',#9963);
#9963 = AXIS2_PLACEMENT_3D('',#9964,#9965,#9966);
#9964 = CARTESIAN_POINT('',(72.5,11.5,-1.6));
#9965 = DIRECTION('',(0.,1.,0.));
#9966 = DIRECTION('',(-1.,0.,0.));
#9967 = ADVANCED_FACE('',(#9968),#9986,.F.);
#9968 = FACE_BOUND('',#9969,.F.);
#9969 = EDGE_LOOP('',(#9970,#9971,#9972,#9980));
#9970 = ORIENTED_EDGE('',*,*,#8019,.F.);
#9971 = ORIENTED_EDGE('',*,*,#9957,.T.);
#9972 = ORIENTED_EDGE('',*,*,#9973,.T.);
#9973 = EDGE_CURVE('',#9950,#9974,#9976,.T.);
#9974 = VERTEX_POINT('',#9975);
#9975 = CARTESIAN_POINT('',(70.5,5.,-8.5));
#9976 = LINE('',#9977,#9978);
#9977 = CARTESIAN_POINT('',(70.5,14.2,-8.5));
#9978 = VECTOR('',#9979,1.);
#9979 = DIRECTION('',(0.,-1.,0.));
#9980 = ORIENTED_EDGE('',*,*,#9981,.F.);
#9981 = EDGE_CURVE('',#8012,#9974,#9982,.T.);
#9982 = LINE('',#9983,#9984);
#9983 = CARTESIAN_POINT('',(70.5,5.,-1.6));
#9984 = VECTOR('',#9985,1.);
#9985 = DIRECTION('',(-0.,-0.,-1.));
#9986 = PLANE('',#9987);
#9987 = AXIS2_PLACEMENT_3D('',#9988,#9989,#9990);
#9988 = CARTESIAN_POINT('',(70.5,11.5,-1.6));
#9989 = DIRECTION('',(-1.,0.,0.));
#9990 = DIRECTION('',(0.,-1.,0.));
#9991 = ADVANCED_FACE('',(#9992),#10026,.T.);
#9992 = FACE_BOUND('',#9993,.T.);
#9993 = EDGE_LOOP('',(#9994,#10004,#10010,#10011,#10012,#10020));
#9994 = ORIENTED_EDGE('',*,*,#9995,.F.);
#9995 = EDGE_CURVE('',#9996,#9998,#10000,.T.);
#9996 = VERTEX_POINT('',#9997);
#9997 = CARTESIAN_POINT('',(84.,29.8,-10.2));
#9998 = VERTEX_POINT('',#9999);
#9999 = CARTESIAN_POINT('',(82.5,29.8,-10.2));
#10000 = LINE('',#10001,#10002);
#10001 = CARTESIAN_POINT('',(84.,29.8,-10.2));
#10002 = VECTOR('',#10003,1.);
#10003 = DIRECTION('',(-1.,0.,0.));
#10004 = ORIENTED_EDGE('',*,*,#10005,.T.);
#10005 = EDGE_CURVE('',#9996,#7852,#10006,.T.);
#10006 = LINE('',#10007,#10008);
#10007 = CARTESIAN_POINT('',(84.,29.8,-10.2));
#10008 = VECTOR('',#10009,1.);
#10009 = DIRECTION('',(0.,0.,1.));
#10010 = ORIENTED_EDGE('',*,*,#7851,.F.);
#10011 = ORIENTED_EDGE('',*,*,#9930,.F.);
#10012 = ORIENTED_EDGE('',*,*,#10013,.F.);
#10013 = EDGE_CURVE('',#10014,#9922,#10016,.T.);
#10014 = VERTEX_POINT('',#10015);
#10015 = CARTESIAN_POINT('',(82.5,29.8,-8.7));
#10016 = LINE('',#10017,#10018);
#10017 = CARTESIAN_POINT('',(78.75,29.8,-8.7));
#10018 = VECTOR('',#10019,1.);
#10019 = DIRECTION('',(-1.,0.,0.));
#10020 = ORIENTED_EDGE('',*,*,#10021,.T.);
#10021 = EDGE_CURVE('',#10014,#9998,#10022,.T.);
#10022 = LINE('',#10023,#10024);
#10023 = CARTESIAN_POINT('',(82.5,29.8,-10.2));
#10024 = VECTOR('',#10025,1.);
#10025 = DIRECTION('',(-0.,-0.,-1.));
#10026 = PLANE('',#10027);
#10027 = AXIS2_PLACEMENT_3D('',#10028,#10029,#10030);
#10028 = CARTESIAN_POINT('',(84.,29.8,-10.2));
#10029 = DIRECTION('',(0.,-1.,0.));
#10030 = DIRECTION('',(-1.,0.,0.));
#10031 = ADVANCED_FACE('',(#10032),#10050,.T.);
#10032 = FACE_BOUND('',#10033,.T.);
#10033 = EDGE_LOOP('',(#10034,#10035,#10036,#10044));
#10034 = ORIENTED_EDGE('',*,*,#9981,.F.);
#10035 = ORIENTED_EDGE('',*,*,#8011,.F.);
#10036 = ORIENTED_EDGE('',*,*,#10037,.T.);
#10037 = EDGE_CURVE('',#8004,#10038,#10040,.T.);
#10038 = VERTEX_POINT('',#10039);
#10039 = CARTESIAN_POINT('',(66.5,5.,-8.5));
#10040 = LINE('',#10041,#10042);
#10041 = CARTESIAN_POINT('',(66.5,5.,-1.6));
#10042 = VECTOR('',#10043,1.);
#10043 = DIRECTION('',(-0.,-0.,-1.));
#10044 = ORIENTED_EDGE('',*,*,#10045,.T.);
#10045 = EDGE_CURVE('',#10038,#9974,#10046,.T.);
#10046 = LINE('',#10047,#10048);
#10047 = CARTESIAN_POINT('',(60.7,5.,-8.5));
#10048 = VECTOR('',#10049,1.);
#10049 = DIRECTION('',(1.,0.,0.));
#10050 = PLANE('',#10051);
#10051 = AXIS2_PLACEMENT_3D('',#10052,#10053,#10054);
#10052 = CARTESIAN_POINT('',(69.096625,5.,-5.540875));
#10053 = DIRECTION('',(-0.,-1.,-0.));
#10054 = DIRECTION('',(0.,0.,-1.));
#10055 = ADVANCED_FACE('',(#10056),#10074,.T.);
#10056 = FACE_BOUND('',#10057,.T.);
#10057 = EDGE_LOOP('',(#10058,#10066,#10072,#10073));
#10058 = ORIENTED_EDGE('',*,*,#10059,.F.);
#10059 = EDGE_CURVE('',#10060,#9996,#10062,.T.);
#10060 = VERTEX_POINT('',#10061);
#10061 = CARTESIAN_POINT('',(84.,28.8,-10.2));
#10062 = LINE('',#10063,#10064);
#10063 = CARTESIAN_POINT('',(84.,28.8,-10.2));
#10064 = VECTOR('',#10065,1.);
#10065 = DIRECTION('',(0.,1.,0.));
#10066 = ORIENTED_EDGE('',*,*,#10067,.T.);
#10067 = EDGE_CURVE('',#10060,#7860,#10068,.T.);
#10068 = LINE('',#10069,#10070);
#10069 = CARTESIAN_POINT('',(84.,28.8,-10.2));
#10070 = VECTOR('',#10071,1.);
#10071 = DIRECTION('',(0.,0.,1.));
#10072 = ORIENTED_EDGE('',*,*,#7859,.F.);
#10073 = ORIENTED_EDGE('',*,*,#10005,.F.);
#10074 = PLANE('',#10075);
#10075 = AXIS2_PLACEMENT_3D('',#10076,#10077,#10078);
#10076 = CARTESIAN_POINT('',(84.,28.8,-10.2));
#10077 = DIRECTION('',(-1.,0.,0.));
#10078 = DIRECTION('',(0.,1.,0.));
#10079 = ADVANCED_FACE('',(#10080),#10098,.F.);
#10080 = FACE_BOUND('',#10081,.F.);
#10081 = EDGE_LOOP('',(#10082,#10083,#10084,#10092));
#10082 = ORIENTED_EDGE('',*,*,#8003,.F.);
#10083 = ORIENTED_EDGE('',*,*,#10037,.T.);
#10084 = ORIENTED_EDGE('',*,*,#10085,.T.);
#10085 = EDGE_CURVE('',#10038,#10086,#10088,.T.);
#10086 = VERTEX_POINT('',#10087);
#10087 = CARTESIAN_POINT('',(66.5,11.5,-8.5));
#10088 = LINE('',#10089,#10090);
#10089 = CARTESIAN_POINT('',(66.5,10.95,-8.5));
#10090 = VECTOR('',#10091,1.);
#10091 = DIRECTION('',(0.,1.,0.));
#10092 = ORIENTED_EDGE('',*,*,#10093,.F.);
#10093 = EDGE_CURVE('',#7996,#10086,#10094,.T.);
#10094 = LINE('',#10095,#10096);
#10095 = CARTESIAN_POINT('',(66.5,11.5,-1.6));
#10096 = VECTOR('',#10097,1.);
#10097 = DIRECTION('',(-0.,-0.,-1.));
#10098 = PLANE('',#10099);
#10099 = AXIS2_PLACEMENT_3D('',#10100,#10101,#10102);
#10100 = CARTESIAN_POINT('',(66.5,5.,-1.6));
#10101 = DIRECTION('',(1.,0.,0.));
#10102 = DIRECTION('',(0.,1.,0.));
#10103 = ADVANCED_FACE('',(#10104),#10138,.T.);
#10104 = FACE_BOUND('',#10105,.T.);
#10105 = EDGE_LOOP('',(#10106,#10114,#10115,#10116,#10124,#10132));
#10106 = ORIENTED_EDGE('',*,*,#10107,.F.);
#10107 = EDGE_CURVE('',#7868,#10108,#10110,.T.);
#10108 = VERTEX_POINT('',#10109);
#10109 = CARTESIAN_POINT('',(81.5,28.8,-8.5));
#10110 = LINE('',#10111,#10112);
#10111 = CARTESIAN_POINT('',(81.5,28.8,-1.6));
#10112 = VECTOR('',#10113,1.);
#10113 = DIRECTION('',(-0.,-0.,-1.));
#10114 = ORIENTED_EDGE('',*,*,#7867,.F.);
#10115 = ORIENTED_EDGE('',*,*,#10067,.F.);
#10116 = ORIENTED_EDGE('',*,*,#10117,.F.);
#10117 = EDGE_CURVE('',#10118,#10060,#10120,.T.);
#10118 = VERTEX_POINT('',#10119);
#10119 = CARTESIAN_POINT('',(82.5,28.8,-10.2));
#10120 = LINE('',#10121,#10122);
#10121 = CARTESIAN_POINT('',(54.,28.8,-10.2));
#10122 = VECTOR('',#10123,1.);
#10123 = DIRECTION('',(1.,0.,0.));
#10124 = ORIENTED_EDGE('',*,*,#10125,.T.);
#10125 = EDGE_CURVE('',#10118,#10126,#10128,.T.);
#10126 = VERTEX_POINT('',#10127);
#10127 = CARTESIAN_POINT('',(82.5,28.8,-8.5));
#10128 = LINE('',#10129,#10130);
#10129 = CARTESIAN_POINT('',(82.5,28.8,-10.2));
#10130 = VECTOR('',#10131,1.);
#10131 = DIRECTION('',(0.,0.,1.));
#10132 = ORIENTED_EDGE('',*,*,#10133,.T.);
#10133 = EDGE_CURVE('',#10126,#10108,#10134,.T.);
#10134 = LINE('',#10135,#10136);
#10135 = CARTESIAN_POINT('',(82.5,28.8,-8.5));
#10136 = VECTOR('',#10137,1.);
#10137 = DIRECTION('',(-1.,0.,0.));
#10138 = PLANE('',#10139);
#10139 = AXIS2_PLACEMENT_3D('',#10140,#10141,#10142);
#10140 = CARTESIAN_POINT('',(69.096625,28.8,-5.540875));
#10141 = DIRECTION('',(0.,1.,0.));
#10142 = DIRECTION('',(0.,0.,1.));
#10143 = ADVANCED_FACE('',(#10144),#10162,.F.);
#10144 = FACE_BOUND('',#10145,.F.);
#10145 = EDGE_LOOP('',(#10146,#10147,#10148,#10156));
#10146 = ORIENTED_EDGE('',*,*,#7995,.F.);
#10147 = ORIENTED_EDGE('',*,*,#10093,.T.);
#10148 = ORIENTED_EDGE('',*,*,#10149,.T.);
#10149 = EDGE_CURVE('',#10086,#10150,#10152,.T.);
#10150 = VERTEX_POINT('',#10151);
#10151 = CARTESIAN_POINT('',(64.5,11.5,-8.5));
#10152 = LINE('',#10153,#10154);
#10153 = CARTESIAN_POINT('',(69.05,11.5,-8.5));
#10154 = VECTOR('',#10155,1.);
#10155 = DIRECTION('',(-1.,0.,0.));
#10156 = ORIENTED_EDGE('',*,*,#10157,.F.);
#10157 = EDGE_CURVE('',#7988,#10150,#10158,.T.);
#10158 = LINE('',#10159,#10160);
#10159 = CARTESIAN_POINT('',(64.5,11.5,-1.6));
#10160 = VECTOR('',#10161,1.);
#10161 = DIRECTION('',(-0.,-0.,-1.));
#10162 = PLANE('',#10163);
#10163 = AXIS2_PLACEMENT_3D('',#10164,#10165,#10166);
#10164 = CARTESIAN_POINT('',(66.5,11.5,-1.6));
#10165 = DIRECTION('',(0.,1.,0.));
#10166 = DIRECTION('',(-1.,0.,0.));
#10167 = ADVANCED_FACE('',(#10168),#10186,.F.);
#10168 = FACE_BOUND('',#10169,.F.);
#10169 = EDGE_LOOP('',(#10170,#10171,#10179,#10185));
#10170 = ORIENTED_EDGE('',*,*,#7875,.F.);
#10171 = ORIENTED_EDGE('',*,*,#10172,.T.);
#10172 = EDGE_CURVE('',#7876,#10173,#10175,.T.);
#10173 = VERTEX_POINT('',#10174);
#10174 = CARTESIAN_POINT('',(81.5,22.3,-8.5));
#10175 = LINE('',#10176,#10177);
#10176 = CARTESIAN_POINT('',(81.5,22.3,-1.6));
#10177 = VECTOR('',#10178,1.);
#10178 = DIRECTION('',(-0.,-0.,-1.));
#10179 = ORIENTED_EDGE('',*,*,#10180,.T.);
#10180 = EDGE_CURVE('',#10173,#10108,#10181,.T.);
#10181 = LINE('',#10182,#10183);
#10182 = CARTESIAN_POINT('',(81.5,19.6,-8.5));
#10183 = VECTOR('',#10184,1.);
#10184 = DIRECTION('',(0.,1.,0.));
#10185 = ORIENTED_EDGE('',*,*,#10107,.F.);
#10186 = PLANE('',#10187);
#10187 = AXIS2_PLACEMENT_3D('',#10188,#10189,#10190);
#10188 = CARTESIAN_POINT('',(81.5,22.3,-1.6));
#10189 = DIRECTION('',(1.,0.,0.));
#10190 = DIRECTION('',(0.,1.,0.));
#10191 = ADVANCED_FACE('',(#10192),#10210,.F.);
#10192 = FACE_BOUND('',#10193,.F.);
#10193 = EDGE_LOOP('',(#10194,#10195,#10196,#10204));
#10194 = ORIENTED_EDGE('',*,*,#7987,.F.);
#10195 = ORIENTED_EDGE('',*,*,#10157,.T.);
#10196 = ORIENTED_EDGE('',*,*,#10197,.T.);
#10197 = EDGE_CURVE('',#10150,#10198,#10200,.T.);
#10198 = VERTEX_POINT('',#10199);
#10199 = CARTESIAN_POINT('',(64.5,5.,-8.5));
#10200 = LINE('',#10201,#10202);
#10201 = CARTESIAN_POINT('',(64.5,14.2,-8.5));
#10202 = VECTOR('',#10203,1.);
#10203 = DIRECTION('',(0.,-1.,0.));
#10204 = ORIENTED_EDGE('',*,*,#10205,.F.);
#10205 = EDGE_CURVE('',#7980,#10198,#10206,.T.);
#10206 = LINE('',#10207,#10208);
#10207 = CARTESIAN_POINT('',(64.5,5.,-1.6));
#10208 = VECTOR('',#10209,1.);
#10209 = DIRECTION('',(-0.,-0.,-1.));
#10210 = PLANE('',#10211);
#10211 = AXIS2_PLACEMENT_3D('',#10212,#10213,#10214);
#10212 = CARTESIAN_POINT('',(64.5,11.5,-1.6));
#10213 = DIRECTION('',(-1.,0.,0.));
#10214 = DIRECTION('',(0.,-1.,0.));
#10215 = ADVANCED_FACE('',(#10216),#10234,.F.);
#10216 = FACE_BOUND('',#10217,.F.);
#10217 = EDGE_LOOP('',(#10218,#10219,#10227,#10233));
#10218 = ORIENTED_EDGE('',*,*,#7883,.F.);
#10219 = ORIENTED_EDGE('',*,*,#10220,.T.);
#10220 = EDGE_CURVE('',#7884,#10221,#10223,.T.);
#10221 = VERTEX_POINT('',#10222);
#10222 = CARTESIAN_POINT('',(79.5,22.3,-8.5));
#10223 = LINE('',#10224,#10225);
#10224 = CARTESIAN_POINT('',(79.5,22.3,-1.6));
#10225 = VECTOR('',#10226,1.);
#10226 = DIRECTION('',(-0.,-0.,-1.));
#10227 = ORIENTED_EDGE('',*,*,#10228,.T.);
#10228 = EDGE_CURVE('',#10221,#10173,#10229,.T.);
#10229 = LINE('',#10230,#10231);
#10230 = CARTESIAN_POINT('',(75.55,22.3,-8.5));
#10231 = VECTOR('',#10232,1.);
#10232 = DIRECTION('',(1.,0.,0.));
#10233 = ORIENTED_EDGE('',*,*,#10172,.F.);
#10234 = PLANE('',#10235);
#10235 = AXIS2_PLACEMENT_3D('',#10236,#10237,#10238);
#10236 = CARTESIAN_POINT('',(79.5,22.3,-1.6));
#10237 = DIRECTION('',(0.,-1.,0.));
#10238 = DIRECTION('',(1.,0.,0.));
#10239 = ADVANCED_FACE('',(#10240),#10306,.T.);
#10240 = FACE_BOUND('',#10241,.T.);
#10241 = EDGE_LOOP('',(#10242,#10243,#10244,#10252,#10260,#10268,#10276,
    #10284,#10292,#10300));
#10242 = ORIENTED_EDGE('',*,*,#10205,.F.);
#10243 = ORIENTED_EDGE('',*,*,#7979,.F.);
#10244 = ORIENTED_EDGE('',*,*,#10245,.T.);
#10245 = EDGE_CURVE('',#7972,#10246,#10248,.T.);
#10246 = VERTEX_POINT('',#10247);
#10247 = CARTESIAN_POINT('',(59.3,5.,-4.7));
#10248 = LINE('',#10249,#10250);
#10249 = CARTESIAN_POINT('',(59.3,5.,-1.6));
#10250 = VECTOR('',#10251,1.);
#10251 = DIRECTION('',(-0.,-0.,-1.));
#10252 = ORIENTED_EDGE('',*,*,#10253,.F.);
#10253 = EDGE_CURVE('',#10254,#10246,#10256,.T.);
#10254 = VERTEX_POINT('',#10255);
#10255 = CARTESIAN_POINT('',(60.7,5.,-4.7));
#10256 = LINE('',#10257,#10258);
#10257 = CARTESIAN_POINT('',(63.5,5.,-4.7));
#10258 = VECTOR('',#10259,1.);
#10259 = DIRECTION('',(-1.,0.,0.));
#10260 = ORIENTED_EDGE('',*,*,#10261,.F.);
#10261 = EDGE_CURVE('',#10262,#10254,#10264,.T.);
#10262 = VERTEX_POINT('',#10263);
#10263 = CARTESIAN_POINT('',(60.7,5.,-7.4));
#10264 = LINE('',#10265,#10266);
#10265 = CARTESIAN_POINT('',(60.7,5.,-8.474168646081));
#10266 = VECTOR('',#10267,1.);
#10267 = DIRECTION('',(0.,0.,1.));
#10268 = ORIENTED_EDGE('',*,*,#10269,.F.);
#10269 = EDGE_CURVE('',#10270,#10262,#10272,.T.);
#10270 = VERTEX_POINT('',#10271);
#10271 = CARTESIAN_POINT('',(59.3,5.,-7.4));
#10272 = LINE('',#10273,#10274);
#10273 = CARTESIAN_POINT('',(51.85,5.,-7.4));
#10274 = VECTOR('',#10275,1.);
#10275 = DIRECTION('',(1.,0.,0.));
#10276 = ORIENTED_EDGE('',*,*,#10277,.F.);
#10277 = EDGE_CURVE('',#10278,#10270,#10280,.T.);
#10278 = VERTEX_POINT('',#10279);
#10279 = CARTESIAN_POINT('',(59.3,5.,-10.2));
#10280 = LINE('',#10281,#10282);
#10281 = CARTESIAN_POINT('',(59.3,5.,-10.2));
#10282 = VECTOR('',#10283,1.);
#10283 = DIRECTION('',(0.,0.,1.));
#10284 = ORIENTED_EDGE('',*,*,#10285,.F.);
#10285 = EDGE_CURVE('',#10286,#10278,#10288,.T.);
#10286 = VERTEX_POINT('',#10287);
#10287 = CARTESIAN_POINT('',(60.7,5.,-10.2));
#10288 = LINE('',#10289,#10290);
#10289 = CARTESIAN_POINT('',(84.,5.,-10.2));
#10290 = VECTOR('',#10291,1.);
#10291 = DIRECTION('',(-1.,0.,0.));
#10292 = ORIENTED_EDGE('',*,*,#10293,.T.);
#10293 = EDGE_CURVE('',#10286,#10294,#10296,.T.);
#10294 = VERTEX_POINT('',#10295);
#10295 = CARTESIAN_POINT('',(60.7,5.,-8.5));
#10296 = LINE('',#10297,#10298);
#10297 = CARTESIAN_POINT('',(60.7,5.,-10.2));
#10298 = VECTOR('',#10299,1.);
#10299 = DIRECTION('',(0.,0.,1.));
#10300 = ORIENTED_EDGE('',*,*,#10301,.T.);
#10301 = EDGE_CURVE('',#10294,#10198,#10302,.T.);
#10302 = LINE('',#10303,#10304);
#10303 = CARTESIAN_POINT('',(60.7,5.,-8.5));
#10304 = VECTOR('',#10305,1.);
#10305 = DIRECTION('',(1.,0.,0.));
#10306 = PLANE('',#10307);
#10307 = AXIS2_PLACEMENT_3D('',#10308,#10309,#10310);
#10308 = CARTESIAN_POINT('',(69.096625,5.,-5.540875));
#10309 = DIRECTION('',(-0.,-1.,-0.));
#10310 = DIRECTION('',(0.,0.,-1.));
#10311 = ADVANCED_FACE('',(#10312),#10330,.F.);
#10312 = FACE_BOUND('',#10313,.F.);
#10313 = EDGE_LOOP('',(#10314,#10315,#10323,#10329));
#10314 = ORIENTED_EDGE('',*,*,#7891,.F.);
#10315 = ORIENTED_EDGE('',*,*,#10316,.T.);
#10316 = EDGE_CURVE('',#7892,#10317,#10319,.T.);
#10317 = VERTEX_POINT('',#10318);
#10318 = CARTESIAN_POINT('',(79.5,28.8,-8.5));
#10319 = LINE('',#10320,#10321);
#10320 = CARTESIAN_POINT('',(79.5,28.8,-1.6));
#10321 = VECTOR('',#10322,1.);
#10322 = DIRECTION('',(-0.,-0.,-1.));
#10323 = ORIENTED_EDGE('',*,*,#10324,.T.);
#10324 = EDGE_CURVE('',#10317,#10221,#10325,.T.);
#10325 = LINE('',#10326,#10327);
#10326 = CARTESIAN_POINT('',(79.5,22.85,-8.5));
#10327 = VECTOR('',#10328,1.);
#10328 = DIRECTION('',(0.,-1.,0.));
#10329 = ORIENTED_EDGE('',*,*,#10220,.F.);
#10330 = PLANE('',#10331);
#10331 = AXIS2_PLACEMENT_3D('',#10332,#10333,#10334);
#10332 = CARTESIAN_POINT('',(79.5,28.8,-1.6));
#10333 = DIRECTION('',(-1.,0.,0.));
#10334 = DIRECTION('',(0.,-1.,0.));
#10335 = ADVANCED_FACE('',(#10336),#10354,.F.);
#10336 = FACE_BOUND('',#10337,.F.);
#10337 = EDGE_LOOP('',(#10338,#10339,#10347,#10353));
#10338 = ORIENTED_EDGE('',*,*,#10245,.T.);
#10339 = ORIENTED_EDGE('',*,*,#10340,.F.);
#10340 = EDGE_CURVE('',#10341,#10246,#10343,.T.);
#10341 = VERTEX_POINT('',#10342);
#10342 = CARTESIAN_POINT('',(59.3,28.8,-4.7));
#10343 = LINE('',#10344,#10345);
#10344 = CARTESIAN_POINT('',(59.3,10.95,-4.7));
#10345 = VECTOR('',#10346,1.);
#10346 = DIRECTION('',(0.,-1.,0.));
#10347 = ORIENTED_EDGE('',*,*,#10348,.F.);
#10348 = EDGE_CURVE('',#7964,#10341,#10349,.T.);
#10349 = LINE('',#10350,#10351);
#10350 = CARTESIAN_POINT('',(59.3,28.8,-1.6));
#10351 = VECTOR('',#10352,1.);
#10352 = DIRECTION('',(-0.,-0.,-1.));
#10353 = ORIENTED_EDGE('',*,*,#7971,.F.);
#10354 = PLANE('',#10355);
#10355 = AXIS2_PLACEMENT_3D('',#10356,#10357,#10358);
#10356 = CARTESIAN_POINT('',(59.3,5.,-1.6));
#10357 = DIRECTION('',(1.,0.,0.));
#10358 = DIRECTION('',(0.,1.,0.));
#10359 = ADVANCED_FACE('',(#10360),#10378,.T.);
#10360 = FACE_BOUND('',#10361,.T.);
#10361 = EDGE_LOOP('',(#10362,#10370,#10371,#10372));
#10362 = ORIENTED_EDGE('',*,*,#10363,.F.);
#10363 = EDGE_CURVE('',#7900,#10364,#10366,.T.);
#10364 = VERTEX_POINT('',#10365);
#10365 = CARTESIAN_POINT('',(75.5,28.8,-8.5));
#10366 = LINE('',#10367,#10368);
#10367 = CARTESIAN_POINT('',(75.5,28.8,-1.6));
#10368 = VECTOR('',#10369,1.);
#10369 = DIRECTION('',(-0.,-0.,-1.));
#10370 = ORIENTED_EDGE('',*,*,#7899,.F.);
#10371 = ORIENTED_EDGE('',*,*,#10316,.T.);
#10372 = ORIENTED_EDGE('',*,*,#10373,.T.);
#10373 = EDGE_CURVE('',#10317,#10364,#10374,.T.);
#10374 = LINE('',#10375,#10376);
#10375 = CARTESIAN_POINT('',(82.5,28.8,-8.5));
#10376 = VECTOR('',#10377,1.);
#10377 = DIRECTION('',(-1.,0.,0.));
#10378 = PLANE('',#10379);
#10379 = AXIS2_PLACEMENT_3D('',#10380,#10381,#10382);
#10380 = CARTESIAN_POINT('',(69.096625,28.8,-5.540875));
#10381 = DIRECTION('',(0.,1.,0.));
#10382 = DIRECTION('',(0.,0.,1.));
#10383 = ADVANCED_FACE('',(#10384),#10450,.T.);
#10384 = FACE_BOUND('',#10385,.T.);
#10385 = EDGE_LOOP('',(#10386,#10394,#10395,#10396,#10404,#10412,#10420,
    #10428,#10436,#10444));
#10386 = ORIENTED_EDGE('',*,*,#10387,.F.);
#10387 = EDGE_CURVE('',#10341,#10388,#10390,.T.);
#10388 = VERTEX_POINT('',#10389);
#10389 = CARTESIAN_POINT('',(60.7,28.8,-4.7));
#10390 = LINE('',#10391,#10392);
#10391 = CARTESIAN_POINT('',(48.5,28.8,-4.7));
#10392 = VECTOR('',#10393,1.);
#10393 = DIRECTION('',(1.,0.,0.));
#10394 = ORIENTED_EDGE('',*,*,#10348,.F.);
#10395 = ORIENTED_EDGE('',*,*,#7963,.F.);
#10396 = ORIENTED_EDGE('',*,*,#10397,.T.);
#10397 = EDGE_CURVE('',#7956,#10398,#10400,.T.);
#10398 = VERTEX_POINT('',#10399);
#10399 = CARTESIAN_POINT('',(67.5,28.8,-8.5));
#10400 = LINE('',#10401,#10402);
#10401 = CARTESIAN_POINT('',(67.5,28.8,-1.6));
#10402 = VECTOR('',#10403,1.);
#10403 = DIRECTION('',(-0.,-0.,-1.));
#10404 = ORIENTED_EDGE('',*,*,#10405,.T.);
#10405 = EDGE_CURVE('',#10398,#10406,#10408,.T.);
#10406 = VERTEX_POINT('',#10407);
#10407 = CARTESIAN_POINT('',(60.7,28.8,-8.5));
#10408 = LINE('',#10409,#10410);
#10409 = CARTESIAN_POINT('',(82.5,28.8,-8.5));
#10410 = VECTOR('',#10411,1.);
#10411 = DIRECTION('',(-1.,0.,0.));
#10412 = ORIENTED_EDGE('',*,*,#10413,.F.);
#10413 = EDGE_CURVE('',#10414,#10406,#10416,.T.);
#10414 = VERTEX_POINT('',#10415);
#10415 = CARTESIAN_POINT('',(60.7,28.8,-10.2));
#10416 = LINE('',#10417,#10418);
#10417 = CARTESIAN_POINT('',(60.7,28.8,-10.2));
#10418 = VECTOR('',#10419,1.);
#10419 = DIRECTION('',(0.,0.,1.));
#10420 = ORIENTED_EDGE('',*,*,#10421,.F.);
#10421 = EDGE_CURVE('',#10422,#10414,#10424,.T.);
#10422 = VERTEX_POINT('',#10423);
#10423 = CARTESIAN_POINT('',(59.3,28.8,-10.2));
#10424 = LINE('',#10425,#10426);
#10425 = CARTESIAN_POINT('',(59.3,28.8,-10.2));
#10426 = VECTOR('',#10427,1.);
#10427 = DIRECTION('',(1.,0.,0.));
#10428 = ORIENTED_EDGE('',*,*,#10429,.T.);
#10429 = EDGE_CURVE('',#10422,#10430,#10432,.T.);
#10430 = VERTEX_POINT('',#10431);
#10431 = CARTESIAN_POINT('',(59.3,28.8,-7.4));
#10432 = LINE('',#10433,#10434);
#10433 = CARTESIAN_POINT('',(59.3,28.8,-10.2));
#10434 = VECTOR('',#10435,1.);
#10435 = DIRECTION('',(0.,0.,1.));
#10436 = ORIENTED_EDGE('',*,*,#10437,.F.);
#10437 = EDGE_CURVE('',#10438,#10430,#10440,.T.);
#10438 = VERTEX_POINT('',#10439);
#10439 = CARTESIAN_POINT('',(60.7,28.8,-7.4));
#10440 = LINE('',#10441,#10442);
#10441 = CARTESIAN_POINT('',(51.15,28.8,-7.4));
#10442 = VECTOR('',#10443,1.);
#10443 = DIRECTION('',(-1.,0.,0.));
#10444 = ORIENTED_EDGE('',*,*,#10445,.F.);
#10445 = EDGE_CURVE('',#10388,#10438,#10446,.T.);
#10446 = LINE('',#10447,#10448);
#10447 = CARTESIAN_POINT('',(60.7,28.8,-8.474168646081));
#10448 = VECTOR('',#10449,1.);
#10449 = DIRECTION('',(0.,0.,-1.));
#10450 = PLANE('',#10451);
#10451 = AXIS2_PLACEMENT_3D('',#10452,#10453,#10454);
#10452 = CARTESIAN_POINT('',(69.096625,28.8,-5.540875));
#10453 = DIRECTION('',(0.,1.,0.));
#10454 = DIRECTION('',(0.,0.,1.));
#10455 = ADVANCED_FACE('',(#10456),#10474,.F.);
#10456 = FACE_BOUND('',#10457,.F.);
#10457 = EDGE_LOOP('',(#10458,#10459,#10467,#10473));
#10458 = ORIENTED_EDGE('',*,*,#7907,.F.);
#10459 = ORIENTED_EDGE('',*,*,#10460,.T.);
#10460 = EDGE_CURVE('',#7908,#10461,#10463,.T.);
#10461 = VERTEX_POINT('',#10462);
#10462 = CARTESIAN_POINT('',(75.5,22.3,-8.5));
#10463 = LINE('',#10464,#10465);
#10464 = CARTESIAN_POINT('',(75.5,22.3,-1.6));
#10465 = VECTOR('',#10466,1.);
#10466 = DIRECTION('',(-0.,-0.,-1.));
#10467 = ORIENTED_EDGE('',*,*,#10468,.T.);
#10468 = EDGE_CURVE('',#10461,#10364,#10469,.T.);
#10469 = LINE('',#10470,#10471);
#10470 = CARTESIAN_POINT('',(75.5,19.6,-8.5));
#10471 = VECTOR('',#10472,1.);
#10472 = DIRECTION('',(0.,1.,0.));
#10473 = ORIENTED_EDGE('',*,*,#10363,.F.);
#10474 = PLANE('',#10475);
#10475 = AXIS2_PLACEMENT_3D('',#10476,#10477,#10478);
#10476 = CARTESIAN_POINT('',(75.5,22.3,-1.6));
#10477 = DIRECTION('',(1.,0.,0.));
#10478 = DIRECTION('',(0.,1.,0.));
#10479 = ADVANCED_FACE('',(#10480),#10498,.F.);
#10480 = FACE_BOUND('',#10481,.F.);
#10481 = EDGE_LOOP('',(#10482,#10483,#10484,#10492));
#10482 = ORIENTED_EDGE('',*,*,#7955,.F.);
#10483 = ORIENTED_EDGE('',*,*,#10397,.T.);
#10484 = ORIENTED_EDGE('',*,*,#10485,.T.);
#10485 = EDGE_CURVE('',#10398,#10486,#10488,.T.);
#10486 = VERTEX_POINT('',#10487);
#10487 = CARTESIAN_POINT('',(67.5,22.3,-8.5));
#10488 = LINE('',#10489,#10490);
#10489 = CARTESIAN_POINT('',(67.5,22.85,-8.5));
#10490 = VECTOR('',#10491,1.);
#10491 = DIRECTION('',(0.,-1.,0.));
#10492 = ORIENTED_EDGE('',*,*,#10493,.F.);
#10493 = EDGE_CURVE('',#7948,#10486,#10494,.T.);
#10494 = LINE('',#10495,#10496);
#10495 = CARTESIAN_POINT('',(67.5,22.3,-1.6));
#10496 = VECTOR('',#10497,1.);
#10497 = DIRECTION('',(-0.,-0.,-1.));
#10498 = PLANE('',#10499);
#10499 = AXIS2_PLACEMENT_3D('',#10500,#10501,#10502);
#10500 = CARTESIAN_POINT('',(67.5,28.8,-1.6));
#10501 = DIRECTION('',(-1.,0.,0.));
#10502 = DIRECTION('',(0.,-1.,0.));
#10503 = ADVANCED_FACE('',(#10504),#10522,.F.);
#10504 = FACE_BOUND('',#10505,.F.);
#10505 = EDGE_LOOP('',(#10506,#10507,#10515,#10521));
#10506 = ORIENTED_EDGE('',*,*,#7915,.F.);
#10507 = ORIENTED_EDGE('',*,*,#10508,.T.);
#10508 = EDGE_CURVE('',#7916,#10509,#10511,.T.);
#10509 = VERTEX_POINT('',#10510);
#10510 = CARTESIAN_POINT('',(73.5,22.3,-8.5));
#10511 = LINE('',#10512,#10513);
#10512 = CARTESIAN_POINT('',(73.5,22.3,-1.6));
#10513 = VECTOR('',#10514,1.);
#10514 = DIRECTION('',(-0.,-0.,-1.));
#10515 = ORIENTED_EDGE('',*,*,#10516,.T.);
#10516 = EDGE_CURVE('',#10509,#10461,#10517,.T.);
#10517 = LINE('',#10518,#10519);
#10518 = CARTESIAN_POINT('',(72.55,22.3,-8.5));
#10519 = VECTOR('',#10520,1.);
#10520 = DIRECTION('',(1.,0.,0.));
#10521 = ORIENTED_EDGE('',*,*,#10460,.F.);
#10522 = PLANE('',#10523);
#10523 = AXIS2_PLACEMENT_3D('',#10524,#10525,#10526);
#10524 = CARTESIAN_POINT('',(73.5,22.3,-1.6));
#10525 = DIRECTION('',(0.,-1.,0.));
#10526 = DIRECTION('',(1.,0.,0.));
#10527 = ADVANCED_FACE('',(#10528),#10546,.F.);
#10528 = FACE_BOUND('',#10529,.F.);
#10529 = EDGE_LOOP('',(#10530,#10531,#10532,#10540));
#10530 = ORIENTED_EDGE('',*,*,#7947,.F.);
#10531 = ORIENTED_EDGE('',*,*,#10493,.T.);
#10532 = ORIENTED_EDGE('',*,*,#10533,.T.);
#10533 = EDGE_CURVE('',#10486,#10534,#10536,.T.);
#10534 = VERTEX_POINT('',#10535);
#10535 = CARTESIAN_POINT('',(69.5,22.3,-8.5));
#10536 = LINE('',#10537,#10538);
#10537 = CARTESIAN_POINT('',(69.55,22.3,-8.5));
#10538 = VECTOR('',#10539,1.);
#10539 = DIRECTION('',(1.,0.,0.));
#10540 = ORIENTED_EDGE('',*,*,#10541,.F.);
#10541 = EDGE_CURVE('',#7940,#10534,#10542,.T.);
#10542 = LINE('',#10543,#10544);
#10543 = CARTESIAN_POINT('',(69.5,22.3,-1.6));
#10544 = VECTOR('',#10545,1.);
#10545 = DIRECTION('',(-0.,-0.,-1.));
#10546 = PLANE('',#10547);
#10547 = AXIS2_PLACEMENT_3D('',#10548,#10549,#10550);
#10548 = CARTESIAN_POINT('',(67.5,22.3,-1.6));
#10549 = DIRECTION('',(0.,-1.,0.));
#10550 = DIRECTION('',(1.,0.,0.));
#10551 = ADVANCED_FACE('',(#10552),#10570,.F.);
#10552 = FACE_BOUND('',#10553,.F.);
#10553 = EDGE_LOOP('',(#10554,#10555,#10563,#10569));
#10554 = ORIENTED_EDGE('',*,*,#7923,.F.);
#10555 = ORIENTED_EDGE('',*,*,#10556,.T.);
#10556 = EDGE_CURVE('',#7924,#10557,#10559,.T.);
#10557 = VERTEX_POINT('',#10558);
#10558 = CARTESIAN_POINT('',(73.5,28.8,-8.5));
#10559 = LINE('',#10560,#10561);
#10560 = CARTESIAN_POINT('',(73.5,28.8,-1.6));
#10561 = VECTOR('',#10562,1.);
#10562 = DIRECTION('',(-0.,-0.,-1.));
#10563 = ORIENTED_EDGE('',*,*,#10564,.T.);
#10564 = EDGE_CURVE('',#10557,#10509,#10565,.T.);
#10565 = LINE('',#10566,#10567);
#10566 = CARTESIAN_POINT('',(73.5,22.85,-8.5));
#10567 = VECTOR('',#10568,1.);
#10568 = DIRECTION('',(0.,-1.,0.));
#10569 = ORIENTED_EDGE('',*,*,#10508,.F.);
#10570 = PLANE('',#10571);
#10571 = AXIS2_PLACEMENT_3D('',#10572,#10573,#10574);
#10572 = CARTESIAN_POINT('',(73.5,28.8,-1.6));
#10573 = DIRECTION('',(-1.,0.,0.));
#10574 = DIRECTION('',(0.,-1.,0.));
#10575 = ADVANCED_FACE('',(#10576),#10594,.F.);
#10576 = FACE_BOUND('',#10577,.F.);
#10577 = EDGE_LOOP('',(#10578,#10579,#10580,#10588));
#10578 = ORIENTED_EDGE('',*,*,#7939,.F.);
#10579 = ORIENTED_EDGE('',*,*,#10541,.T.);
#10580 = ORIENTED_EDGE('',*,*,#10581,.T.);
#10581 = EDGE_CURVE('',#10534,#10582,#10584,.T.);
#10582 = VERTEX_POINT('',#10583);
#10583 = CARTESIAN_POINT('',(69.5,28.8,-8.5));
#10584 = LINE('',#10585,#10586);
#10585 = CARTESIAN_POINT('',(69.5,19.6,-8.5));
#10586 = VECTOR('',#10587,1.);
#10587 = DIRECTION('',(0.,1.,0.));
#10588 = ORIENTED_EDGE('',*,*,#10589,.F.);
#10589 = EDGE_CURVE('',#7932,#10582,#10590,.T.);
#10590 = LINE('',#10591,#10592);
#10591 = CARTESIAN_POINT('',(69.5,28.8,-1.6));
#10592 = VECTOR('',#10593,1.);
#10593 = DIRECTION('',(-0.,-0.,-1.));
#10594 = PLANE('',#10595);
#10595 = AXIS2_PLACEMENT_3D('',#10596,#10597,#10598);
#10596 = CARTESIAN_POINT('',(69.5,22.3,-1.6));
#10597 = DIRECTION('',(1.,0.,0.));
#10598 = DIRECTION('',(0.,1.,0.));
#10599 = ADVANCED_FACE('',(#10600),#10611,.T.);
#10600 = FACE_BOUND('',#10601,.T.);
#10601 = EDGE_LOOP('',(#10602,#10603,#10604,#10605));
#10602 = ORIENTED_EDGE('',*,*,#10589,.F.);
#10603 = ORIENTED_EDGE('',*,*,#7931,.F.);
#10604 = ORIENTED_EDGE('',*,*,#10556,.T.);
#10605 = ORIENTED_EDGE('',*,*,#10606,.T.);
#10606 = EDGE_CURVE('',#10557,#10582,#10607,.T.);
#10607 = LINE('',#10608,#10609);
#10608 = CARTESIAN_POINT('',(82.5,28.8,-8.5));
#10609 = VECTOR('',#10610,1.);
#10610 = DIRECTION('',(-1.,0.,0.));
#10611 = PLANE('',#10612);
#10612 = AXIS2_PLACEMENT_3D('',#10613,#10614,#10615);
#10613 = CARTESIAN_POINT('',(69.096625,28.8,-5.540875));
#10614 = DIRECTION('',(0.,1.,0.));
#10615 = DIRECTION('',(0.,0.,1.));
#10616 = ADVANCED_FACE('',(#10617),#10628,.T.);
#10617 = FACE_BOUND('',#10618,.T.);
#10618 = EDGE_LOOP('',(#10619,#10620,#10621,#10627));
#10619 = ORIENTED_EDGE('',*,*,#8156,.F.);
#10620 = ORIENTED_EDGE('',*,*,#9670,.T.);
#10621 = ORIENTED_EDGE('',*,*,#10622,.T.);
#10622 = EDGE_CURVE('',#9663,#9454,#10623,.T.);
#10623 = LINE('',#10624,#10625);
#10624 = CARTESIAN_POINT('',(82.5,5.,-8.5));
#10625 = VECTOR('',#10626,1.);
#10626 = DIRECTION('',(0.,1.,0.));
#10627 = ORIENTED_EDGE('',*,*,#9453,.T.);
#10628 = PLANE('',#10629);
#10629 = AXIS2_PLACEMENT_3D('',#10630,#10631,#10632);
#10630 = CARTESIAN_POINT('',(82.5,5.,-10.2));
#10631 = DIRECTION('',(-1.,0.,0.));
#10632 = DIRECTION('',(0.,1.,0.));
#10633 = ADVANCED_FACE('',(#10634),#10645,.T.);
#10634 = FACE_BOUND('',#10635,.T.);
#10635 = EDGE_LOOP('',(#10636,#10637,#10638,#10639));
#10636 = ORIENTED_EDGE('',*,*,#9883,.T.);
#10637 = ORIENTED_EDGE('',*,*,#8348,.T.);
#10638 = ORIENTED_EDGE('',*,*,#8655,.F.);
#10639 = ORIENTED_EDGE('',*,*,#10640,.F.);
#10640 = EDGE_CURVE('',#9851,#8648,#10641,.T.);
#10641 = LINE('',#10642,#10643);
#10642 = CARTESIAN_POINT('',(60.7,28.8,-10.2));
#10643 = VECTOR('',#10644,1.);
#10644 = DIRECTION('',(0.,1.,0.));
#10645 = PLANE('',#10646);
#10646 = AXIS2_PLACEMENT_3D('',#10647,#10648,#10649);
#10647 = CARTESIAN_POINT('',(60.7,16.9,-6.748337292162));
#10648 = DIRECTION('',(-1.,-0.,-0.));
#10649 = DIRECTION('',(0.,0.,-1.));
#10650 = ADVANCED_FACE('',(#10651),#10670,.F.);
#10651 = FACE_BOUND('',#10652,.T.);
#10652 = EDGE_LOOP('',(#10653,#10661,#10662,#10663));
#10653 = ORIENTED_EDGE('',*,*,#10654,.F.);
#10654 = EDGE_CURVE('',#8528,#10655,#10657,.T.);
#10655 = VERTEX_POINT('',#10656);
#10656 = CARTESIAN_POINT('',(4.9,3.,-9.));
#10657 = LINE('',#10658,#10659);
#10658 = CARTESIAN_POINT('',(4.9,3.,-10.2));
#10659 = VECTOR('',#10660,1.);
#10660 = DIRECTION('',(0.,0.,1.));
#10661 = ORIENTED_EDGE('',*,*,#8527,.T.);
#10662 = ORIENTED_EDGE('',*,*,#10654,.T.);
#10663 = ORIENTED_EDGE('',*,*,#10664,.F.);
#10664 = EDGE_CURVE('',#10655,#10655,#10665,.T.);
#10665 = CIRCLE('',#10666,2.);
#10666 = AXIS2_PLACEMENT_3D('',#10667,#10668,#10669);
#10667 = CARTESIAN_POINT('',(6.9,3.,-9.));
#10668 = DIRECTION('',(0.,0.,-1.));
#10669 = DIRECTION('',(-1.,0.,0.));
#10670 = CYLINDRICAL_SURFACE('',#10671,2.);
#10671 = AXIS2_PLACEMENT_3D('',#10672,#10673,#10674);
#10672 = CARTESIAN_POINT('',(6.9,3.,-10.2));
#10673 = DIRECTION('',(0.,0.,1.));
#10674 = DIRECTION('',(-1.,0.,0.));
#10675 = ADVANCED_FACE('',(#10676),#10695,.F.);
#10676 = FACE_BOUND('',#10677,.T.);
#10677 = EDGE_LOOP('',(#10678,#10686,#10687,#10688));
#10678 = ORIENTED_EDGE('',*,*,#10679,.F.);
#10679 = EDGE_CURVE('',#8539,#10680,#10682,.T.);
#10680 = VERTEX_POINT('',#10681);
#10681 = CARTESIAN_POINT('',(4.9,30.8,-9.));
#10682 = LINE('',#10683,#10684);
#10683 = CARTESIAN_POINT('',(4.9,30.8,-10.2));
#10684 = VECTOR('',#10685,1.);
#10685 = DIRECTION('',(0.,0.,1.));
#10686 = ORIENTED_EDGE('',*,*,#8538,.T.);
#10687 = ORIENTED_EDGE('',*,*,#10679,.T.);
#10688 = ORIENTED_EDGE('',*,*,#10689,.F.);
#10689 = EDGE_CURVE('',#10680,#10680,#10690,.T.);
#10690 = CIRCLE('',#10691,2.);
#10691 = AXIS2_PLACEMENT_3D('',#10692,#10693,#10694);
#10692 = CARTESIAN_POINT('',(6.9,30.8,-9.));
#10693 = DIRECTION('',(0.,0.,-1.));
#10694 = DIRECTION('',(-1.,0.,0.));
#10695 = CYLINDRICAL_SURFACE('',#10696,2.);
#10696 = AXIS2_PLACEMENT_3D('',#10697,#10698,#10699);
#10697 = CARTESIAN_POINT('',(6.9,30.8,-10.2));
#10698 = DIRECTION('',(0.,0.,1.));
#10699 = DIRECTION('',(-1.,0.,0.));
#10700 = ADVANCED_FACE('',(#10701),#10712,.T.);
#10701 = FACE_BOUND('',#10702,.T.);
#10702 = EDGE_LOOP('',(#10703,#10704,#10710,#10711));
#10703 = ORIENTED_EDGE('',*,*,#8647,.F.);
#10704 = ORIENTED_EDGE('',*,*,#10705,.T.);
#10705 = EDGE_CURVE('',#8640,#9849,#10706,.T.);
#10706 = LINE('',#10707,#10708);
#10707 = CARTESIAN_POINT('',(64.5,33.8,-10.2));
#10708 = VECTOR('',#10709,1.);
#10709 = DIRECTION('',(0.,-1.,0.));
#10710 = ORIENTED_EDGE('',*,*,#9848,.T.);
#10711 = ORIENTED_EDGE('',*,*,#10640,.T.);
#10712 = PLANE('',#10713);
#10713 = AXIS2_PLACEMENT_3D('',#10714,#10715,#10716);
#10714 = CARTESIAN_POINT('',(74.557136364006,16.9,-10.2));
#10715 = DIRECTION('',(-0.,-0.,-1.));
#10716 = DIRECTION('',(-1.,0.,0.));
#10717 = ADVANCED_FACE('',(#10718),#10729,.T.);
#10718 = FACE_BOUND('',#10719,.T.);
#10719 = EDGE_LOOP('',(#10720,#10721,#10722,#10728));
#10720 = ORIENTED_EDGE('',*,*,#10705,.F.);
#10721 = ORIENTED_EDGE('',*,*,#8639,.T.);
#10722 = ORIENTED_EDGE('',*,*,#10723,.T.);
#10723 = EDGE_CURVE('',#8632,#9859,#10724,.T.);
#10724 = LINE('',#10725,#10726);
#10725 = CARTESIAN_POINT('',(64.5,33.8,-8.7));
#10726 = VECTOR('',#10727,1.);
#10727 = DIRECTION('',(0.,-1.,0.));
#10728 = ORIENTED_EDGE('',*,*,#9858,.F.);
#10729 = PLANE('',#10730);
#10730 = AXIS2_PLACEMENT_3D('',#10731,#10732,#10733);
#10731 = CARTESIAN_POINT('',(64.5,33.8,-10.2));
#10732 = DIRECTION('',(1.,0.,0.));
#10733 = DIRECTION('',(0.,-1.,0.));
#10734 = ADVANCED_FACE('',(#10735),#10748,.F.);
#10735 = FACE_BOUND('',#10736,.F.);
#10736 = EDGE_LOOP('',(#10737,#10738,#10739,#10740,#10741,#10747));
#10737 = ORIENTED_EDGE('',*,*,#10723,.T.);
#10738 = ORIENTED_EDGE('',*,*,#9866,.F.);
#10739 = ORIENTED_EDGE('',*,*,#9921,.F.);
#10740 = ORIENTED_EDGE('',*,*,#10013,.F.);
#10741 = ORIENTED_EDGE('',*,*,#10742,.T.);
#10742 = EDGE_CURVE('',#10014,#8624,#10743,.T.);
#10743 = LINE('',#10744,#10745);
#10744 = CARTESIAN_POINT('',(82.5,28.8,-8.7));
#10745 = VECTOR('',#10746,1.);
#10746 = DIRECTION('',(0.,1.,0.));
#10747 = ORIENTED_EDGE('',*,*,#8631,.T.);
#10748 = PLANE('',#10749);
#10749 = AXIS2_PLACEMENT_3D('',#10750,#10751,#10752);
#10750 = CARTESIAN_POINT('',(73.5,16.9,-8.7));
#10751 = DIRECTION('',(0.,0.,1.));
#10752 = DIRECTION('',(1.,0.,0.));
#10753 = ADVANCED_FACE('',(#10754),#10765,.T.);
#10754 = FACE_BOUND('',#10755,.T.);
#10755 = EDGE_LOOP('',(#10756,#10762,#10763,#10764));
#10756 = ORIENTED_EDGE('',*,*,#10757,.F.);
#10757 = EDGE_CURVE('',#9998,#8616,#10758,.T.);
#10758 = LINE('',#10759,#10760);
#10759 = CARTESIAN_POINT('',(82.5,28.8,-10.2));
#10760 = VECTOR('',#10761,1.);
#10761 = DIRECTION('',(0.,1.,0.));
#10762 = ORIENTED_EDGE('',*,*,#10021,.F.);
#10763 = ORIENTED_EDGE('',*,*,#10742,.T.);
#10764 = ORIENTED_EDGE('',*,*,#8623,.F.);
#10765 = PLANE('',#10766);
#10766 = AXIS2_PLACEMENT_3D('',#10767,#10768,#10769);
#10767 = CARTESIAN_POINT('',(82.5,28.8,-10.2));
#10768 = DIRECTION('',(-1.,0.,0.));
#10769 = DIRECTION('',(0.,1.,0.));
#10770 = ADVANCED_FACE('',(#10771),#10787,.T.);
#10771 = FACE_BOUND('',#10772,.T.);
#10772 = EDGE_LOOP('',(#10773,#10774,#10780,#10781,#10782,#10783,#10784,
    #10785,#10786));
#10773 = ORIENTED_EDGE('',*,*,#8732,.T.);
#10774 = ORIENTED_EDGE('',*,*,#10775,.T.);
#10775 = EDGE_CURVE('',#8733,#10118,#10776,.T.);
#10776 = LINE('',#10777,#10778);
#10777 = CARTESIAN_POINT('',(82.5,5.,-10.2));
#10778 = VECTOR('',#10779,1.);
#10779 = DIRECTION('',(0.,1.,0.));
#10780 = ORIENTED_EDGE('',*,*,#10117,.T.);
#10781 = ORIENTED_EDGE('',*,*,#10059,.T.);
#10782 = ORIENTED_EDGE('',*,*,#9995,.T.);
#10783 = ORIENTED_EDGE('',*,*,#10757,.T.);
#10784 = ORIENTED_EDGE('',*,*,#8615,.F.);
#10785 = ORIENTED_EDGE('',*,*,#8683,.F.);
#10786 = ORIENTED_EDGE('',*,*,#8717,.F.);
#10787 = PLANE('',#10788);
#10788 = AXIS2_PLACEMENT_3D('',#10789,#10790,#10791);
#10789 = CARTESIAN_POINT('',(74.557136364006,16.9,-10.2));
#10790 = DIRECTION('',(-0.,-0.,-1.));
#10791 = DIRECTION('',(-1.,0.,0.));
#10792 = ADVANCED_FACE('',(#10793),#10804,.T.);
#10793 = FACE_BOUND('',#10794,.T.);
#10794 = EDGE_LOOP('',(#10795,#10796,#10797,#10803));
#10795 = ORIENTED_EDGE('',*,*,#10775,.F.);
#10796 = ORIENTED_EDGE('',*,*,#8759,.T.);
#10797 = ORIENTED_EDGE('',*,*,#10798,.T.);
#10798 = EDGE_CURVE('',#8752,#10126,#10799,.T.);
#10799 = LINE('',#10800,#10801);
#10800 = CARTESIAN_POINT('',(82.5,5.,-8.5));
#10801 = VECTOR('',#10802,1.);
#10802 = DIRECTION('',(0.,1.,0.));
#10803 = ORIENTED_EDGE('',*,*,#10125,.F.);
#10804 = PLANE('',#10805);
#10805 = AXIS2_PLACEMENT_3D('',#10806,#10807,#10808);
#10806 = CARTESIAN_POINT('',(82.5,5.,-10.2));
#10807 = DIRECTION('',(-1.,0.,0.));
#10808 = DIRECTION('',(0.,1.,0.));
#10809 = ADVANCED_FACE('',(#10810),#10885,.F.);
#10810 = FACE_BOUND('',#10811,.F.);
#10811 = EDGE_LOOP('',(#10812,#10813,#10819,#10820,#10821,#10822,#10823,
    #10824,#10825,#10826,#10827,#10828,#10829,#10830,#10831,#10832,
    #10833,#10834,#10835,#10836,#10837,#10838,#10839,#10840,#10841,
    #10842,#10843,#10844,#10845,#10846,#10847,#10848,#10854,#10855,
    #10861,#10862,#10863,#10864,#10865,#10866,#10867,#10868,#10869,
    #10870,#10871,#10872,#10873,#10874,#10875,#10876,#10877,#10878,
    #10879,#10880,#10881,#10882,#10883,#10884));
#10812 = ORIENTED_EDGE('',*,*,#10405,.T.);
#10813 = ORIENTED_EDGE('',*,*,#10814,.T.);
#10814 = EDGE_CURVE('',#10406,#10294,#10815,.T.);
#10815 = LINE('',#10816,#10817);
#10816 = CARTESIAN_POINT('',(60.7,28.8,-8.5));
#10817 = VECTOR('',#10818,1.);
#10818 = DIRECTION('',(0.,-1.,0.));
#10819 = ORIENTED_EDGE('',*,*,#10301,.T.);
#10820 = ORIENTED_EDGE('',*,*,#10197,.F.);
#10821 = ORIENTED_EDGE('',*,*,#10149,.F.);
#10822 = ORIENTED_EDGE('',*,*,#10085,.F.);
#10823 = ORIENTED_EDGE('',*,*,#10045,.T.);
#10824 = ORIENTED_EDGE('',*,*,#9973,.F.);
#10825 = ORIENTED_EDGE('',*,*,#9949,.F.);
#10826 = ORIENTED_EDGE('',*,*,#9899,.F.);
#10827 = ORIENTED_EDGE('',*,*,#9834,.T.);
#10828 = ORIENTED_EDGE('',*,*,#9785,.F.);
#10829 = ORIENTED_EDGE('',*,*,#9744,.F.);
#10830 = ORIENTED_EDGE('',*,*,#9703,.F.);
#10831 = ORIENTED_EDGE('',*,*,#9662,.T.);
#10832 = ORIENTED_EDGE('',*,*,#10622,.T.);
#10833 = ORIENTED_EDGE('',*,*,#9461,.T.);
#10834 = ORIENTED_EDGE('',*,*,#9430,.F.);
#10835 = ORIENTED_EDGE('',*,*,#9406,.F.);
#10836 = ORIENTED_EDGE('',*,*,#9382,.F.);
#10837 = ORIENTED_EDGE('',*,*,#9364,.T.);
#10838 = ORIENTED_EDGE('',*,*,#9334,.F.);
#10839 = ORIENTED_EDGE('',*,*,#9310,.F.);
#10840 = ORIENTED_EDGE('',*,*,#9286,.F.);
#10841 = ORIENTED_EDGE('',*,*,#9260,.T.);
#10842 = ORIENTED_EDGE('',*,*,#9238,.F.);
#10843 = ORIENTED_EDGE('',*,*,#9214,.F.);
#10844 = ORIENTED_EDGE('',*,*,#9190,.F.);
#10845 = ORIENTED_EDGE('',*,*,#9164,.T.);
#10846 = ORIENTED_EDGE('',*,*,#9140,.T.);
#10847 = ORIENTED_EDGE('',*,*,#9118,.T.);
#10848 = ORIENTED_EDGE('',*,*,#10849,.T.);
#10849 = EDGE_CURVE('',#9119,#9014,#10850,.T.);
#10850 = LINE('',#10851,#10852);
#10851 = CARTESIAN_POINT('',(82.5,5.,-8.5));
#10852 = VECTOR('',#10853,1.);
#10853 = DIRECTION('',(0.,1.,0.));
#10854 = ORIENTED_EDGE('',*,*,#9013,.T.);
#10855 = ORIENTED_EDGE('',*,*,#10856,.F.);
#10856 = EDGE_CURVE('',#8992,#9016,#10857,.T.);
#10857 = LINE('',#10858,#10859);
#10858 = CARTESIAN_POINT('',(64.5,22.1,-8.5));
#10859 = VECTOR('',#10860,1.);
#10860 = DIRECTION('',(0.,-1.,0.));
#10861 = ORIENTED_EDGE('',*,*,#8991,.F.);
#10862 = ORIENTED_EDGE('',*,*,#8967,.F.);
#10863 = ORIENTED_EDGE('',*,*,#8949,.T.);
#10864 = ORIENTED_EDGE('',*,*,#8919,.F.);
#10865 = ORIENTED_EDGE('',*,*,#8895,.F.);
#10866 = ORIENTED_EDGE('',*,*,#8871,.F.);
#10867 = ORIENTED_EDGE('',*,*,#8855,.T.);
#10868 = ORIENTED_EDGE('',*,*,#8823,.F.);
#10869 = ORIENTED_EDGE('',*,*,#8799,.F.);
#10870 = ORIENTED_EDGE('',*,*,#8775,.F.);
#10871 = ORIENTED_EDGE('',*,*,#8751,.T.);
#10872 = ORIENTED_EDGE('',*,*,#10798,.T.);
#10873 = ORIENTED_EDGE('',*,*,#10133,.T.);
#10874 = ORIENTED_EDGE('',*,*,#10180,.F.);
#10875 = ORIENTED_EDGE('',*,*,#10228,.F.);
#10876 = ORIENTED_EDGE('',*,*,#10324,.F.);
#10877 = ORIENTED_EDGE('',*,*,#10373,.T.);
#10878 = ORIENTED_EDGE('',*,*,#10468,.F.);
#10879 = ORIENTED_EDGE('',*,*,#10516,.F.);
#10880 = ORIENTED_EDGE('',*,*,#10564,.F.);
#10881 = ORIENTED_EDGE('',*,*,#10606,.T.);
#10882 = ORIENTED_EDGE('',*,*,#10581,.F.);
#10883 = ORIENTED_EDGE('',*,*,#10533,.F.);
#10884 = ORIENTED_EDGE('',*,*,#10485,.F.);
#10885 = PLANE('',#10886);
#10886 = AXIS2_PLACEMENT_3D('',#10887,#10888,#10889);
#10887 = CARTESIAN_POINT('',(71.6,16.9,-8.5));
#10888 = DIRECTION('',(0.,0.,1.));
#10889 = DIRECTION('',(1.,0.,0.));
#10890 = ADVANCED_FACE('',(#10891),#10902,.T.);
#10891 = FACE_BOUND('',#10892,.T.);
#10892 = EDGE_LOOP('',(#10893,#10899,#10900,#10901));
#10893 = ORIENTED_EDGE('',*,*,#10894,.F.);
#10894 = EDGE_CURVE('',#9095,#9047,#10895,.T.);
#10895 = LINE('',#10896,#10897);
#10896 = CARTESIAN_POINT('',(82.5,5.,-10.2));
#10897 = VECTOR('',#10898,1.);
#10898 = DIRECTION('',(0.,1.,0.));
#10899 = ORIENTED_EDGE('',*,*,#9126,.T.);
#10900 = ORIENTED_EDGE('',*,*,#10849,.T.);
#10901 = ORIENTED_EDGE('',*,*,#9054,.T.);
#10902 = PLANE('',#10903);
#10903 = AXIS2_PLACEMENT_3D('',#10904,#10905,#10906);
#10904 = CARTESIAN_POINT('',(82.5,5.,-10.2));
#10905 = DIRECTION('',(-1.,0.,0.));
#10906 = DIRECTION('',(0.,1.,0.));
#10907 = ADVANCED_FACE('',(#10908),#10947,.T.);
#10908 = FACE_BOUND('',#10909,.T.);
#10909 = EDGE_LOOP('',(#10910,#10911,#10912,#10913,#10919,#10927,#10935,
    #10941));
#10910 = ORIENTED_EDGE('',*,*,#9092,.T.);
#10911 = ORIENTED_EDGE('',*,*,#10894,.T.);
#10912 = ORIENTED_EDGE('',*,*,#9046,.T.);
#10913 = ORIENTED_EDGE('',*,*,#10914,.T.);
#10914 = EDGE_CURVE('',#9039,#8710,#10915,.T.);
#10915 = LINE('',#10916,#10917);
#10916 = CARTESIAN_POINT('',(86.,19.8,-10.2));
#10917 = VECTOR('',#10918,1.);
#10918 = DIRECTION('',(0.,1.,0.));
#10919 = ORIENTED_EDGE('',*,*,#10920,.F.);
#10920 = EDGE_CURVE('',#10921,#8710,#10923,.T.);
#10921 = VERTEX_POINT('',#10922);
#10922 = CARTESIAN_POINT('',(92.,20.8,-10.2));
#10923 = LINE('',#10924,#10925);
#10924 = CARTESIAN_POINT('',(95.,20.8,-10.2));
#10925 = VECTOR('',#10926,1.);
#10926 = DIRECTION('',(-1.,0.,0.));
#10927 = ORIENTED_EDGE('',*,*,#10928,.T.);
#10928 = EDGE_CURVE('',#10921,#10929,#10931,.T.);
#10929 = VERTEX_POINT('',#10930);
#10930 = CARTESIAN_POINT('',(92.,13.,-10.2));
#10931 = LINE('',#10932,#10933);
#10932 = CARTESIAN_POINT('',(92.,20.8,-10.2));
#10933 = VECTOR('',#10934,1.);
#10934 = DIRECTION('',(0.,-1.,0.));
#10935 = ORIENTED_EDGE('',*,*,#10936,.F.);
#10936 = EDGE_CURVE('',#8165,#10929,#10937,.T.);
#10937 = LINE('',#10938,#10939);
#10938 = CARTESIAN_POINT('',(86.,13.,-10.2));
#10939 = VECTOR('',#10940,1.);
#10940 = DIRECTION('',(1.,0.,0.));
#10941 = ORIENTED_EDGE('',*,*,#10942,.T.);
#10942 = EDGE_CURVE('',#8165,#9093,#10943,.T.);
#10943 = LINE('',#10944,#10945);
#10944 = CARTESIAN_POINT('',(86.,13.,-10.2));
#10945 = VECTOR('',#10946,1.);
#10946 = DIRECTION('',(0.,1.,0.));
#10947 = PLANE('',#10948);
#10948 = AXIS2_PLACEMENT_3D('',#10949,#10950,#10951);
#10949 = CARTESIAN_POINT('',(74.557136364006,16.9,-10.2));
#10950 = DIRECTION('',(-0.,-0.,-1.));
#10951 = DIRECTION('',(-1.,0.,0.));
#10952 = ADVANCED_FACE('',(#10953),#10964,.T.);
#10953 = FACE_BOUND('',#10954,.T.);
#10954 = EDGE_LOOP('',(#10955,#10956,#10957,#10963));
#10955 = ORIENTED_EDGE('',*,*,#10914,.F.);
#10956 = ORIENTED_EDGE('',*,*,#9038,.T.);
#10957 = ORIENTED_EDGE('',*,*,#10958,.F.);
#10958 = EDGE_CURVE('',#8702,#9031,#10959,.T.);
#10959 = LINE('',#10960,#10961);
#10960 = CARTESIAN_POINT('',(86.,20.8,-7.2));
#10961 = VECTOR('',#10962,1.);
#10962 = DIRECTION('',(0.,-1.,0.));
#10963 = ORIENTED_EDGE('',*,*,#8709,.F.);
#10964 = PLANE('',#10965);
#10965 = AXIS2_PLACEMENT_3D('',#10966,#10967,#10968);
#10966 = CARTESIAN_POINT('',(86.,19.8,-10.2));
#10967 = DIRECTION('',(-1.,0.,0.));
#10968 = DIRECTION('',(0.,1.,0.));
#10969 = ADVANCED_FACE('',(#10970),#11002,.T.);
#10970 = FACE_BOUND('',#10971,.T.);
#10971 = EDGE_LOOP('',(#10972,#10980,#10988,#10994,#10995,#10996));
#10972 = ORIENTED_EDGE('',*,*,#10973,.T.);
#10973 = EDGE_CURVE('',#9470,#10974,#10976,.T.);
#10974 = VERTEX_POINT('',#10975);
#10975 = CARTESIAN_POINT('',(95.,13.,-7.2));
#10976 = LINE('',#10977,#10978);
#10977 = CARTESIAN_POINT('',(86.,13.,-7.2));
#10978 = VECTOR('',#10979,1.);
#10979 = DIRECTION('',(1.,0.,0.));
#10980 = ORIENTED_EDGE('',*,*,#10981,.T.);
#10981 = EDGE_CURVE('',#10974,#10982,#10984,.T.);
#10982 = VERTEX_POINT('',#10983);
#10983 = CARTESIAN_POINT('',(95.,20.8,-7.2));
#10984 = LINE('',#10985,#10986);
#10985 = CARTESIAN_POINT('',(95.,13.,-7.2));
#10986 = VECTOR('',#10987,1.);
#10987 = DIRECTION('',(0.,1.,0.));
#10988 = ORIENTED_EDGE('',*,*,#10989,.T.);
#10989 = EDGE_CURVE('',#10982,#8702,#10990,.T.);
#10990 = LINE('',#10991,#10992);
#10991 = CARTESIAN_POINT('',(95.,20.8,-7.2));
#10992 = VECTOR('',#10993,1.);
#10993 = DIRECTION('',(-1.,0.,0.));
#10994 = ORIENTED_EDGE('',*,*,#10958,.T.);
#10995 = ORIENTED_EDGE('',*,*,#9077,.T.);
#10996 = ORIENTED_EDGE('',*,*,#10997,.T.);
#10997 = EDGE_CURVE('',#9070,#9470,#10998,.T.);
#10998 = LINE('',#10999,#11000);
#10999 = CARTESIAN_POINT('',(86.,20.8,-7.2));
#11000 = VECTOR('',#11001,1.);
#11001 = DIRECTION('',(0.,-1.,0.));
#11002 = PLANE('',#11003);
#11003 = AXIS2_PLACEMENT_3D('',#11004,#11005,#11006);
#11004 = CARTESIAN_POINT('',(90.5,16.9,-7.2));
#11005 = DIRECTION('',(0.,0.,1.));
#11006 = DIRECTION('',(1.,0.,0.));
#11007 = ADVANCED_FACE('',(#11008),#11014,.T.);
#11008 = FACE_BOUND('',#11009,.T.);
#11009 = EDGE_LOOP('',(#11010,#11011,#11012,#11013));
#11010 = ORIENTED_EDGE('',*,*,#10942,.F.);
#11011 = ORIENTED_EDGE('',*,*,#9477,.T.);
#11012 = ORIENTED_EDGE('',*,*,#10997,.F.);
#11013 = ORIENTED_EDGE('',*,*,#9102,.F.);
#11014 = PLANE('',#11015);
#11015 = AXIS2_PLACEMENT_3D('',#11016,#11017,#11018);
#11016 = CARTESIAN_POINT('',(86.,13.,-10.2));
#11017 = DIRECTION('',(-1.,0.,0.));
#11018 = DIRECTION('',(0.,1.,0.));
#11019 = ADVANCED_FACE('',(#11020,#11023),#11026,.T.);
#11020 = FACE_BOUND('',#11021,.T.);
#11021 = EDGE_LOOP('',(#11022));
#11022 = ORIENTED_EDGE('',*,*,#10664,.T.);
#11023 = FACE_BOUND('',#11024,.T.);
#11024 = EDGE_LOOP('',(#11025));
#11025 = ORIENTED_EDGE('',*,*,#9512,.F.);
#11026 = PLANE('',#11027);
#11027 = AXIS2_PLACEMENT_3D('',#11028,#11029,#11030);
#11028 = CARTESIAN_POINT('',(6.9,3.,-9.));
#11029 = DIRECTION('',(-0.,-0.,-1.));
#11030 = DIRECTION('',(-1.,0.,0.));
#11031 = ADVANCED_FACE('',(#11032,#11035),#11038,.T.);
#11032 = FACE_BOUND('',#11033,.T.);
#11033 = EDGE_LOOP('',(#11034));
#11034 = ORIENTED_EDGE('',*,*,#10689,.T.);
#11035 = FACE_BOUND('',#11036,.T.);
#11036 = EDGE_LOOP('',(#11037));
#11037 = ORIENTED_EDGE('',*,*,#9537,.F.);
#11038 = PLANE('',#11039);
#11039 = AXIS2_PLACEMENT_3D('',#11040,#11041,#11042);
#11040 = CARTESIAN_POINT('',(6.9,30.8,-9.));
#11041 = DIRECTION('',(-0.,-0.,-1.));
#11042 = DIRECTION('',(-1.,0.,0.));
#11043 = ADVANCED_FACE('',(#11044),#11055,.T.);
#11044 = FACE_BOUND('',#11045,.T.);
#11045 = EDGE_LOOP('',(#11046,#11047,#11048,#11049));
#11046 = ORIENTED_EDGE('',*,*,#10413,.T.);
#11047 = ORIENTED_EDGE('',*,*,#10814,.T.);
#11048 = ORIENTED_EDGE('',*,*,#10293,.F.);
#11049 = ORIENTED_EDGE('',*,*,#11050,.F.);
#11050 = EDGE_CURVE('',#10414,#10286,#11051,.T.);
#11051 = LINE('',#11052,#11053);
#11052 = CARTESIAN_POINT('',(60.7,28.8,-10.2));
#11053 = VECTOR('',#11054,1.);
#11054 = DIRECTION('',(0.,-1.,0.));
#11055 = PLANE('',#11056);
#11056 = AXIS2_PLACEMENT_3D('',#11057,#11058,#11059);
#11057 = CARTESIAN_POINT('',(60.7,28.8,-10.2));
#11058 = DIRECTION('',(1.,0.,0.));
#11059 = DIRECTION('',(0.,-1.,0.));
#11060 = ADVANCED_FACE('',(#11061),#11072,.T.);
#11061 = FACE_BOUND('',#11062,.T.);
#11062 = EDGE_LOOP('',(#11063,#11064,#11065,#11071));
#11063 = ORIENTED_EDGE('',*,*,#11050,.T.);
#11064 = ORIENTED_EDGE('',*,*,#10285,.T.);
#11065 = ORIENTED_EDGE('',*,*,#11066,.T.);
#11066 = EDGE_CURVE('',#10278,#10422,#11067,.T.);
#11067 = LINE('',#11068,#11069);
#11068 = CARTESIAN_POINT('',(59.3,0.,-10.2));
#11069 = VECTOR('',#11070,1.);
#11070 = DIRECTION('',(0.,1.,0.));
#11071 = ORIENTED_EDGE('',*,*,#10421,.T.);
#11072 = PLANE('',#11073);
#11073 = AXIS2_PLACEMENT_3D('',#11074,#11075,#11076);
#11074 = CARTESIAN_POINT('',(74.557136364006,16.9,-10.2));
#11075 = DIRECTION('',(-0.,-0.,-1.));
#11076 = DIRECTION('',(-1.,0.,0.));
#11077 = ADVANCED_FACE('',(#11078),#11089,.T.);
#11078 = FACE_BOUND('',#11079,.T.);
#11079 = EDGE_LOOP('',(#11080,#11081,#11082,#11088));
#11080 = ORIENTED_EDGE('',*,*,#11066,.F.);
#11081 = ORIENTED_EDGE('',*,*,#10277,.T.);
#11082 = ORIENTED_EDGE('',*,*,#11083,.T.);
#11083 = EDGE_CURVE('',#10270,#10430,#11084,.T.);
#11084 = LINE('',#11085,#11086);
#11085 = CARTESIAN_POINT('',(59.3,8.45,-7.4));
#11086 = VECTOR('',#11087,1.);
#11087 = DIRECTION('',(0.,1.,0.));
#11088 = ORIENTED_EDGE('',*,*,#10429,.F.);
#11089 = PLANE('',#11090);
#11090 = AXIS2_PLACEMENT_3D('',#11091,#11092,#11093);
#11091 = CARTESIAN_POINT('',(59.3,0.,-10.2));
#11092 = DIRECTION('',(-1.,0.,0.));
#11093 = DIRECTION('',(0.,1.,0.));
#11094 = ADVANCED_FACE('',(#11095),#11106,.T.);
#11095 = FACE_BOUND('',#11096,.T.);
#11096 = EDGE_LOOP('',(#11097,#11098,#11099,#11105));
#11097 = ORIENTED_EDGE('',*,*,#11083,.F.);
#11098 = ORIENTED_EDGE('',*,*,#10269,.T.);
#11099 = ORIENTED_EDGE('',*,*,#11100,.T.);
#11100 = EDGE_CURVE('',#10262,#10438,#11101,.T.);
#11101 = LINE('',#11102,#11103);
#11102 = CARTESIAN_POINT('',(60.7,0.,-7.4));
#11103 = VECTOR('',#11104,1.);
#11104 = DIRECTION('',(0.,1.,0.));
#11105 = ORIENTED_EDGE('',*,*,#10437,.T.);
#11106 = PLANE('',#11107);
#11107 = AXIS2_PLACEMENT_3D('',#11108,#11109,#11110);
#11108 = CARTESIAN_POINT('',(43.,16.9,-7.4));
#11109 = DIRECTION('',(0.,0.,1.));
#11110 = DIRECTION('',(1.,0.,0.));
#11111 = ADVANCED_FACE('',(#11112),#11123,.T.);
#11112 = FACE_BOUND('',#11113,.T.);
#11113 = EDGE_LOOP('',(#11114,#11115,#11116,#11122));
#11114 = ORIENTED_EDGE('',*,*,#11100,.F.);
#11115 = ORIENTED_EDGE('',*,*,#10261,.T.);
#11116 = ORIENTED_EDGE('',*,*,#11117,.T.);
#11117 = EDGE_CURVE('',#10254,#10388,#11118,.T.);
#11118 = LINE('',#11119,#11120);
#11119 = CARTESIAN_POINT('',(60.7,0.,-4.7));
#11120 = VECTOR('',#11121,1.);
#11121 = DIRECTION('',(0.,1.,0.));
#11122 = ORIENTED_EDGE('',*,*,#10445,.T.);
#11123 = PLANE('',#11124);
#11124 = AXIS2_PLACEMENT_3D('',#11125,#11126,#11127);
#11125 = CARTESIAN_POINT('',(60.7,16.9,-6.748337292162));
#11126 = DIRECTION('',(-1.,-0.,-0.));
#11127 = DIRECTION('',(0.,0.,-1.));
#11128 = ADVANCED_FACE('',(#11129),#11135,.T.);
#11129 = FACE_BOUND('',#11130,.T.);
#11130 = EDGE_LOOP('',(#11131,#11132,#11133,#11134));
#11131 = ORIENTED_EDGE('',*,*,#10253,.T.);
#11132 = ORIENTED_EDGE('',*,*,#10340,.F.);
#11133 = ORIENTED_EDGE('',*,*,#10387,.T.);
#11134 = ORIENTED_EDGE('',*,*,#11117,.F.);
#11135 = PLANE('',#11136);
#11136 = AXIS2_PLACEMENT_3D('',#11137,#11138,#11139);
#11137 = CARTESIAN_POINT('',(43.,16.9,-4.7));
#11138 = DIRECTION('',(-0.,-0.,-1.));
#11139 = DIRECTION('',(-1.,0.,0.));
#11140 = ADVANCED_FACE('',(#11141),#11168,.T.);
#11141 = FACE_BOUND('',#11142,.T.);
#11142 = EDGE_LOOP('',(#11143,#11144,#11145,#11153,#11161,#11167));
#11143 = ORIENTED_EDGE('',*,*,#9477,.F.);
#11144 = ORIENTED_EDGE('',*,*,#10936,.T.);
#11145 = ORIENTED_EDGE('',*,*,#11146,.T.);
#11146 = EDGE_CURVE('',#10929,#11147,#11149,.T.);
#11147 = VERTEX_POINT('',#11148);
#11148 = CARTESIAN_POINT('',(92.,13.,-14.2));
#11149 = LINE('',#11150,#11151);
#11150 = CARTESIAN_POINT('',(92.,13.,-10.2));
#11151 = VECTOR('',#11152,1.);
#11152 = DIRECTION('',(-0.,-0.,-1.));
#11153 = ORIENTED_EDGE('',*,*,#11154,.T.);
#11154 = EDGE_CURVE('',#11147,#11155,#11157,.T.);
#11155 = VERTEX_POINT('',#11156);
#11156 = CARTESIAN_POINT('',(95.,13.,-14.2));
#11157 = LINE('',#11158,#11159);
#11158 = CARTESIAN_POINT('',(92.,13.,-14.2));
#11159 = VECTOR('',#11160,1.);
#11160 = DIRECTION('',(1.,0.,0.));
#11161 = ORIENTED_EDGE('',*,*,#11162,.F.);
#11162 = EDGE_CURVE('',#10974,#11155,#11163,.T.);
#11163 = LINE('',#11164,#11165);
#11164 = CARTESIAN_POINT('',(95.,13.,-10.2));
#11165 = VECTOR('',#11166,1.);
#11166 = DIRECTION('',(-0.,-0.,-1.));
#11167 = ORIENTED_EDGE('',*,*,#10973,.F.);
#11168 = PLANE('',#11169);
#11169 = AXIS2_PLACEMENT_3D('',#11170,#11171,#11172);
#11170 = CARTESIAN_POINT('',(91.25,13.,-9.95));
#11171 = DIRECTION('',(-0.,-1.,-0.));
#11172 = DIRECTION('',(0.,0.,-1.));
#11173 = ADVANCED_FACE('',(#11174),#11192,.T.);
#11174 = FACE_BOUND('',#11175,.T.);
#11175 = EDGE_LOOP('',(#11176,#11184,#11190,#11191));
#11176 = ORIENTED_EDGE('',*,*,#11177,.T.);
#11177 = EDGE_CURVE('',#10921,#11178,#11180,.T.);
#11178 = VERTEX_POINT('',#11179);
#11179 = CARTESIAN_POINT('',(92.,20.8,-14.2));
#11180 = LINE('',#11181,#11182);
#11181 = CARTESIAN_POINT('',(92.,20.8,-10.2));
#11182 = VECTOR('',#11183,1.);
#11183 = DIRECTION('',(-0.,-0.,-1.));
#11184 = ORIENTED_EDGE('',*,*,#11185,.T.);
#11185 = EDGE_CURVE('',#11178,#11147,#11186,.T.);
#11186 = LINE('',#11187,#11188);
#11187 = CARTESIAN_POINT('',(92.,20.8,-14.2));
#11188 = VECTOR('',#11189,1.);
#11189 = DIRECTION('',(0.,-1.,0.));
#11190 = ORIENTED_EDGE('',*,*,#11146,.F.);
#11191 = ORIENTED_EDGE('',*,*,#10928,.F.);
#11192 = PLANE('',#11193);
#11193 = AXIS2_PLACEMENT_3D('',#11194,#11195,#11196);
#11194 = CARTESIAN_POINT('',(92.,20.8,-10.2));
#11195 = DIRECTION('',(-1.,0.,0.));
#11196 = DIRECTION('',(0.,-1.,0.));
#11197 = ADVANCED_FACE('',(#11198),#11218,.T.);
#11198 = FACE_BOUND('',#11199,.T.);
#11199 = EDGE_LOOP('',(#11200,#11208,#11214,#11215,#11216,#11217));
#11200 = ORIENTED_EDGE('',*,*,#11201,.F.);
#11201 = EDGE_CURVE('',#11202,#10982,#11204,.T.);
#11202 = VERTEX_POINT('',#11203);
#11203 = CARTESIAN_POINT('',(95.,20.8,-14.2));
#11204 = LINE('',#11205,#11206);
#11205 = CARTESIAN_POINT('',(95.,20.8,-10.2));
#11206 = VECTOR('',#11207,1.);
#11207 = DIRECTION('',(0.,0.,1.));
#11208 = ORIENTED_EDGE('',*,*,#11209,.T.);
#11209 = EDGE_CURVE('',#11202,#11178,#11210,.T.);
#11210 = LINE('',#11211,#11212);
#11211 = CARTESIAN_POINT('',(95.,20.8,-14.2));
#11212 = VECTOR('',#11213,1.);
#11213 = DIRECTION('',(-1.,0.,0.));
#11214 = ORIENTED_EDGE('',*,*,#11177,.F.);
#11215 = ORIENTED_EDGE('',*,*,#10920,.T.);
#11216 = ORIENTED_EDGE('',*,*,#8709,.T.);
#11217 = ORIENTED_EDGE('',*,*,#10989,.F.);
#11218 = PLANE('',#11219);
#11219 = AXIS2_PLACEMENT_3D('',#11220,#11221,#11222);
#11220 = CARTESIAN_POINT('',(91.25,20.8,-9.95));
#11221 = DIRECTION('',(0.,1.,0.));
#11222 = DIRECTION('',(0.,0.,1.));
#11223 = ADVANCED_FACE('',(#11224),#11235,.T.);
#11224 = FACE_BOUND('',#11225,.T.);
#11225 = EDGE_LOOP('',(#11226,#11227,#11233,#11234));
#11226 = ORIENTED_EDGE('',*,*,#11162,.T.);
#11227 = ORIENTED_EDGE('',*,*,#11228,.T.);
#11228 = EDGE_CURVE('',#11155,#11202,#11229,.T.);
#11229 = LINE('',#11230,#11231);
#11230 = CARTESIAN_POINT('',(95.,13.,-14.2));
#11231 = VECTOR('',#11232,1.);
#11232 = DIRECTION('',(0.,1.,0.));
#11233 = ORIENTED_EDGE('',*,*,#11201,.T.);
#11234 = ORIENTED_EDGE('',*,*,#10981,.F.);
#11235 = PLANE('',#11236);
#11236 = AXIS2_PLACEMENT_3D('',#11237,#11238,#11239);
#11237 = CARTESIAN_POINT('',(95.,16.9,-10.7));
#11238 = DIRECTION('',(1.,0.,0.));
#11239 = DIRECTION('',(0.,0.,1.));
#11240 = ADVANCED_FACE('',(#11241),#11247,.F.);
#11241 = FACE_BOUND('',#11242,.F.);
#11242 = EDGE_LOOP('',(#11243,#11244,#11245,#11246));
#11243 = ORIENTED_EDGE('',*,*,#11154,.T.);
#11244 = ORIENTED_EDGE('',*,*,#11228,.T.);
#11245 = ORIENTED_EDGE('',*,*,#11209,.T.);
#11246 = ORIENTED_EDGE('',*,*,#11185,.T.);
#11247 = PLANE('',#11248);
#11248 = AXIS2_PLACEMENT_3D('',#11249,#11250,#11251);
#11249 = CARTESIAN_POINT('',(93.5,16.9,-14.2));
#11250 = DIRECTION('',(0.,0.,1.));
#11251 = DIRECTION('',(1.,0.,0.));
#11252 = ADVANCED_FACE('',(#11253),#11259,.T.);
#11253 = FACE_BOUND('',#11254,.T.);
#11254 = EDGE_LOOP('',(#11255,#11256,#11257,#11258));
#11255 = ORIENTED_EDGE('',*,*,#7597,.F.);
#11256 = ORIENTED_EDGE('',*,*,#9023,.F.);
#11257 = ORIENTED_EDGE('',*,*,#10856,.F.);
#11258 = ORIENTED_EDGE('',*,*,#8999,.F.);
#11259 = PLANE('',#11260);
#11260 = AXIS2_PLACEMENT_3D('',#11261,#11262,#11263);
#11261 = CARTESIAN_POINT('',(64.5,23.55,-5.05));
#11262 = DIRECTION('',(1.,0.,0.));
#11263 = DIRECTION('',(0.,0.,1.));
#11264 = ( GEOMETRIC_REPRESENTATION_CONTEXT(3) 
GLOBAL_UNCERTAINTY_ASSIGNED_CONTEXT((#11268)) 
GLOBAL_UNIT_ASSIGNED_CONTEXT((#11265,#11266,#11267)) 
REPRESENTATION_CONTEXT('Context #1',
  '3D Context with UNIT and UNCERTAINTY') );
#11265 = ( LENGTH_UNIT() NAMED_UNIT(*) SI_UNIT(.MILLI.,.METRE.) );
#11266 = ( NAMED_UNIT(*) PLANE_ANGLE_UNIT() SI_UNIT($,.RADIAN.) );
#11267 = ( NAMED_UNIT(*) SI_UNIT($,.STERADIAN.) SOLID_ANGLE_UNIT() );
#11268 = UNCERTAINTY_MEASURE_WITH_UNIT(LENGTH_MEASURE(1.E-04),#11265,
  'distance_accuracy_value','confusion accuracy');
#11269 = CONTEXT_DEPENDENT_SHAPE_REPRESENTATION(#11270,#11272);
#11270 = ( REPRESENTATION_RELATIONSHIP('','',#7307,#10) 
REPRESENTATION_RELATIONSHIP_WITH_TRANSFORMATION(#11271) 
SHAPE_REPRESENTATION_RELATIONSHIP() );
#11271 = ITEM_DEFINED_TRANSFORMATION('','',#11,#27);
#11272 = PRODUCT_DEFINITION_SHAPE('Placement','Placement of an item',
  #11273);
#11273 = NEXT_ASSEMBLY_USAGE_OCCURRENCE('68','DinMount','',#5,#7302,$);
#11274 = PRODUCT_RELATED_PRODUCT_CATEGORY('part',$,(#7304));
#11275 = SHAPE_DEFINITION_REPRESENTATION(#11276,#11282);
#11276 = PRODUCT_DEFINITION_SHAPE('','',#11277);
#11277 = PRODUCT_DEFINITION('design','',#11278,#11281);
#11278 = PRODUCT_DEFINITION_FORMATION('','',#11279);
#11279 = PRODUCT('Retainer','Retainer','',(#11280));
#11280 = PRODUCT_CONTEXT('',#2,'mechanical');
#11281 = PRODUCT_DEFINITION_CONTEXT('part definition',#2,'design');
#11282 = ADVANCED_BREP_SHAPE_REPRESENTATION('',(#11,#11283),#11671);
#11283 = MANIFOLD_SOLID_BREP('',#11284);
#11284 = CLOSED_SHELL('',(#11285,#11325,#11356,#11389,#11445,#11501,
    #11518,#11535,#11547,#11572,#11597,#11622,#11647,#11659));
#11285 = ADVANCED_FACE('',(#11286),#11320,.F.);
#11286 = FACE_BOUND('',#11287,.F.);
#11287 = EDGE_LOOP('',(#11288,#11298,#11306,#11314));
#11288 = ORIENTED_EDGE('',*,*,#11289,.T.);
#11289 = EDGE_CURVE('',#11290,#11292,#11294,.T.);
#11290 = VERTEX_POINT('',#11291);
#11291 = CARTESIAN_POINT('',(64.5,0.,-10.2));
#11292 = VERTEX_POINT('',#11293);
#11293 = CARTESIAN_POINT('',(64.5,0.,-8.7));
#11294 = LINE('',#11295,#11296);
#11295 = CARTESIAN_POINT('',(64.5,0.,-10.2));
#11296 = VECTOR('',#11297,1.);
#11297 = DIRECTION('',(0.,0.,1.));
#11298 = ORIENTED_EDGE('',*,*,#11299,.T.);
#11299 = EDGE_CURVE('',#11292,#11300,#11302,.T.);
#11300 = VERTEX_POINT('',#11301);
#11301 = CARTESIAN_POINT('',(80.499999999978,0.,-8.7));
#11302 = LINE('',#11303,#11304);
#11303 = CARTESIAN_POINT('',(64.5,0.,-8.7));
#11304 = VECTOR('',#11305,1.);
#11305 = DIRECTION('',(1.,0.,0.));
#11306 = ORIENTED_EDGE('',*,*,#11307,.F.);
#11307 = EDGE_CURVE('',#11308,#11300,#11310,.T.);
#11308 = VERTEX_POINT('',#11309);
#11309 = CARTESIAN_POINT('',(80.499999999978,0.,-10.2));
#11310 = LINE('',#11311,#11312);
#11311 = CARTESIAN_POINT('',(80.499999999978,0.,-10.2));
#11312 = VECTOR('',#11313,1.);
#11313 = DIRECTION('',(0.,0.,1.));
#11314 = ORIENTED_EDGE('',*,*,#11315,.F.);
#11315 = EDGE_CURVE('',#11290,#11308,#11316,.T.);
#11316 = LINE('',#11317,#11318);
#11317 = CARTESIAN_POINT('',(64.5,0.,-10.2));
#11318 = VECTOR('',#11319,1.);
#11319 = DIRECTION('',(1.,0.,0.));
#11320 = PLANE('',#11321);
#11321 = AXIS2_PLACEMENT_3D('',#11322,#11323,#11324);
#11322 = CARTESIAN_POINT('',(64.5,0.,-10.2));
#11323 = DIRECTION('',(0.,1.,0.));
#11324 = DIRECTION('',(1.,0.,0.));
#11325 = ADVANCED_FACE('',(#11326),#11351,.F.);
#11326 = FACE_BOUND('',#11327,.F.);
#11327 = EDGE_LOOP('',(#11328,#11338,#11344,#11345));
#11328 = ORIENTED_EDGE('',*,*,#11329,.T.);
#11329 = EDGE_CURVE('',#11330,#11332,#11334,.T.);
#11330 = VERTEX_POINT('',#11331);
#11331 = CARTESIAN_POINT('',(64.5,33.8,-10.2));
#11332 = VERTEX_POINT('',#11333);
#11333 = CARTESIAN_POINT('',(64.5,33.8,-8.7));
#11334 = LINE('',#11335,#11336);
#11335 = CARTESIAN_POINT('',(64.5,33.8,-10.2));
#11336 = VECTOR('',#11337,1.);
#11337 = DIRECTION('',(0.,0.,1.));
#11338 = ORIENTED_EDGE('',*,*,#11339,.T.);
#11339 = EDGE_CURVE('',#11332,#11292,#11340,.T.);
#11340 = LINE('',#11341,#11342);
#11341 = CARTESIAN_POINT('',(64.5,33.8,-8.7));
#11342 = VECTOR('',#11343,1.);
#11343 = DIRECTION('',(0.,-1.,0.));
#11344 = ORIENTED_EDGE('',*,*,#11289,.F.);
#11345 = ORIENTED_EDGE('',*,*,#11346,.F.);
#11346 = EDGE_CURVE('',#11330,#11290,#11347,.T.);
#11347 = LINE('',#11348,#11349);
#11348 = CARTESIAN_POINT('',(64.5,33.8,-10.2));
#11349 = VECTOR('',#11350,1.);
#11350 = DIRECTION('',(0.,-1.,0.));
#11351 = PLANE('',#11352);
#11352 = AXIS2_PLACEMENT_3D('',#11353,#11354,#11355);
#11353 = CARTESIAN_POINT('',(64.5,33.8,-10.2));
#11354 = DIRECTION('',(1.,0.,0.));
#11355 = DIRECTION('',(0.,-1.,0.));
#11356 = ADVANCED_FACE('',(#11357),#11384,.T.);
#11357 = FACE_BOUND('',#11358,.F.);
#11358 = EDGE_LOOP('',(#11359,#11360,#11369,#11377));
#11359 = ORIENTED_EDGE('',*,*,#11307,.T.);
#11360 = ORIENTED_EDGE('',*,*,#11361,.T.);
#11361 = EDGE_CURVE('',#11300,#11362,#11364,.T.);
#11362 = VERTEX_POINT('',#11363);
#11363 = CARTESIAN_POINT('',(82.5,2.,-8.7));
#11364 = CIRCLE('',#11365,2.);
#11365 = AXIS2_PLACEMENT_3D('',#11366,#11367,#11368);
#11366 = CARTESIAN_POINT('',(80.5,2.,-8.7));
#11367 = DIRECTION('',(0.,0.,1.));
#11368 = DIRECTION('',(1.,0.,0.));
#11369 = ORIENTED_EDGE('',*,*,#11370,.F.);
#11370 = EDGE_CURVE('',#11371,#11362,#11373,.T.);
#11371 = VERTEX_POINT('',#11372);
#11372 = CARTESIAN_POINT('',(82.5,2.,-10.2));
#11373 = LINE('',#11374,#11375);
#11374 = CARTESIAN_POINT('',(82.5,2.,-10.2));
#11375 = VECTOR('',#11376,1.);
#11376 = DIRECTION('',(0.,0.,1.));
#11377 = ORIENTED_EDGE('',*,*,#11378,.F.);
#11378 = EDGE_CURVE('',#11308,#11371,#11379,.T.);
#11379 = CIRCLE('',#11380,2.);
#11380 = AXIS2_PLACEMENT_3D('',#11381,#11382,#11383);
#11381 = CARTESIAN_POINT('',(80.5,2.,-10.2));
#11382 = DIRECTION('',(0.,0.,1.));
#11383 = DIRECTION('',(1.,0.,0.));
#11384 = CYLINDRICAL_SURFACE('',#11385,2.);
#11385 = AXIS2_PLACEMENT_3D('',#11386,#11387,#11388);
#11386 = CARTESIAN_POINT('',(80.5,2.,-10.2));
#11387 = DIRECTION('',(-0.,-0.,-1.));
#11388 = DIRECTION('',(1.,0.,0.));
#11389 = ADVANCED_FACE('',(#11390,#11418,#11429),#11440,.F.);
#11390 = FACE_BOUND('',#11391,.F.);
#11391 = EDGE_LOOP('',(#11392,#11393,#11394,#11402,#11411,#11417));
#11392 = ORIENTED_EDGE('',*,*,#11315,.T.);
#11393 = ORIENTED_EDGE('',*,*,#11378,.T.);
#11394 = ORIENTED_EDGE('',*,*,#11395,.T.);
#11395 = EDGE_CURVE('',#11371,#11396,#11398,.T.);
#11396 = VERTEX_POINT('',#11397);
#11397 = CARTESIAN_POINT('',(82.5,31.8,-10.2));
#11398 = LINE('',#11399,#11400);
#11399 = CARTESIAN_POINT('',(82.5,2.,-10.2));
#11400 = VECTOR('',#11401,1.);
#11401 = DIRECTION('',(0.,1.,0.));
#11402 = ORIENTED_EDGE('',*,*,#11403,.T.);
#11403 = EDGE_CURVE('',#11396,#11404,#11406,.T.);
#11404 = VERTEX_POINT('',#11405);
#11405 = CARTESIAN_POINT('',(80.499999999978,33.8,-10.2));
#11406 = CIRCLE('',#11407,2.);
#11407 = AXIS2_PLACEMENT_3D('',#11408,#11409,#11410);
#11408 = CARTESIAN_POINT('',(80.5,31.8,-10.2));
#11409 = DIRECTION('',(0.,0.,1.));
#11410 = DIRECTION('',(1.,0.,0.));
#11411 = ORIENTED_EDGE('',*,*,#11412,.T.);
#11412 = EDGE_CURVE('',#11404,#11330,#11413,.T.);
#11413 = LINE('',#11414,#11415);
#11414 = CARTESIAN_POINT('',(80.499999999978,33.8,-10.2));
#11415 = VECTOR('',#11416,1.);
#11416 = DIRECTION('',(-1.,0.,0.));
#11417 = ORIENTED_EDGE('',*,*,#11346,.T.);
#11418 = FACE_BOUND('',#11419,.F.);
#11419 = EDGE_LOOP('',(#11420));
#11420 = ORIENTED_EDGE('',*,*,#11421,.T.);
#11421 = EDGE_CURVE('',#11422,#11422,#11424,.T.);
#11422 = VERTEX_POINT('',#11423);
#11423 = CARTESIAN_POINT('',(77.1,3.,-10.2));
#11424 = CIRCLE('',#11425,2.);
#11425 = AXIS2_PLACEMENT_3D('',#11426,#11427,#11428);
#11426 = CARTESIAN_POINT('',(79.1,3.,-10.2));
#11427 = DIRECTION('',(0.,0.,-1.));
#11428 = DIRECTION('',(-1.,0.,0.));
#11429 = FACE_BOUND('',#11430,.F.);
#11430 = EDGE_LOOP('',(#11431));
#11431 = ORIENTED_EDGE('',*,*,#11432,.T.);
#11432 = EDGE_CURVE('',#11433,#11433,#11435,.T.);
#11433 = VERTEX_POINT('',#11434);
#11434 = CARTESIAN_POINT('',(77.1,30.8,-10.2));
#11435 = CIRCLE('',#11436,2.);
#11436 = AXIS2_PLACEMENT_3D('',#11437,#11438,#11439);
#11437 = CARTESIAN_POINT('',(79.1,30.8,-10.2));
#11438 = DIRECTION('',(0.,0.,-1.));
#11439 = DIRECTION('',(-1.,0.,0.));
#11440 = PLANE('',#11441);
#11441 = AXIS2_PLACEMENT_3D('',#11442,#11443,#11444);
#11442 = CARTESIAN_POINT('',(73.335077885051,16.9,-10.2));
#11443 = DIRECTION('',(0.,0.,1.));
#11444 = DIRECTION('',(1.,0.,0.));
#11445 = ADVANCED_FACE('',(#11446,#11474,#11485),#11496,.T.);
#11446 = FACE_BOUND('',#11447,.T.);
#11447 = EDGE_LOOP('',(#11448,#11449,#11450,#11458,#11467,#11473));
#11448 = ORIENTED_EDGE('',*,*,#11299,.T.);
#11449 = ORIENTED_EDGE('',*,*,#11361,.T.);
#11450 = ORIENTED_EDGE('',*,*,#11451,.T.);
#11451 = EDGE_CURVE('',#11362,#11452,#11454,.T.);
#11452 = VERTEX_POINT('',#11453);
#11453 = CARTESIAN_POINT('',(82.5,31.8,-8.7));
#11454 = LINE('',#11455,#11456);
#11455 = CARTESIAN_POINT('',(82.5,2.,-8.7));
#11456 = VECTOR('',#11457,1.);
#11457 = DIRECTION('',(0.,1.,0.));
#11458 = ORIENTED_EDGE('',*,*,#11459,.T.);
#11459 = EDGE_CURVE('',#11452,#11460,#11462,.T.);
#11460 = VERTEX_POINT('',#11461);
#11461 = CARTESIAN_POINT('',(80.499999999978,33.8,-8.7));
#11462 = CIRCLE('',#11463,2.);
#11463 = AXIS2_PLACEMENT_3D('',#11464,#11465,#11466);
#11464 = CARTESIAN_POINT('',(80.5,31.8,-8.7));
#11465 = DIRECTION('',(0.,0.,1.));
#11466 = DIRECTION('',(1.,0.,0.));
#11467 = ORIENTED_EDGE('',*,*,#11468,.T.);
#11468 = EDGE_CURVE('',#11460,#11332,#11469,.T.);
#11469 = LINE('',#11470,#11471);
#11470 = CARTESIAN_POINT('',(80.499999999978,33.8,-8.7));
#11471 = VECTOR('',#11472,1.);
#11472 = DIRECTION('',(-1.,0.,0.));
#11473 = ORIENTED_EDGE('',*,*,#11339,.T.);
#11474 = FACE_BOUND('',#11475,.T.);
#11475 = EDGE_LOOP('',(#11476));
#11476 = ORIENTED_EDGE('',*,*,#11477,.F.);
#11477 = EDGE_CURVE('',#11478,#11478,#11480,.T.);
#11478 = VERTEX_POINT('',#11479);
#11479 = CARTESIAN_POINT('',(77.95,3.,-8.7));
#11480 = CIRCLE('',#11481,1.15);
#11481 = AXIS2_PLACEMENT_3D('',#11482,#11483,#11484);
#11482 = CARTESIAN_POINT('',(79.1,3.,-8.7));
#11483 = DIRECTION('',(0.,0.,1.));
#11484 = DIRECTION('',(-1.,0.,0.));
#11485 = FACE_BOUND('',#11486,.T.);
#11486 = EDGE_LOOP('',(#11487));
#11487 = ORIENTED_EDGE('',*,*,#11488,.F.);
#11488 = EDGE_CURVE('',#11489,#11489,#11491,.T.);
#11489 = VERTEX_POINT('',#11490);
#11490 = CARTESIAN_POINT('',(77.95,30.8,-8.7));
#11491 = CIRCLE('',#11492,1.15);
#11492 = AXIS2_PLACEMENT_3D('',#11493,#11494,#11495);
#11493 = CARTESIAN_POINT('',(79.1,30.8,-8.7));
#11494 = DIRECTION('',(0.,0.,1.));
#11495 = DIRECTION('',(-1.,0.,0.));
#11496 = PLANE('',#11497);
#11497 = AXIS2_PLACEMENT_3D('',#11498,#11499,#11500);
#11498 = CARTESIAN_POINT('',(73.335077885051,16.9,-8.7));
#11499 = DIRECTION('',(0.,0.,1.));
#11500 = DIRECTION('',(1.,0.,0.));
#11501 = ADVANCED_FACE('',(#11502),#11513,.F.);
#11502 = FACE_BOUND('',#11503,.F.);
#11503 = EDGE_LOOP('',(#11504,#11510,#11511,#11512));
#11504 = ORIENTED_EDGE('',*,*,#11505,.T.);
#11505 = EDGE_CURVE('',#11404,#11460,#11506,.T.);
#11506 = LINE('',#11507,#11508);
#11507 = CARTESIAN_POINT('',(80.499999999978,33.8,-10.2));
#11508 = VECTOR('',#11509,1.);
#11509 = DIRECTION('',(0.,0.,1.));
#11510 = ORIENTED_EDGE('',*,*,#11468,.T.);
#11511 = ORIENTED_EDGE('',*,*,#11329,.F.);
#11512 = ORIENTED_EDGE('',*,*,#11412,.F.);
#11513 = PLANE('',#11514);
#11514 = AXIS2_PLACEMENT_3D('',#11515,#11516,#11517);
#11515 = CARTESIAN_POINT('',(80.499999999978,33.8,-10.2));
#11516 = DIRECTION('',(0.,-1.,0.));
#11517 = DIRECTION('',(-1.,0.,0.));
#11518 = ADVANCED_FACE('',(#11519),#11530,.F.);
#11519 = FACE_BOUND('',#11520,.F.);
#11520 = EDGE_LOOP('',(#11521,#11522,#11523,#11529));
#11521 = ORIENTED_EDGE('',*,*,#11370,.T.);
#11522 = ORIENTED_EDGE('',*,*,#11451,.T.);
#11523 = ORIENTED_EDGE('',*,*,#11524,.F.);
#11524 = EDGE_CURVE('',#11396,#11452,#11525,.T.);
#11525 = LINE('',#11526,#11527);
#11526 = CARTESIAN_POINT('',(82.5,31.8,-10.2));
#11527 = VECTOR('',#11528,1.);
#11528 = DIRECTION('',(0.,0.,1.));
#11529 = ORIENTED_EDGE('',*,*,#11395,.F.);
#11530 = PLANE('',#11531);
#11531 = AXIS2_PLACEMENT_3D('',#11532,#11533,#11534);
#11532 = CARTESIAN_POINT('',(82.5,2.,-10.2));
#11533 = DIRECTION('',(-1.,0.,0.));
#11534 = DIRECTION('',(0.,1.,0.));
#11535 = ADVANCED_FACE('',(#11536),#11542,.T.);
#11536 = FACE_BOUND('',#11537,.F.);
#11537 = EDGE_LOOP('',(#11538,#11539,#11540,#11541));
#11538 = ORIENTED_EDGE('',*,*,#11524,.T.);
#11539 = ORIENTED_EDGE('',*,*,#11459,.T.);
#11540 = ORIENTED_EDGE('',*,*,#11505,.F.);
#11541 = ORIENTED_EDGE('',*,*,#11403,.F.);
#11542 = CYLINDRICAL_SURFACE('',#11543,2.);
#11543 = AXIS2_PLACEMENT_3D('',#11544,#11545,#11546);
#11544 = CARTESIAN_POINT('',(80.5,31.8,-10.2));
#11545 = DIRECTION('',(-0.,-0.,-1.));
#11546 = DIRECTION('',(1.,0.,0.));
#11547 = ADVANCED_FACE('',(#11548),#11567,.F.);
#11548 = FACE_BOUND('',#11549,.T.);
#11549 = EDGE_LOOP('',(#11550,#11558,#11559,#11560));
#11550 = ORIENTED_EDGE('',*,*,#11551,.F.);
#11551 = EDGE_CURVE('',#11422,#11552,#11554,.T.);
#11552 = VERTEX_POINT('',#11553);
#11553 = CARTESIAN_POINT('',(77.1,3.,-9.7));
#11554 = LINE('',#11555,#11556);
#11555 = CARTESIAN_POINT('',(77.1,3.,-10.2));
#11556 = VECTOR('',#11557,1.);
#11557 = DIRECTION('',(0.,0.,1.));
#11558 = ORIENTED_EDGE('',*,*,#11421,.T.);
#11559 = ORIENTED_EDGE('',*,*,#11551,.T.);
#11560 = ORIENTED_EDGE('',*,*,#11561,.F.);
#11561 = EDGE_CURVE('',#11552,#11552,#11562,.T.);
#11562 = CIRCLE('',#11563,2.);
#11563 = AXIS2_PLACEMENT_3D('',#11564,#11565,#11566);
#11564 = CARTESIAN_POINT('',(79.1,3.,-9.7));
#11565 = DIRECTION('',(0.,0.,-1.));
#11566 = DIRECTION('',(-1.,0.,0.));
#11567 = CYLINDRICAL_SURFACE('',#11568,2.);
#11568 = AXIS2_PLACEMENT_3D('',#11569,#11570,#11571);
#11569 = CARTESIAN_POINT('',(79.1,3.,-10.2));
#11570 = DIRECTION('',(0.,0.,1.));
#11571 = DIRECTION('',(-1.,0.,0.));
#11572 = ADVANCED_FACE('',(#11573),#11592,.F.);
#11573 = FACE_BOUND('',#11574,.T.);
#11574 = EDGE_LOOP('',(#11575,#11583,#11584,#11585));
#11575 = ORIENTED_EDGE('',*,*,#11576,.F.);
#11576 = EDGE_CURVE('',#11433,#11577,#11579,.T.);
#11577 = VERTEX_POINT('',#11578);
#11578 = CARTESIAN_POINT('',(77.1,30.8,-9.7));
#11579 = LINE('',#11580,#11581);
#11580 = CARTESIAN_POINT('',(77.1,30.8,-10.2));
#11581 = VECTOR('',#11582,1.);
#11582 = DIRECTION('',(0.,0.,1.));
#11583 = ORIENTED_EDGE('',*,*,#11432,.T.);
#11584 = ORIENTED_EDGE('',*,*,#11576,.T.);
#11585 = ORIENTED_EDGE('',*,*,#11586,.F.);
#11586 = EDGE_CURVE('',#11577,#11577,#11587,.T.);
#11587 = CIRCLE('',#11588,2.);
#11588 = AXIS2_PLACEMENT_3D('',#11589,#11590,#11591);
#11589 = CARTESIAN_POINT('',(79.1,30.8,-9.7));
#11590 = DIRECTION('',(0.,0.,-1.));
#11591 = DIRECTION('',(-1.,0.,0.));
#11592 = CYLINDRICAL_SURFACE('',#11593,2.);
#11593 = AXIS2_PLACEMENT_3D('',#11594,#11595,#11596);
#11594 = CARTESIAN_POINT('',(79.1,30.8,-10.2));
#11595 = DIRECTION('',(0.,0.,1.));
#11596 = DIRECTION('',(-1.,0.,0.));
#11597 = ADVANCED_FACE('',(#11598),#11617,.F.);
#11598 = FACE_BOUND('',#11599,.T.);
#11599 = EDGE_LOOP('',(#11600,#11608,#11615,#11616));
#11600 = ORIENTED_EDGE('',*,*,#11601,.F.);
#11601 = EDGE_CURVE('',#11602,#11478,#11604,.T.);
#11602 = VERTEX_POINT('',#11603);
#11603 = CARTESIAN_POINT('',(77.95,3.,-9.7));
#11604 = LINE('',#11605,#11606);
#11605 = CARTESIAN_POINT('',(77.95,3.,-9.7));
#11606 = VECTOR('',#11607,1.);
#11607 = DIRECTION('',(6.062576224385E-17,0.,1.));
#11608 = ORIENTED_EDGE('',*,*,#11609,.T.);
#11609 = EDGE_CURVE('',#11602,#11602,#11610,.T.);
#11610 = CIRCLE('',#11611,1.15);
#11611 = AXIS2_PLACEMENT_3D('',#11612,#11613,#11614);
#11612 = CARTESIAN_POINT('',(79.1,3.,-9.7));
#11613 = DIRECTION('',(0.,0.,-1.));
#11614 = DIRECTION('',(-1.,0.,0.));
#11615 = ORIENTED_EDGE('',*,*,#11601,.T.);
#11616 = ORIENTED_EDGE('',*,*,#11477,.T.);
#11617 = CYLINDRICAL_SURFACE('',#11618,1.15);
#11618 = AXIS2_PLACEMENT_3D('',#11619,#11620,#11621);
#11619 = CARTESIAN_POINT('',(79.1,3.,-9.7));
#11620 = DIRECTION('',(0.,0.,1.));
#11621 = DIRECTION('',(-1.,0.,0.));
#11622 = ADVANCED_FACE('',(#11623),#11642,.F.);
#11623 = FACE_BOUND('',#11624,.T.);
#11624 = EDGE_LOOP('',(#11625,#11633,#11640,#11641));
#11625 = ORIENTED_EDGE('',*,*,#11626,.F.);
#11626 = EDGE_CURVE('',#11627,#11489,#11629,.T.);
#11627 = VERTEX_POINT('',#11628);
#11628 = CARTESIAN_POINT('',(77.95,30.8,-9.7));
#11629 = LINE('',#11630,#11631);
#11630 = CARTESIAN_POINT('',(77.95,30.8,-9.7));
#11631 = VECTOR('',#11632,1.);
#11632 = DIRECTION('',(6.062576224385E-17,0.,1.));
#11633 = ORIENTED_EDGE('',*,*,#11634,.T.);
#11634 = EDGE_CURVE('',#11627,#11627,#11635,.T.);
#11635 = CIRCLE('',#11636,1.15);
#11636 = AXIS2_PLACEMENT_3D('',#11637,#11638,#11639);
#11637 = CARTESIAN_POINT('',(79.1,30.8,-9.7));
#11638 = DIRECTION('',(0.,0.,-1.));
#11639 = DIRECTION('',(-1.,0.,0.));
#11640 = ORIENTED_EDGE('',*,*,#11626,.T.);
#11641 = ORIENTED_EDGE('',*,*,#11488,.T.);
#11642 = CYLINDRICAL_SURFACE('',#11643,1.15);
#11643 = AXIS2_PLACEMENT_3D('',#11644,#11645,#11646);
#11644 = CARTESIAN_POINT('',(79.1,30.8,-9.7));
#11645 = DIRECTION('',(0.,0.,1.));
#11646 = DIRECTION('',(-1.,0.,0.));
#11647 = ADVANCED_FACE('',(#11648,#11651),#11654,.F.);
#11648 = FACE_BOUND('',#11649,.T.);
#11649 = EDGE_LOOP('',(#11650));
#11650 = ORIENTED_EDGE('',*,*,#11561,.T.);
#11651 = FACE_BOUND('',#11652,.T.);
#11652 = EDGE_LOOP('',(#11653));
#11653 = ORIENTED_EDGE('',*,*,#11609,.F.);
#11654 = PLANE('',#11655);
#11655 = AXIS2_PLACEMENT_3D('',#11656,#11657,#11658);
#11656 = CARTESIAN_POINT('',(79.1,3.,-9.7));
#11657 = DIRECTION('',(0.,0.,1.));
#11658 = DIRECTION('',(1.,-0.,-0.));
#11659 = ADVANCED_FACE('',(#11660,#11663),#11666,.F.);
#11660 = FACE_BOUND('',#11661,.T.);
#11661 = EDGE_LOOP('',(#11662));
#11662 = ORIENTED_EDGE('',*,*,#11586,.T.);
#11663 = FACE_BOUND('',#11664,.T.);
#11664 = EDGE_LOOP('',(#11665));
#11665 = ORIENTED_EDGE('',*,*,#11634,.F.);
#11666 = PLANE('',#11667);
#11667 = AXIS2_PLACEMENT_3D('',#11668,#11669,#11670);
#11668 = CARTESIAN_POINT('',(79.1,30.8,-9.7));
#11669 = DIRECTION('',(0.,0.,1.));
#11670 = DIRECTION('',(1.,-0.,-0.));
#11671 = ( GEOMETRIC_REPRESENTATION_CONTEXT(3) 
GLOBAL_UNCERTAINTY_ASSIGNED_CONTEXT((#11675)) 
GLOBAL_UNIT_ASSIGNED_CONTEXT((#11672,#11673,#11674)) 
REPRESENTATION_CONTEXT('Context #1',
  '3D Context with UNIT and UNCERTAINTY') );
#11672 = ( LENGTH_UNIT() NAMED_UNIT(*) SI_UNIT(.MILLI.,.METRE.) );
#11673 = ( NAMED_UNIT(*) PLANE_ANGLE_UNIT() SI_UNIT($,.RADIAN.) );
#11674 = ( NAMED_UNIT(*) SI_UNIT($,.STERADIAN.) SOLID_ANGLE_UNIT() );
#11675 = UNCERTAINTY_MEASURE_WITH_UNIT(LENGTH_MEASURE(1.E-07),#11672,
  'distance_accuracy_value','confusion accuracy');
#11676 = CONTEXT_DEPENDENT_SHAPE_REPRESENTATION(#11677,#11679);
#11677 = ( REPRESENTATION_RELATIONSHIP('','',#11282,#10) 
REPRESENTATION_RELATIONSHIP_WITH_TRANSFORMATION(#11678) 
SHAPE_REPRESENTATION_RELATIONSHIP() );
#11678 = ITEM_DEFINED_TRANSFORMATION('','',#11,#31);
#11679 = PRODUCT_DEFINITION_SHAPE('Placement','Placement of an item',
  #11680);
#11680 = NEXT_ASSEMBLY_USAGE_OCCURRENCE('69','Retainer','',#5,#11277,$);
#11681 = PRODUCT_RELATED_PRODUCT_CATEGORY('part',$,(#11279));
ENDSEC;
END-ISO-10303-21;
