ISO-10303-21;
HEADER;
FILE_DESCRIPTION(('FreeCAD Model'),'2;1');
FILE_NAME('Open CASCADE Shape Model','2026-09-14T19:03:48',(''),(''),
  'Open CASCADE STEP processor 7.8','FreeCAD','Unknown');
FILE_SCHEMA(('AUTOMOTIVE_DESIGN { 1 0 10303 214 1 1 1 1 }'));
ENDSEC;
DATA;
#1 = APPLICATION_PROTOCOL_DEFINITION('international standard',
  'automotive_design',2000,#2);
#2 = APPLICATION_CONTEXT(
  'core data for automotive mechanical design processes');
#3 = SHAPE_DEFINITION_REPRESENTATION(#4,#10);
#4 = PRODUCT_DEFINITION_SHAPE('','',#5);
#5 = PRODUCT_DEFINITION('design','',#6,#9);
#6 = PRODUCT_DEFINITION_FORMATION('','',#7);
#7 = PRODUCT('Base','Base','',(#8));
#8 = PRODUCT_CONTEXT('',#2,'mechanical');
#9 = PRODUCT_DEFINITION_CONTEXT('part definition',#2,'design');
#10 = ADVANCED_BREP_SHAPE_REPRESENTATION('',(#11,#15),#4869);
#11 = AXIS2_PLACEMENT_3D('',#12,#13,#14);
#12 = CARTESIAN_POINT('',(0.,0.,0.));
#13 = DIRECTION('',(0.,0.,1.));
#14 = DIRECTION('',(1.,0.,-0.));
#15 = MANIFOLD_SOLID_BREP('',#16);
#16 = CLOSED_SHELL('',(#17,#89,#136,#160,#184,#224,#248,#288,#312,#329,
    #371,#402,#444,#629,#979,#1082,#1131,#1148,#1251,#1263,#1288,#1329,
    #1620,#1637,#1654,#1671,#1714,#1738,#1762,#1791,#1834,#1858,#1882,
    #1911,#1954,#1978,#2002,#2031,#2053,#2206,#2223,#2235,#2252,#2269,
    #2302,#2326,#2357,#2406,#2446,#2491,#2515,#2539,#2556,#2607,#2631,
    #2714,#2747,#2771,#2795,#2819,#2850,#2867,#2900,#2924,#2955,#2972,
    #2984,#2996,#3021,#3046,#3071,#3096,#3108,#3120,#3132,#3144,#3156,
    #3168,#3180,#3199,#3218,#3230,#3242,#3254,#3278,#3389,#3414,#3438,
    #3463,#3599,#3616,#3656,#3673,#3698,#3723,#3748,#3773,#3795,#3814,
    #3855,#3881,#3912,#3960,#3984,#4033,#4064,#4120,#4144,#4193,#4224,
    #4280,#4315,#4332,#4344,#4368,#4392,#4416,#4428,#4446,#4463,#4474,
    #4488,#4500,#4509,#4518,#4527,#4536,#4548,#4565,#4577,#4594,#4606,
    #4618,#4635,#4647,#4664,#4676,#4688,#4700,#4731,#4748,#4757,#4766,
    #4775,#4784,#4796,#4808,#4836,#4857));
#17 = ADVANCED_FACE('',(#18),#84,.F.);
#18 = FACE_BOUND('',#19,.F.);
#19 = EDGE_LOOP('',(#20,#30,#38,#46,#54,#62,#70,#78));
#20 = ORIENTED_EDGE('',*,*,#21,.F.);
#21 = EDGE_CURVE('',#22,#24,#26,.T.);
#22 = VERTEX_POINT('',#23);
#23 = CARTESIAN_POINT('',(73.9,23.18,23.8));
#24 = VERTEX_POINT('',#25);
#25 = CARTESIAN_POINT('',(73.9,10.62,23.8));
#26 = LINE('',#27,#28);
#27 = CARTESIAN_POINT('',(73.9,23.18,23.8));
#28 = VECTOR('',#29,1.);
#29 = DIRECTION('',(0.,-1.,0.));
#30 = ORIENTED_EDGE('',*,*,#31,.T.);
#31 = EDGE_CURVE('',#22,#32,#34,.T.);
#32 = VERTEX_POINT('',#33);
#33 = CARTESIAN_POINT('',(73.9,23.18,34.));
#34 = LINE('',#35,#36);
#35 = CARTESIAN_POINT('',(73.9,23.18,23.8));
#36 = VECTOR('',#37,1.);
#37 = DIRECTION('',(0.,0.,1.));
#38 = ORIENTED_EDGE('',*,*,#39,.T.);
#39 = EDGE_CURVE('',#32,#40,#42,.T.);
#40 = VERTEX_POINT('',#41);
#41 = CARTESIAN_POINT('',(73.9,22.18,34.));
#42 = LINE('',#43,#44);
#43 = CARTESIAN_POINT('',(73.9,23.18,34.));
#44 = VECTOR('',#45,1.);
#45 = DIRECTION('',(0.,-1.,0.));
#46 = ORIENTED_EDGE('',*,*,#47,.F.);
#47 = EDGE_CURVE('',#48,#40,#50,.T.);
#48 = VERTEX_POINT('',#49);
#49 = CARTESIAN_POINT('',(73.9,22.18,24.8));
#50 = LINE('',#51,#52);
#51 = CARTESIAN_POINT('',(73.9,22.18,24.8));
#52 = VECTOR('',#53,1.);
#53 = DIRECTION('',(0.,0.,1.));
#54 = ORIENTED_EDGE('',*,*,#55,.T.);
#55 = EDGE_CURVE('',#48,#56,#58,.T.);
#56 = VERTEX_POINT('',#57);
#57 = CARTESIAN_POINT('',(73.9,11.62,24.8));
#58 = LINE('',#59,#60);
#59 = CARTESIAN_POINT('',(73.9,22.18,24.8));
#60 = VECTOR('',#61,1.);
#61 = DIRECTION('',(0.,-1.,0.));
#62 = ORIENTED_EDGE('',*,*,#63,.T.);
#63 = EDGE_CURVE('',#56,#64,#66,.T.);
#64 = VERTEX_POINT('',#65);
#65 = CARTESIAN_POINT('',(73.9,11.62,34.));
#66 = LINE('',#67,#68);
#67 = CARTESIAN_POINT('',(73.9,11.62,24.8));
#68 = VECTOR('',#69,1.);
#69 = DIRECTION('',(0.,0.,1.));
#70 = ORIENTED_EDGE('',*,*,#71,.T.);
#71 = EDGE_CURVE('',#64,#72,#74,.T.);
#72 = VERTEX_POINT('',#73);
#73 = CARTESIAN_POINT('',(73.9,10.62,34.));
#74 = LINE('',#75,#76);
#75 = CARTESIAN_POINT('',(73.9,23.18,34.));
#76 = VECTOR('',#77,1.);
#77 = DIRECTION('',(0.,-1.,0.));
#78 = ORIENTED_EDGE('',*,*,#79,.F.);
#79 = EDGE_CURVE('',#24,#72,#80,.T.);
#80 = LINE('',#81,#82);
#81 = CARTESIAN_POINT('',(73.9,10.62,23.8));
#82 = VECTOR('',#83,1.);
#83 = DIRECTION('',(0.,0.,1.));
#84 = PLANE('',#85);
#85 = AXIS2_PLACEMENT_3D('',#86,#87,#88);
#86 = CARTESIAN_POINT('',(73.9,23.18,23.8));
#87 = DIRECTION('',(1.,0.,0.));
#88 = DIRECTION('',(0.,-1.,0.));
#89 = ADVANCED_FACE('',(#90),#131,.F.);
#90 = FACE_BOUND('',#91,.F.);
#91 = EDGE_LOOP('',(#92,#100,#108,#116,#124,#130));
#92 = ORIENTED_EDGE('',*,*,#93,.T.);
#93 = EDGE_CURVE('',#24,#94,#96,.T.);
#94 = VERTEX_POINT('',#95);
#95 = CARTESIAN_POINT('',(83.6,10.62,23.8));
#96 = LINE('',#97,#98);
#97 = CARTESIAN_POINT('',(73.9,10.62,23.8));
#98 = VECTOR('',#99,1.);
#99 = DIRECTION('',(1.,0.,0.));
#100 = ORIENTED_EDGE('',*,*,#101,.T.);
#101 = EDGE_CURVE('',#94,#102,#104,.T.);
#102 = VERTEX_POINT('',#103);
#103 = CARTESIAN_POINT('',(83.6,10.96,23.8));
#104 = LINE('',#105,#106);
#105 = CARTESIAN_POINT('',(83.6,10.62,23.8));
#106 = VECTOR('',#107,1.);
#107 = DIRECTION('',(0.,1.,0.));
#108 = ORIENTED_EDGE('',*,*,#109,.T.);
#109 = EDGE_CURVE('',#102,#110,#112,.T.);
#110 = VERTEX_POINT('',#111);
#111 = CARTESIAN_POINT('',(83.6,22.9,23.8));
#112 = LINE('',#113,#114);
#113 = CARTESIAN_POINT('',(83.6,10.62,23.8));
#114 = VECTOR('',#115,1.);
#115 = DIRECTION('',(0.,1.,0.));
#116 = ORIENTED_EDGE('',*,*,#117,.T.);
#117 = EDGE_CURVE('',#110,#118,#120,.T.);
#118 = VERTEX_POINT('',#119);
#119 = CARTESIAN_POINT('',(83.6,23.18,23.8));
#120 = LINE('',#121,#122);
#121 = CARTESIAN_POINT('',(83.6,10.62,23.8));
#122 = VECTOR('',#123,1.);
#123 = DIRECTION('',(0.,1.,0.));
#124 = ORIENTED_EDGE('',*,*,#125,.T.);
#125 = EDGE_CURVE('',#118,#22,#126,.T.);
#126 = LINE('',#127,#128);
#127 = CARTESIAN_POINT('',(83.6,23.18,23.8));
#128 = VECTOR('',#129,1.);
#129 = DIRECTION('',(-1.,0.,0.));
#130 = ORIENTED_EDGE('',*,*,#21,.T.);
#131 = PLANE('',#132);
#132 = AXIS2_PLACEMENT_3D('',#133,#134,#135);
#133 = CARTESIAN_POINT('',(78.75,16.9,23.8));
#134 = DIRECTION('',(0.,0.,1.));
#135 = DIRECTION('',(1.,0.,0.));
#136 = ADVANCED_FACE('',(#137),#155,.F.);
#137 = FACE_BOUND('',#138,.F.);
#138 = EDGE_LOOP('',(#139,#140,#148,#154));
#139 = ORIENTED_EDGE('',*,*,#79,.T.);
#140 = ORIENTED_EDGE('',*,*,#141,.T.);
#141 = EDGE_CURVE('',#72,#142,#144,.T.);
#142 = VERTEX_POINT('',#143);
#143 = CARTESIAN_POINT('',(83.6,10.62,34.));
#144 = LINE('',#145,#146);
#145 = CARTESIAN_POINT('',(73.9,10.62,34.));
#146 = VECTOR('',#147,1.);
#147 = DIRECTION('',(1.,0.,0.));
#148 = ORIENTED_EDGE('',*,*,#149,.F.);
#149 = EDGE_CURVE('',#94,#142,#150,.T.);
#150 = LINE('',#151,#152);
#151 = CARTESIAN_POINT('',(83.6,10.62,23.8));
#152 = VECTOR('',#153,1.);
#153 = DIRECTION('',(0.,0.,1.));
#154 = ORIENTED_EDGE('',*,*,#93,.F.);
#155 = PLANE('',#156);
#156 = AXIS2_PLACEMENT_3D('',#157,#158,#159);
#157 = CARTESIAN_POINT('',(73.9,10.62,23.8));
#158 = DIRECTION('',(0.,1.,0.));
#159 = DIRECTION('',(1.,0.,0.));
#160 = ADVANCED_FACE('',(#161),#179,.T.);
#161 = FACE_BOUND('',#162,.T.);
#162 = EDGE_LOOP('',(#163,#164,#165,#173));
#163 = ORIENTED_EDGE('',*,*,#71,.T.);
#164 = ORIENTED_EDGE('',*,*,#141,.T.);
#165 = ORIENTED_EDGE('',*,*,#166,.T.);
#166 = EDGE_CURVE('',#142,#167,#169,.T.);
#167 = VERTEX_POINT('',#168);
#168 = CARTESIAN_POINT('',(83.6,11.62,34.));
#169 = LINE('',#170,#171);
#170 = CARTESIAN_POINT('',(83.6,10.62,34.));
#171 = VECTOR('',#172,1.);
#172 = DIRECTION('',(0.,1.,0.));
#173 = ORIENTED_EDGE('',*,*,#174,.T.);
#174 = EDGE_CURVE('',#167,#64,#175,.T.);
#175 = LINE('',#176,#177);
#176 = CARTESIAN_POINT('',(76.325,11.62,34.));
#177 = VECTOR('',#178,1.);
#178 = DIRECTION('',(-1.,0.,0.));
#179 = PLANE('',#180);
#180 = AXIS2_PLACEMENT_3D('',#181,#182,#183);
#181 = CARTESIAN_POINT('',(78.75,16.9,34.));
#182 = DIRECTION('',(0.,0.,1.));
#183 = DIRECTION('',(1.,0.,0.));
#184 = ADVANCED_FACE('',(#185),#219,.T.);
#185 = FACE_BOUND('',#186,.T.);
#186 = EDGE_LOOP('',(#187,#197,#203,#204,#205,#213));
#187 = ORIENTED_EDGE('',*,*,#188,.F.);
#188 = EDGE_CURVE('',#189,#191,#193,.T.);
#189 = VERTEX_POINT('',#190);
#190 = CARTESIAN_POINT('',(86.,11.62,24.8));
#191 = VERTEX_POINT('',#192);
#192 = CARTESIAN_POINT('',(86.,11.62,36.));
#193 = LINE('',#194,#195);
#194 = CARTESIAN_POINT('',(86.,11.62,16.7));
#195 = VECTOR('',#196,1.);
#196 = DIRECTION('',(0.,0.,1.));
#197 = ORIENTED_EDGE('',*,*,#198,.F.);
#198 = EDGE_CURVE('',#56,#189,#199,.T.);
#199 = LINE('',#200,#201);
#200 = CARTESIAN_POINT('',(73.9,11.62,24.8));
#201 = VECTOR('',#202,1.);
#202 = DIRECTION('',(1.,0.,0.));
#203 = ORIENTED_EDGE('',*,*,#63,.T.);
#204 = ORIENTED_EDGE('',*,*,#174,.F.);
#205 = ORIENTED_EDGE('',*,*,#206,.T.);
#206 = EDGE_CURVE('',#167,#207,#209,.T.);
#207 = VERTEX_POINT('',#208);
#208 = CARTESIAN_POINT('',(83.6,11.62,36.));
#209 = LINE('',#210,#211);
#210 = CARTESIAN_POINT('',(83.6,11.62,30.4));
#211 = VECTOR('',#212,1.);
#212 = DIRECTION('',(0.,0.,1.));
#213 = ORIENTED_EDGE('',*,*,#214,.T.);
#214 = EDGE_CURVE('',#207,#191,#215,.T.);
#215 = LINE('',#216,#217);
#216 = CARTESIAN_POINT('',(73.9,11.62,36.));
#217 = VECTOR('',#218,1.);
#218 = DIRECTION('',(1.,0.,0.));
#219 = PLANE('',#220);
#220 = AXIS2_PLACEMENT_3D('',#221,#222,#223);
#221 = CARTESIAN_POINT('',(80.366309012876,11.62,29.983690987124));
#222 = DIRECTION('',(0.,1.,0.));
#223 = DIRECTION('',(0.,0.,1.));
#224 = ADVANCED_FACE('',(#225),#243,.T.);
#225 = FACE_BOUND('',#226,.T.);
#226 = EDGE_LOOP('',(#227,#235,#241,#242));
#227 = ORIENTED_EDGE('',*,*,#228,.F.);
#228 = EDGE_CURVE('',#229,#189,#231,.T.);
#229 = VERTEX_POINT('',#230);
#230 = CARTESIAN_POINT('',(86.,22.18,24.8));
#231 = LINE('',#232,#233);
#232 = CARTESIAN_POINT('',(86.,6.81,24.8));
#233 = VECTOR('',#234,1.);
#234 = DIRECTION('',(-0.,-1.,-0.));
#235 = ORIENTED_EDGE('',*,*,#236,.T.);
#236 = EDGE_CURVE('',#229,#48,#237,.T.);
#237 = LINE('',#238,#239);
#238 = CARTESIAN_POINT('',(86.,22.18,24.8));
#239 = VECTOR('',#240,1.);
#240 = DIRECTION('',(-1.,0.,0.));
#241 = ORIENTED_EDGE('',*,*,#55,.T.);
#242 = ORIENTED_EDGE('',*,*,#198,.T.);
#243 = PLANE('',#244);
#244 = AXIS2_PLACEMENT_3D('',#245,#246,#247);
#245 = CARTESIAN_POINT('',(79.95,16.9,24.8));
#246 = DIRECTION('',(0.,0.,1.));
#247 = DIRECTION('',(1.,0.,0.));
#248 = ADVANCED_FACE('',(#249),#283,.T.);
#249 = FACE_BOUND('',#250,.T.);
#250 = EDGE_LOOP('',(#251,#252,#260,#268,#276,#282));
#251 = ORIENTED_EDGE('',*,*,#236,.F.);
#252 = ORIENTED_EDGE('',*,*,#253,.T.);
#253 = EDGE_CURVE('',#229,#254,#256,.T.);
#254 = VERTEX_POINT('',#255);
#255 = CARTESIAN_POINT('',(86.,22.18,36.));
#256 = LINE('',#257,#258);
#257 = CARTESIAN_POINT('',(86.,22.18,24.8));
#258 = VECTOR('',#259,1.);
#259 = DIRECTION('',(0.,0.,1.));
#260 = ORIENTED_EDGE('',*,*,#261,.T.);
#261 = EDGE_CURVE('',#254,#262,#264,.T.);
#262 = VERTEX_POINT('',#263);
#263 = CARTESIAN_POINT('',(83.6,22.18,36.));
#264 = LINE('',#265,#266);
#265 = CARTESIAN_POINT('',(86.,22.18,36.));
#266 = VECTOR('',#267,1.);
#267 = DIRECTION('',(-1.,0.,0.));
#268 = ORIENTED_EDGE('',*,*,#269,.T.);
#269 = EDGE_CURVE('',#262,#270,#272,.T.);
#270 = VERTEX_POINT('',#271);
#271 = CARTESIAN_POINT('',(83.6,22.18,34.));
#272 = LINE('',#273,#274);
#273 = CARTESIAN_POINT('',(83.6,22.18,30.4));
#274 = VECTOR('',#275,1.);
#275 = DIRECTION('',(0.,0.,-1.));
#276 = ORIENTED_EDGE('',*,*,#277,.F.);
#277 = EDGE_CURVE('',#40,#270,#278,.T.);
#278 = LINE('',#279,#280);
#279 = CARTESIAN_POINT('',(82.375,22.18,34.));
#280 = VECTOR('',#281,1.);
#281 = DIRECTION('',(1.,0.,0.));
#282 = ORIENTED_EDGE('',*,*,#47,.F.);
#283 = PLANE('',#284);
#284 = AXIS2_PLACEMENT_3D('',#285,#286,#287);
#285 = CARTESIAN_POINT('',(80.366309012876,22.18,29.983690987124));
#286 = DIRECTION('',(-0.,-1.,-0.));
#287 = DIRECTION('',(0.,0.,-1.));
#288 = ADVANCED_FACE('',(#289),#307,.T.);
#289 = FACE_BOUND('',#290,.T.);
#290 = EDGE_LOOP('',(#291,#292,#293,#301));
#291 = ORIENTED_EDGE('',*,*,#39,.T.);
#292 = ORIENTED_EDGE('',*,*,#277,.T.);
#293 = ORIENTED_EDGE('',*,*,#294,.T.);
#294 = EDGE_CURVE('',#270,#295,#297,.T.);
#295 = VERTEX_POINT('',#296);
#296 = CARTESIAN_POINT('',(83.6,23.18,34.));
#297 = LINE('',#298,#299);
#298 = CARTESIAN_POINT('',(83.6,10.62,34.));
#299 = VECTOR('',#300,1.);
#300 = DIRECTION('',(0.,1.,0.));
#301 = ORIENTED_EDGE('',*,*,#302,.T.);
#302 = EDGE_CURVE('',#295,#32,#303,.T.);
#303 = LINE('',#304,#305);
#304 = CARTESIAN_POINT('',(83.6,23.18,34.));
#305 = VECTOR('',#306,1.);
#306 = DIRECTION('',(-1.,0.,0.));
#307 = PLANE('',#308);
#308 = AXIS2_PLACEMENT_3D('',#309,#310,#311);
#309 = CARTESIAN_POINT('',(78.75,16.9,34.));
#310 = DIRECTION('',(0.,0.,1.));
#311 = DIRECTION('',(1.,0.,0.));
#312 = ADVANCED_FACE('',(#313),#324,.F.);
#313 = FACE_BOUND('',#314,.F.);
#314 = EDGE_LOOP('',(#315,#321,#322,#323));
#315 = ORIENTED_EDGE('',*,*,#316,.T.);
#316 = EDGE_CURVE('',#118,#295,#317,.T.);
#317 = LINE('',#318,#319);
#318 = CARTESIAN_POINT('',(83.6,23.18,23.8));
#319 = VECTOR('',#320,1.);
#320 = DIRECTION('',(0.,0.,1.));
#321 = ORIENTED_EDGE('',*,*,#302,.T.);
#322 = ORIENTED_EDGE('',*,*,#31,.F.);
#323 = ORIENTED_EDGE('',*,*,#125,.F.);
#324 = PLANE('',#325);
#325 = AXIS2_PLACEMENT_3D('',#326,#327,#328);
#326 = CARTESIAN_POINT('',(83.6,23.18,23.8));
#327 = DIRECTION('',(0.,-1.,0.));
#328 = DIRECTION('',(-1.,0.,0.));
#329 = ADVANCED_FACE('',(#330),#366,.F.);
#330 = FACE_BOUND('',#331,.F.);
#331 = EDGE_LOOP('',(#332,#340,#348,#356,#362,#363,#364,#365));
#332 = ORIENTED_EDGE('',*,*,#333,.F.);
#333 = EDGE_CURVE('',#334,#207,#336,.T.);
#334 = VERTEX_POINT('',#335);
#335 = CARTESIAN_POINT('',(83.6,7.9,36.));
#336 = LINE('',#337,#338);
#337 = CARTESIAN_POINT('',(83.6,7.9,36.));
#338 = VECTOR('',#339,1.);
#339 = DIRECTION('',(0.,1.,0.));
#340 = ORIENTED_EDGE('',*,*,#341,.T.);
#341 = EDGE_CURVE('',#334,#342,#344,.T.);
#342 = VERTEX_POINT('',#343);
#343 = CARTESIAN_POINT('',(83.6,7.9,20.));
#344 = LINE('',#345,#346);
#345 = CARTESIAN_POINT('',(83.6,7.9,36.));
#346 = VECTOR('',#347,1.);
#347 = DIRECTION('',(-0.,-0.,-1.));
#348 = ORIENTED_EDGE('',*,*,#349,.T.);
#349 = EDGE_CURVE('',#342,#350,#352,.T.);
#350 = VERTEX_POINT('',#351);
#351 = CARTESIAN_POINT('',(83.6,10.96,20.));
#352 = LINE('',#353,#354);
#353 = CARTESIAN_POINT('',(83.6,3.8,20.));
#354 = VECTOR('',#355,1.);
#355 = DIRECTION('',(0.,1.,0.));
#356 = ORIENTED_EDGE('',*,*,#357,.F.);
#357 = EDGE_CURVE('',#102,#350,#358,.T.);
#358 = LINE('',#359,#360);
#359 = CARTESIAN_POINT('',(83.6,10.96,30.));
#360 = VECTOR('',#361,1.);
#361 = DIRECTION('',(0.,0.,-1.));
#362 = ORIENTED_EDGE('',*,*,#101,.F.);
#363 = ORIENTED_EDGE('',*,*,#149,.T.);
#364 = ORIENTED_EDGE('',*,*,#166,.T.);
#365 = ORIENTED_EDGE('',*,*,#206,.T.);
#366 = PLANE('',#367);
#367 = AXIS2_PLACEMENT_3D('',#368,#369,#370);
#368 = CARTESIAN_POINT('',(83.6,7.9,36.));
#369 = DIRECTION('',(1.,0.,0.));
#370 = DIRECTION('',(0.,1.,0.));
#371 = ADVANCED_FACE('',(#372),#397,.F.);
#372 = FACE_BOUND('',#373,.F.);
#373 = EDGE_LOOP('',(#374,#375,#383,#391));
#374 = ORIENTED_EDGE('',*,*,#109,.F.);
#375 = ORIENTED_EDGE('',*,*,#376,.F.);
#376 = EDGE_CURVE('',#377,#102,#379,.T.);
#377 = VERTEX_POINT('',#378);
#378 = CARTESIAN_POINT('',(83.6,10.96,24.));
#379 = LINE('',#380,#381);
#380 = CARTESIAN_POINT('',(83.6,10.96,30.));
#381 = VECTOR('',#382,1.);
#382 = DIRECTION('',(0.,0.,-1.));
#383 = ORIENTED_EDGE('',*,*,#384,.F.);
#384 = EDGE_CURVE('',#385,#377,#387,.T.);
#385 = VERTEX_POINT('',#386);
#386 = CARTESIAN_POINT('',(83.6,22.9,24.));
#387 = LINE('',#388,#389);
#388 = CARTESIAN_POINT('',(83.6,15.4,24.));
#389 = VECTOR('',#390,1.);
#390 = DIRECTION('',(0.,-1.,0.));
#391 = ORIENTED_EDGE('',*,*,#392,.F.);
#392 = EDGE_CURVE('',#110,#385,#393,.T.);
#393 = LINE('',#394,#395);
#394 = CARTESIAN_POINT('',(83.6,22.9,26.5));
#395 = VECTOR('',#396,1.);
#396 = DIRECTION('',(0.,0.,1.));
#397 = PLANE('',#398);
#398 = AXIS2_PLACEMENT_3D('',#399,#400,#401);
#399 = CARTESIAN_POINT('',(83.6,10.62,23.8));
#400 = DIRECTION('',(-1.,0.,0.));
#401 = DIRECTION('',(0.,1.,0.));
#402 = ADVANCED_FACE('',(#403),#439,.F.);
#403 = FACE_BOUND('',#404,.F.);
#404 = EDGE_LOOP('',(#405,#413,#414,#415,#416,#417,#425,#433));
#405 = ORIENTED_EDGE('',*,*,#406,.F.);
#406 = EDGE_CURVE('',#262,#407,#409,.T.);
#407 = VERTEX_POINT('',#408);
#408 = CARTESIAN_POINT('',(83.6,25.9,36.));
#409 = LINE('',#410,#411);
#410 = CARTESIAN_POINT('',(83.6,7.9,36.));
#411 = VECTOR('',#412,1.);
#412 = DIRECTION('',(0.,1.,0.));
#413 = ORIENTED_EDGE('',*,*,#269,.T.);
#414 = ORIENTED_EDGE('',*,*,#294,.T.);
#415 = ORIENTED_EDGE('',*,*,#316,.F.);
#416 = ORIENTED_EDGE('',*,*,#117,.F.);
#417 = ORIENTED_EDGE('',*,*,#418,.F.);
#418 = EDGE_CURVE('',#419,#110,#421,.T.);
#419 = VERTEX_POINT('',#420);
#420 = CARTESIAN_POINT('',(83.6,22.9,20.));
#421 = LINE('',#422,#423);
#422 = CARTESIAN_POINT('',(83.6,22.9,26.5));
#423 = VECTOR('',#424,1.);
#424 = DIRECTION('',(0.,0.,1.));
#425 = ORIENTED_EDGE('',*,*,#426,.T.);
#426 = EDGE_CURVE('',#419,#427,#429,.T.);
#427 = VERTEX_POINT('',#428);
#428 = CARTESIAN_POINT('',(83.6,25.9,20.));
#429 = LINE('',#430,#431);
#430 = CARTESIAN_POINT('',(83.6,22.9,20.));
#431 = VECTOR('',#432,1.);
#432 = DIRECTION('',(0.,1.,0.));
#433 = ORIENTED_EDGE('',*,*,#434,.F.);
#434 = EDGE_CURVE('',#407,#427,#435,.T.);
#435 = LINE('',#436,#437);
#436 = CARTESIAN_POINT('',(83.6,25.9,36.));
#437 = VECTOR('',#438,1.);
#438 = DIRECTION('',(-0.,-0.,-1.));
#439 = PLANE('',#440);
#440 = AXIS2_PLACEMENT_3D('',#441,#442,#443);
#441 = CARTESIAN_POINT('',(83.6,7.9,36.));
#442 = DIRECTION('',(1.,0.,0.));
#443 = DIRECTION('',(0.,1.,0.));
#444 = ADVANCED_FACE('',(#445,#488,#522,#556,#590),#624,.F.);
#445 = FACE_BOUND('',#446,.F.);
#446 = EDGE_LOOP('',(#447,#457,#465,#471,#472,#473,#474,#482));
#447 = ORIENTED_EDGE('',*,*,#448,.F.);
#448 = EDGE_CURVE('',#449,#451,#453,.T.);
#449 = VERTEX_POINT('',#450);
#450 = CARTESIAN_POINT('',(86.,2.,0.));
#451 = VERTEX_POINT('',#452);
#452 = CARTESIAN_POINT('',(86.,31.8,0.));
#453 = LINE('',#454,#455);
#454 = CARTESIAN_POINT('',(86.,2.,0.));
#455 = VECTOR('',#456,1.);
#456 = DIRECTION('',(0.,1.,0.));
#457 = ORIENTED_EDGE('',*,*,#458,.T.);
#458 = EDGE_CURVE('',#449,#459,#461,.T.);
#459 = VERTEX_POINT('',#460);
#460 = CARTESIAN_POINT('',(86.,2.,36.));
#461 = LINE('',#462,#463);
#462 = CARTESIAN_POINT('',(86.,2.,0.));
#463 = VECTOR('',#464,1.);
#464 = DIRECTION('',(0.,0.,1.));
#465 = ORIENTED_EDGE('',*,*,#466,.T.);
#466 = EDGE_CURVE('',#459,#191,#467,.T.);
#467 = LINE('',#468,#469);
#468 = CARTESIAN_POINT('',(86.,2.,36.));
#469 = VECTOR('',#470,1.);
#470 = DIRECTION('',(0.,1.,0.));
#471 = ORIENTED_EDGE('',*,*,#188,.F.);
#472 = ORIENTED_EDGE('',*,*,#228,.F.);
#473 = ORIENTED_EDGE('',*,*,#253,.T.);
#474 = ORIENTED_EDGE('',*,*,#475,.T.);
#475 = EDGE_CURVE('',#254,#476,#478,.T.);
#476 = VERTEX_POINT('',#477);
#477 = CARTESIAN_POINT('',(86.,31.8,36.));
#478 = LINE('',#479,#480);
#479 = CARTESIAN_POINT('',(86.,2.,36.));
#480 = VECTOR('',#481,1.);
#481 = DIRECTION('',(0.,1.,0.));
#482 = ORIENTED_EDGE('',*,*,#483,.F.);
#483 = EDGE_CURVE('',#451,#476,#484,.T.);
#484 = LINE('',#485,#486);
#485 = CARTESIAN_POINT('',(86.,31.8,0.));
#486 = VECTOR('',#487,1.);
#487 = DIRECTION('',(0.,0.,1.));
#488 = FACE_BOUND('',#489,.F.);
#489 = EDGE_LOOP('',(#490,#500,#508,#516));
#490 = ORIENTED_EDGE('',*,*,#491,.F.);
#491 = EDGE_CURVE('',#492,#494,#496,.T.);
#492 = VERTEX_POINT('',#493);
#493 = CARTESIAN_POINT('',(86.,22.9,17.));
#494 = VERTEX_POINT('',#495);
#495 = CARTESIAN_POINT('',(86.,10.96,17.));
#496 = LINE('',#497,#498);
#497 = CARTESIAN_POINT('',(86.,6.48,17.));
#498 = VECTOR('',#499,1.);
#499 = DIRECTION('',(-0.,-1.,-0.));
#500 = ORIENTED_EDGE('',*,*,#501,.F.);
#501 = EDGE_CURVE('',#502,#492,#504,.T.);
#502 = VERTEX_POINT('',#503);
#503 = CARTESIAN_POINT('',(86.,22.9,24.));
#504 = LINE('',#505,#506);
#505 = CARTESIAN_POINT('',(86.,22.9,8.5));
#506 = VECTOR('',#507,1.);
#507 = DIRECTION('',(0.,0.,-1.));
#508 = ORIENTED_EDGE('',*,*,#509,.F.);
#509 = EDGE_CURVE('',#510,#502,#512,.T.);
#510 = VERTEX_POINT('',#511);
#511 = CARTESIAN_POINT('',(86.,10.96,24.));
#512 = LINE('',#513,#514);
#513 = CARTESIAN_POINT('',(86.,12.45,24.));
#514 = VECTOR('',#515,1.);
#515 = DIRECTION('',(0.,1.,0.));
#516 = ORIENTED_EDGE('',*,*,#517,.F.);
#517 = EDGE_CURVE('',#494,#510,#518,.T.);
#518 = LINE('',#519,#520);
#519 = CARTESIAN_POINT('',(86.,10.96,12.));
#520 = VECTOR('',#521,1.);
#521 = DIRECTION('',(0.,0.,1.));
#522 = FACE_BOUND('',#523,.F.);
#523 = EDGE_LOOP('',(#524,#534,#542,#550));
#524 = ORIENTED_EDGE('',*,*,#525,.F.);
#525 = EDGE_CURVE('',#526,#528,#530,.T.);
#526 = VERTEX_POINT('',#527);
#527 = CARTESIAN_POINT('',(86.,26.9,11.5));
#528 = VERTEX_POINT('',#529);
#529 = CARTESIAN_POINT('',(86.,6.9,11.5));
#530 = LINE('',#531,#532);
#531 = CARTESIAN_POINT('',(86.,4.45,11.5));
#532 = VECTOR('',#533,1.);
#533 = DIRECTION('',(-0.,-1.,-0.));
#534 = ORIENTED_EDGE('',*,*,#535,.F.);
#535 = EDGE_CURVE('',#536,#526,#538,.T.);
#536 = VERTEX_POINT('',#537);
#537 = CARTESIAN_POINT('',(86.,26.9,13.5));
#538 = LINE('',#539,#540);
#539 = CARTESIAN_POINT('',(86.,26.9,5.75));
#540 = VECTOR('',#541,1.);
#541 = DIRECTION('',(0.,0.,-1.));
#542 = ORIENTED_EDGE('',*,*,#543,.F.);
#543 = EDGE_CURVE('',#544,#536,#546,.T.);
#544 = VERTEX_POINT('',#545);
#545 = CARTESIAN_POINT('',(86.,6.9,13.5));
#546 = LINE('',#547,#548);
#547 = CARTESIAN_POINT('',(86.,14.45,13.5));
#548 = VECTOR('',#549,1.);
#549 = DIRECTION('',(0.,1.,0.));
#550 = ORIENTED_EDGE('',*,*,#551,.F.);
#551 = EDGE_CURVE('',#528,#544,#552,.T.);
#552 = LINE('',#553,#554);
#553 = CARTESIAN_POINT('',(86.,6.9,6.75));
#554 = VECTOR('',#555,1.);
#555 = DIRECTION('',(0.,0.,1.));
#556 = FACE_BOUND('',#557,.F.);
#557 = EDGE_LOOP('',(#558,#568,#576,#584));
#558 = ORIENTED_EDGE('',*,*,#559,.F.);
#559 = EDGE_CURVE('',#560,#562,#564,.T.);
#560 = VERTEX_POINT('',#561);
#561 = CARTESIAN_POINT('',(86.,26.9,7.5));
#562 = VERTEX_POINT('',#563);
#563 = CARTESIAN_POINT('',(86.,6.9,7.5));
#564 = LINE('',#565,#566);
#565 = CARTESIAN_POINT('',(86.,4.45,7.5));
#566 = VECTOR('',#567,1.);
#567 = DIRECTION('',(-0.,-1.,-0.));
#568 = ORIENTED_EDGE('',*,*,#569,.F.);
#569 = EDGE_CURVE('',#570,#560,#572,.T.);
#570 = VERTEX_POINT('',#571);
#571 = CARTESIAN_POINT('',(86.,26.9,9.5));
#572 = LINE('',#573,#574);
#573 = CARTESIAN_POINT('',(86.,26.9,3.75));
#574 = VECTOR('',#575,1.);
#575 = DIRECTION('',(0.,0.,-1.));
#576 = ORIENTED_EDGE('',*,*,#577,.F.);
#577 = EDGE_CURVE('',#578,#570,#580,.T.);
#578 = VERTEX_POINT('',#579);
#579 = CARTESIAN_POINT('',(86.,6.9,9.5));
#580 = LINE('',#581,#582);
#581 = CARTESIAN_POINT('',(86.,14.45,9.5));
#582 = VECTOR('',#583,1.);
#583 = DIRECTION('',(0.,1.,0.));
#584 = ORIENTED_EDGE('',*,*,#585,.F.);
#585 = EDGE_CURVE('',#562,#578,#586,.T.);
#586 = LINE('',#587,#588);
#587 = CARTESIAN_POINT('',(86.,6.9,4.75));
#588 = VECTOR('',#589,1.);
#589 = DIRECTION('',(0.,0.,1.));
#590 = FACE_BOUND('',#591,.F.);
#591 = EDGE_LOOP('',(#592,#602,#610,#618));
#592 = ORIENTED_EDGE('',*,*,#593,.F.);
#593 = EDGE_CURVE('',#594,#596,#598,.T.);
#594 = VERTEX_POINT('',#595);
#595 = CARTESIAN_POINT('',(86.,26.9,3.5));
#596 = VERTEX_POINT('',#597);
#597 = CARTESIAN_POINT('',(86.,6.9,3.5));
#598 = LINE('',#599,#600);
#599 = CARTESIAN_POINT('',(86.,4.45,3.5));
#600 = VECTOR('',#601,1.);
#601 = DIRECTION('',(-0.,-1.,-0.));
#602 = ORIENTED_EDGE('',*,*,#603,.F.);
#603 = EDGE_CURVE('',#604,#594,#606,.T.);
#604 = VERTEX_POINT('',#605);
#605 = CARTESIAN_POINT('',(86.,26.9,5.5));
#606 = LINE('',#607,#608);
#607 = CARTESIAN_POINT('',(86.,26.9,1.75));
#608 = VECTOR('',#609,1.);
#609 = DIRECTION('',(0.,0.,-1.));
#610 = ORIENTED_EDGE('',*,*,#611,.F.);
#611 = EDGE_CURVE('',#612,#604,#614,.T.);
#612 = VERTEX_POINT('',#613);
#613 = CARTESIAN_POINT('',(86.,6.9,5.5));
#614 = LINE('',#615,#616);
#615 = CARTESIAN_POINT('',(86.,14.45,5.5));
#616 = VECTOR('',#617,1.);
#617 = DIRECTION('',(0.,1.,0.));
#618 = ORIENTED_EDGE('',*,*,#619,.F.);
#619 = EDGE_CURVE('',#596,#612,#620,.T.);
#620 = LINE('',#621,#622);
#621 = CARTESIAN_POINT('',(86.,6.9,2.75));
#622 = VECTOR('',#623,1.);
#623 = DIRECTION('',(0.,0.,1.));
#624 = PLANE('',#625);
#625 = AXIS2_PLACEMENT_3D('',#626,#627,#628);
#626 = CARTESIAN_POINT('',(86.,2.,0.));
#627 = DIRECTION('',(-1.,0.,0.));
#628 = DIRECTION('',(0.,1.,0.));
#629 = ADVANCED_FACE('',(#630,#930,#941,#952,#963),#974,.T.);
#630 = FACE_BOUND('',#631,.T.);
#631 = EDGE_LOOP('',(#632,#643,#651,#660,#668,#675,#676,#677,#678,#687,
    #695,#703,#711,#719,#727,#735,#743,#751,#759,#767,#775,#783,#791,
    #800,#808,#817,#825,#833,#841,#849,#857,#865,#873,#881,#889,#897,
    #905,#912,#913,#914,#915,#924));
#632 = ORIENTED_EDGE('',*,*,#633,.T.);
#633 = EDGE_CURVE('',#634,#636,#638,.T.);
#634 = VERTEX_POINT('',#635);
#635 = CARTESIAN_POINT('',(2.,33.8,36.));
#636 = VERTEX_POINT('',#637);
#637 = CARTESIAN_POINT('',(0.,31.8,36.));
#638 = CIRCLE('',#639,2.);
#639 = AXIS2_PLACEMENT_3D('',#640,#641,#642);
#640 = CARTESIAN_POINT('',(2.,31.8,36.));
#641 = DIRECTION('',(0.,0.,1.));
#642 = DIRECTION('',(1.,0.,0.));
#643 = ORIENTED_EDGE('',*,*,#644,.T.);
#644 = EDGE_CURVE('',#636,#645,#647,.T.);
#645 = VERTEX_POINT('',#646);
#646 = CARTESIAN_POINT('',(0.,2.,36.));
#647 = LINE('',#648,#649);
#648 = CARTESIAN_POINT('',(0.,31.8,36.));
#649 = VECTOR('',#650,1.);
#650 = DIRECTION('',(0.,-1.,0.));
#651 = ORIENTED_EDGE('',*,*,#652,.T.);
#652 = EDGE_CURVE('',#645,#653,#655,.T.);
#653 = VERTEX_POINT('',#654);
#654 = CARTESIAN_POINT('',(2.,0.,36.));
#655 = CIRCLE('',#656,2.);
#656 = AXIS2_PLACEMENT_3D('',#657,#658,#659);
#657 = CARTESIAN_POINT('',(2.,2.,36.));
#658 = DIRECTION('',(0.,0.,1.));
#659 = DIRECTION('',(1.,0.,0.));
#660 = ORIENTED_EDGE('',*,*,#661,.T.);
#661 = EDGE_CURVE('',#653,#662,#664,.T.);
#662 = VERTEX_POINT('',#663);
#663 = CARTESIAN_POINT('',(84.,0.,36.));
#664 = LINE('',#665,#666);
#665 = CARTESIAN_POINT('',(2.,0.,36.));
#666 = VECTOR('',#667,1.);
#667 = DIRECTION('',(1.,0.,0.));
#668 = ORIENTED_EDGE('',*,*,#669,.T.);
#669 = EDGE_CURVE('',#662,#459,#670,.T.);
#670 = CIRCLE('',#671,2.);
#671 = AXIS2_PLACEMENT_3D('',#672,#673,#674);
#672 = CARTESIAN_POINT('',(84.,2.,36.));
#673 = DIRECTION('',(0.,0.,1.));
#674 = DIRECTION('',(1.,0.,0.));
#675 = ORIENTED_EDGE('',*,*,#466,.T.);
#676 = ORIENTED_EDGE('',*,*,#214,.F.);
#677 = ORIENTED_EDGE('',*,*,#333,.F.);
#678 = ORIENTED_EDGE('',*,*,#679,.F.);
#679 = EDGE_CURVE('',#680,#334,#682,.T.);
#680 = VERTEX_POINT('',#681);
#681 = CARTESIAN_POINT('',(82.22449979984,6.,36.));
#682 = CIRCLE('',#683,2.);
#683 = AXIS2_PLACEMENT_3D('',#684,#685,#686);
#684 = CARTESIAN_POINT('',(81.6,7.9,36.));
#685 = DIRECTION('',(0.,0.,1.));
#686 = DIRECTION('',(1.,0.,0.));
#687 = ORIENTED_EDGE('',*,*,#688,.T.);
#688 = EDGE_CURVE('',#680,#689,#691,.T.);
#689 = VERTEX_POINT('',#690);
#690 = CARTESIAN_POINT('',(82.,6.,36.));
#691 = LINE('',#692,#693);
#692 = CARTESIAN_POINT('',(83.6,6.,36.));
#693 = VECTOR('',#694,1.);
#694 = DIRECTION('',(-1.,0.,0.));
#695 = ORIENTED_EDGE('',*,*,#696,.T.);
#696 = EDGE_CURVE('',#689,#697,#699,.T.);
#697 = VERTEX_POINT('',#698);
#698 = CARTESIAN_POINT('',(82.,8.3,36.));
#699 = LINE('',#700,#701);
#700 = CARTESIAN_POINT('',(82.,5.9,36.));
#701 = VECTOR('',#702,1.);
#702 = DIRECTION('',(0.,1.,0.));
#703 = ORIENTED_EDGE('',*,*,#704,.T.);
#704 = EDGE_CURVE('',#697,#705,#707,.T.);
#705 = VERTEX_POINT('',#706);
#706 = CARTESIAN_POINT('',(78.,8.3,36.));
#707 = LINE('',#708,#709);
#708 = CARTESIAN_POINT('',(82.,8.3,36.));
#709 = VECTOR('',#710,1.);
#710 = DIRECTION('',(-1.,0.,0.));
#711 = ORIENTED_EDGE('',*,*,#712,.T.);
#712 = EDGE_CURVE('',#705,#713,#715,.T.);
#713 = VERTEX_POINT('',#714);
#714 = CARTESIAN_POINT('',(78.,6.,36.));
#715 = LINE('',#716,#717);
#716 = CARTESIAN_POINT('',(78.,8.3,36.));
#717 = VECTOR('',#718,1.);
#718 = DIRECTION('',(0.,-1.,0.));
#719 = ORIENTED_EDGE('',*,*,#720,.T.);
#720 = EDGE_CURVE('',#713,#721,#723,.T.);
#721 = VERTEX_POINT('',#722);
#722 = CARTESIAN_POINT('',(74.6,6.,36.));
#723 = LINE('',#724,#725);
#724 = CARTESIAN_POINT('',(83.6,6.,36.));
#725 = VECTOR('',#726,1.);
#726 = DIRECTION('',(-1.,0.,0.));
#727 = ORIENTED_EDGE('',*,*,#728,.T.);
#728 = EDGE_CURVE('',#721,#729,#731,.T.);
#729 = VERTEX_POINT('',#730);
#730 = CARTESIAN_POINT('',(74.6,5.9,36.));
#731 = LINE('',#732,#733);
#732 = CARTESIAN_POINT('',(74.6,6.,36.));
#733 = VECTOR('',#734,1.);
#734 = DIRECTION('',(0.,-1.,0.));
#735 = ORIENTED_EDGE('',*,*,#736,.F.);
#736 = EDGE_CURVE('',#737,#729,#739,.T.);
#737 = VERTEX_POINT('',#738);
#738 = CARTESIAN_POINT('',(11.4,5.9,36.));
#739 = LINE('',#740,#741);
#740 = CARTESIAN_POINT('',(4.4,5.9,36.));
#741 = VECTOR('',#742,1.);
#742 = DIRECTION('',(1.,0.,0.));
#743 = ORIENTED_EDGE('',*,*,#744,.T.);
#744 = EDGE_CURVE('',#737,#745,#747,.T.);
#745 = VERTEX_POINT('',#746);
#746 = CARTESIAN_POINT('',(11.4,6.,36.));
#747 = LINE('',#748,#749);
#748 = CARTESIAN_POINT('',(11.4,0.,36.));
#749 = VECTOR('',#750,1.);
#750 = DIRECTION('',(0.,1.,0.));
#751 = ORIENTED_EDGE('',*,*,#752,.T.);
#752 = EDGE_CURVE('',#745,#753,#755,.T.);
#753 = VERTEX_POINT('',#754);
#754 = CARTESIAN_POINT('',(10.8,6.,36.));
#755 = LINE('',#756,#757);
#756 = CARTESIAN_POINT('',(11.4,6.,36.));
#757 = VECTOR('',#758,1.);
#758 = DIRECTION('',(-1.,0.,0.));
#759 = ORIENTED_EDGE('',*,*,#760,.T.);
#760 = EDGE_CURVE('',#753,#761,#763,.T.);
#761 = VERTEX_POINT('',#762);
#762 = CARTESIAN_POINT('',(10.8,7.4,36.));
#763 = LINE('',#764,#765);
#764 = CARTESIAN_POINT('',(10.8,5.9,36.));
#765 = VECTOR('',#766,1.);
#766 = DIRECTION('',(0.,1.,0.));
#767 = ORIENTED_EDGE('',*,*,#768,.T.);
#768 = EDGE_CURVE('',#761,#769,#771,.T.);
#769 = VERTEX_POINT('',#770);
#770 = CARTESIAN_POINT('',(4.,7.4,36.));
#771 = LINE('',#772,#773);
#772 = CARTESIAN_POINT('',(10.8,7.4,36.));
#773 = VECTOR('',#774,1.);
#774 = DIRECTION('',(-1.,0.,0.));
#775 = ORIENTED_EDGE('',*,*,#776,.T.);
#776 = EDGE_CURVE('',#769,#777,#779,.T.);
#777 = VERTEX_POINT('',#778);
#778 = CARTESIAN_POINT('',(4.,6.,36.));
#779 = LINE('',#780,#781);
#780 = CARTESIAN_POINT('',(4.,7.4,36.));
#781 = VECTOR('',#782,1.);
#782 = DIRECTION('',(0.,-1.,0.));
#783 = ORIENTED_EDGE('',*,*,#784,.T.);
#784 = EDGE_CURVE('',#777,#785,#787,.T.);
#785 = VERTEX_POINT('',#786);
#786 = CARTESIAN_POINT('',(3.77550020016,6.,36.));
#787 = LINE('',#788,#789);
#788 = CARTESIAN_POINT('',(11.4,6.,36.));
#789 = VECTOR('',#790,1.);
#790 = DIRECTION('',(-1.,0.,0.));
#791 = ORIENTED_EDGE('',*,*,#792,.F.);
#792 = EDGE_CURVE('',#793,#785,#795,.T.);
#793 = VERTEX_POINT('',#794);
#794 = CARTESIAN_POINT('',(2.4,7.9,36.));
#795 = CIRCLE('',#796,2.);
#796 = AXIS2_PLACEMENT_3D('',#797,#798,#799);
#797 = CARTESIAN_POINT('',(4.4,7.9,36.));
#798 = DIRECTION('',(0.,0.,1.));
#799 = DIRECTION('',(1.,0.,0.));
#800 = ORIENTED_EDGE('',*,*,#801,.F.);
#801 = EDGE_CURVE('',#802,#793,#804,.T.);
#802 = VERTEX_POINT('',#803);
#803 = CARTESIAN_POINT('',(2.4,25.9,36.));
#804 = LINE('',#805,#806);
#805 = CARTESIAN_POINT('',(2.4,25.9,36.));
#806 = VECTOR('',#807,1.);
#807 = DIRECTION('',(0.,-1.,0.));
#808 = ORIENTED_EDGE('',*,*,#809,.F.);
#809 = EDGE_CURVE('',#810,#802,#812,.T.);
#810 = VERTEX_POINT('',#811);
#811 = CARTESIAN_POINT('',(3.77550020016,27.8,36.));
#812 = CIRCLE('',#813,2.);
#813 = AXIS2_PLACEMENT_3D('',#814,#815,#816);
#814 = CARTESIAN_POINT('',(4.4,25.9,36.));
#815 = DIRECTION('',(0.,0.,1.));
#816 = DIRECTION('',(1.,0.,0.));
#817 = ORIENTED_EDGE('',*,*,#818,.T.);
#818 = EDGE_CURVE('',#810,#819,#821,.T.);
#819 = VERTEX_POINT('',#820);
#820 = CARTESIAN_POINT('',(4.,27.8,36.));
#821 = LINE('',#822,#823);
#822 = CARTESIAN_POINT('',(2.4,27.8,36.));
#823 = VECTOR('',#824,1.);
#824 = DIRECTION('',(1.,0.,0.));
#825 = ORIENTED_EDGE('',*,*,#826,.T.);
#826 = EDGE_CURVE('',#819,#827,#829,.T.);
#827 = VERTEX_POINT('',#828);
#828 = CARTESIAN_POINT('',(4.,26.4,36.));
#829 = LINE('',#830,#831);
#830 = CARTESIAN_POINT('',(4.,27.9,36.));
#831 = VECTOR('',#832,1.);
#832 = DIRECTION('',(0.,-1.,0.));
#833 = ORIENTED_EDGE('',*,*,#834,.T.);
#834 = EDGE_CURVE('',#827,#835,#837,.T.);
#835 = VERTEX_POINT('',#836);
#836 = CARTESIAN_POINT('',(24.,26.4,36.));
#837 = LINE('',#838,#839);
#838 = CARTESIAN_POINT('',(4.,26.4,36.));
#839 = VECTOR('',#840,1.);
#840 = DIRECTION('',(1.,0.,0.));
#841 = ORIENTED_EDGE('',*,*,#842,.T.);
#842 = EDGE_CURVE('',#835,#843,#845,.T.);
#843 = VERTEX_POINT('',#844);
#844 = CARTESIAN_POINT('',(24.,27.9,36.));
#845 = LINE('',#846,#847);
#846 = CARTESIAN_POINT('',(24.,26.4,36.));
#847 = VECTOR('',#848,1.);
#848 = DIRECTION('',(0.,1.,0.));
#849 = ORIENTED_EDGE('',*,*,#850,.F.);
#850 = EDGE_CURVE('',#851,#843,#853,.T.);
#851 = VERTEX_POINT('',#852);
#852 = CARTESIAN_POINT('',(74.6,27.9,36.));
#853 = LINE('',#854,#855);
#854 = CARTESIAN_POINT('',(81.6,27.9,36.));
#855 = VECTOR('',#856,1.);
#856 = DIRECTION('',(-1.,0.,0.));
#857 = ORIENTED_EDGE('',*,*,#858,.T.);
#858 = EDGE_CURVE('',#851,#859,#861,.T.);
#859 = VERTEX_POINT('',#860);
#860 = CARTESIAN_POINT('',(74.6,27.8,36.));
#861 = LINE('',#862,#863);
#862 = CARTESIAN_POINT('',(74.6,33.8,36.));
#863 = VECTOR('',#864,1.);
#864 = DIRECTION('',(0.,-1.,0.));
#865 = ORIENTED_EDGE('',*,*,#866,.T.);
#866 = EDGE_CURVE('',#859,#867,#869,.T.);
#867 = VERTEX_POINT('',#868);
#868 = CARTESIAN_POINT('',(78.,27.8,36.));
#869 = LINE('',#870,#871);
#870 = CARTESIAN_POINT('',(74.6,27.8,36.));
#871 = VECTOR('',#872,1.);
#872 = DIRECTION('',(1.,0.,0.));
#873 = ORIENTED_EDGE('',*,*,#874,.T.);
#874 = EDGE_CURVE('',#867,#875,#877,.T.);
#875 = VERTEX_POINT('',#876);
#876 = CARTESIAN_POINT('',(78.,25.,36.));
#877 = LINE('',#878,#879);
#878 = CARTESIAN_POINT('',(78.,27.9,36.));
#879 = VECTOR('',#880,1.);
#880 = DIRECTION('',(0.,-1.,0.));
#881 = ORIENTED_EDGE('',*,*,#882,.T.);
#882 = EDGE_CURVE('',#875,#883,#885,.T.);
#883 = VERTEX_POINT('',#884);
#884 = CARTESIAN_POINT('',(82.,25.,36.));
#885 = LINE('',#886,#887);
#886 = CARTESIAN_POINT('',(78.,25.,36.));
#887 = VECTOR('',#888,1.);
#888 = DIRECTION('',(1.,0.,0.));
#889 = ORIENTED_EDGE('',*,*,#890,.T.);
#890 = EDGE_CURVE('',#883,#891,#893,.T.);
#891 = VERTEX_POINT('',#892);
#892 = CARTESIAN_POINT('',(82.,27.8,36.));
#893 = LINE('',#894,#895);
#894 = CARTESIAN_POINT('',(82.,25.,36.));
#895 = VECTOR('',#896,1.);
#896 = DIRECTION('',(0.,1.,0.));
#897 = ORIENTED_EDGE('',*,*,#898,.T.);
#898 = EDGE_CURVE('',#891,#899,#901,.T.);
#899 = VERTEX_POINT('',#900);
#900 = CARTESIAN_POINT('',(82.22449979984,27.8,36.));
#901 = LINE('',#902,#903);
#902 = CARTESIAN_POINT('',(74.6,27.8,36.));
#903 = VECTOR('',#904,1.);
#904 = DIRECTION('',(1.,0.,0.));
#905 = ORIENTED_EDGE('',*,*,#906,.F.);
#906 = EDGE_CURVE('',#407,#899,#907,.T.);
#907 = CIRCLE('',#908,2.);
#908 = AXIS2_PLACEMENT_3D('',#909,#910,#911);
#909 = CARTESIAN_POINT('',(81.6,25.9,36.));
#910 = DIRECTION('',(0.,0.,1.));
#911 = DIRECTION('',(1.,0.,0.));
#912 = ORIENTED_EDGE('',*,*,#406,.F.);
#913 = ORIENTED_EDGE('',*,*,#261,.F.);
#914 = ORIENTED_EDGE('',*,*,#475,.T.);
#915 = ORIENTED_EDGE('',*,*,#916,.T.);
#916 = EDGE_CURVE('',#476,#917,#919,.T.);
#917 = VERTEX_POINT('',#918);
#918 = CARTESIAN_POINT('',(84.,33.8,36.));
#919 = CIRCLE('',#920,2.);
#920 = AXIS2_PLACEMENT_3D('',#921,#922,#923);
#921 = CARTESIAN_POINT('',(84.,31.8,36.));
#922 = DIRECTION('',(0.,0.,1.));
#923 = DIRECTION('',(1.,0.,0.));
#924 = ORIENTED_EDGE('',*,*,#925,.T.);
#925 = EDGE_CURVE('',#917,#634,#926,.T.);
#926 = LINE('',#927,#928);
#927 = CARTESIAN_POINT('',(84.,33.8,36.));
#928 = VECTOR('',#929,1.);
#929 = DIRECTION('',(-1.,0.,0.));
#930 = FACE_BOUND('',#931,.T.);
#931 = EDGE_LOOP('',(#932));
#932 = ORIENTED_EDGE('',*,*,#933,.F.);
#933 = EDGE_CURVE('',#934,#934,#936,.T.);
#934 = VERTEX_POINT('',#935);
#935 = CARTESIAN_POINT('',(8.4,3.,36.));
#936 = CIRCLE('',#937,1.5);
#937 = AXIS2_PLACEMENT_3D('',#938,#939,#940);
#938 = CARTESIAN_POINT('',(6.9,3.,36.));
#939 = DIRECTION('',(0.,0.,1.));
#940 = DIRECTION('',(1.,0.,0.));
#941 = FACE_BOUND('',#942,.T.);
#942 = EDGE_LOOP('',(#943));
#943 = ORIENTED_EDGE('',*,*,#944,.F.);
#944 = EDGE_CURVE('',#945,#945,#947,.T.);
#945 = VERTEX_POINT('',#946);
#946 = CARTESIAN_POINT('',(8.4,30.8,36.));
#947 = CIRCLE('',#948,1.5);
#948 = AXIS2_PLACEMENT_3D('',#949,#950,#951);
#949 = CARTESIAN_POINT('',(6.9,30.8,36.));
#950 = DIRECTION('',(0.,0.,1.));
#951 = DIRECTION('',(1.,0.,0.));
#952 = FACE_BOUND('',#953,.T.);
#953 = EDGE_LOOP('',(#954));
#954 = ORIENTED_EDGE('',*,*,#955,.F.);
#955 = EDGE_CURVE('',#956,#956,#958,.T.);
#956 = VERTEX_POINT('',#957);
#957 = CARTESIAN_POINT('',(80.6,3.,36.));
#958 = CIRCLE('',#959,1.5);
#959 = AXIS2_PLACEMENT_3D('',#960,#961,#962);
#960 = CARTESIAN_POINT('',(79.1,3.,36.));
#961 = DIRECTION('',(0.,0.,1.));
#962 = DIRECTION('',(1.,0.,0.));
#963 = FACE_BOUND('',#964,.T.);
#964 = EDGE_LOOP('',(#965));
#965 = ORIENTED_EDGE('',*,*,#966,.F.);
#966 = EDGE_CURVE('',#967,#967,#969,.T.);
#967 = VERTEX_POINT('',#968);
#968 = CARTESIAN_POINT('',(80.6,30.8,36.));
#969 = CIRCLE('',#970,1.5);
#970 = AXIS2_PLACEMENT_3D('',#971,#972,#973);
#971 = CARTESIAN_POINT('',(79.1,30.8,36.));
#972 = DIRECTION('',(0.,0.,1.));
#973 = DIRECTION('',(1.,0.,0.));
#974 = PLANE('',#975);
#975 = AXIS2_PLACEMENT_3D('',#976,#977,#978);
#976 = CARTESIAN_POINT('',(41.895974750915,16.869481791581,36.));
#977 = DIRECTION('',(0.,0.,1.));
#978 = DIRECTION('',(1.,0.,0.));
#979 = ADVANCED_FACE('',(#980),#1077,.T.);
#980 = FACE_BOUND('',#981,.T.);
#981 = EDGE_LOOP('',(#982,#983,#991,#999,#1007,#1015,#1023,#1031,#1039,
    #1047,#1055,#1063,#1069,#1070,#1071));
#982 = ORIENTED_EDGE('',*,*,#517,.F.);
#983 = ORIENTED_EDGE('',*,*,#984,.T.);
#984 = EDGE_CURVE('',#494,#985,#987,.T.);
#985 = VERTEX_POINT('',#986);
#986 = CARTESIAN_POINT('',(83.6,10.96,17.));
#987 = LINE('',#988,#989);
#988 = CARTESIAN_POINT('',(87.,10.96,17.));
#989 = VECTOR('',#990,1.);
#990 = DIRECTION('',(-1.,-0.,-0.));
#991 = ORIENTED_EDGE('',*,*,#992,.F.);
#992 = EDGE_CURVE('',#993,#985,#995,.T.);
#993 = VERTEX_POINT('',#994);
#994 = CARTESIAN_POINT('',(83.6,10.96,13.5));
#995 = LINE('',#996,#997);
#996 = CARTESIAN_POINT('',(83.6,10.96,0.));
#997 = VECTOR('',#998,1.);
#998 = DIRECTION('',(0.,0.,1.));
#999 = ORIENTED_EDGE('',*,*,#1000,.F.);
#1000 = EDGE_CURVE('',#1001,#993,#1003,.T.);
#1001 = VERTEX_POINT('',#1002);
#1002 = CARTESIAN_POINT('',(83.6,10.96,11.5));
#1003 = LINE('',#1004,#1005);
#1004 = CARTESIAN_POINT('',(83.6,10.96,0.));
#1005 = VECTOR('',#1006,1.);
#1006 = DIRECTION('',(0.,0.,1.));
#1007 = ORIENTED_EDGE('',*,*,#1008,.F.);
#1008 = EDGE_CURVE('',#1009,#1001,#1011,.T.);
#1009 = VERTEX_POINT('',#1010);
#1010 = CARTESIAN_POINT('',(83.6,10.96,9.5));
#1011 = LINE('',#1012,#1013);
#1012 = CARTESIAN_POINT('',(83.6,10.96,0.));
#1013 = VECTOR('',#1014,1.);
#1014 = DIRECTION('',(0.,0.,1.));
#1015 = ORIENTED_EDGE('',*,*,#1016,.F.);
#1016 = EDGE_CURVE('',#1017,#1009,#1019,.T.);
#1017 = VERTEX_POINT('',#1018);
#1018 = CARTESIAN_POINT('',(83.6,10.96,7.5));
#1019 = LINE('',#1020,#1021);
#1020 = CARTESIAN_POINT('',(83.6,10.96,0.));
#1021 = VECTOR('',#1022,1.);
#1022 = DIRECTION('',(0.,0.,1.));
#1023 = ORIENTED_EDGE('',*,*,#1024,.F.);
#1024 = EDGE_CURVE('',#1025,#1017,#1027,.T.);
#1025 = VERTEX_POINT('',#1026);
#1026 = CARTESIAN_POINT('',(83.6,10.96,5.5));
#1027 = LINE('',#1028,#1029);
#1028 = CARTESIAN_POINT('',(83.6,10.96,0.));
#1029 = VECTOR('',#1030,1.);
#1030 = DIRECTION('',(0.,0.,1.));
#1031 = ORIENTED_EDGE('',*,*,#1032,.F.);
#1032 = EDGE_CURVE('',#1033,#1025,#1035,.T.);
#1033 = VERTEX_POINT('',#1034);
#1034 = CARTESIAN_POINT('',(83.6,10.96,3.5));
#1035 = LINE('',#1036,#1037);
#1036 = CARTESIAN_POINT('',(83.6,10.96,0.));
#1037 = VECTOR('',#1038,1.);
#1038 = DIRECTION('',(0.,0.,1.));
#1039 = ORIENTED_EDGE('',*,*,#1040,.F.);
#1040 = EDGE_CURVE('',#1041,#1033,#1043,.T.);
#1041 = VERTEX_POINT('',#1042);
#1042 = CARTESIAN_POINT('',(83.6,10.96,0.));
#1043 = LINE('',#1044,#1045);
#1044 = CARTESIAN_POINT('',(83.6,10.96,0.));
#1045 = VECTOR('',#1046,1.);
#1046 = DIRECTION('',(0.,0.,1.));
#1047 = ORIENTED_EDGE('',*,*,#1048,.T.);
#1048 = EDGE_CURVE('',#1041,#1049,#1051,.T.);
#1049 = VERTEX_POINT('',#1050);
#1050 = CARTESIAN_POINT('',(81.66,10.96,0.));
#1051 = LINE('',#1052,#1053);
#1052 = CARTESIAN_POINT('',(83.6,10.96,0.));
#1053 = VECTOR('',#1054,1.);
#1054 = DIRECTION('',(-1.,0.,0.));
#1055 = ORIENTED_EDGE('',*,*,#1056,.T.);
#1056 = EDGE_CURVE('',#1049,#1057,#1059,.T.);
#1057 = VERTEX_POINT('',#1058);
#1058 = CARTESIAN_POINT('',(81.66,10.96,20.));
#1059 = LINE('',#1060,#1061);
#1060 = CARTESIAN_POINT('',(81.66,10.96,0.));
#1061 = VECTOR('',#1062,1.);
#1062 = DIRECTION('',(0.,0.,1.));
#1063 = ORIENTED_EDGE('',*,*,#1064,.F.);
#1064 = EDGE_CURVE('',#350,#1057,#1065,.T.);
#1065 = LINE('',#1066,#1067);
#1066 = CARTESIAN_POINT('',(83.6,10.96,20.));
#1067 = VECTOR('',#1068,1.);
#1068 = DIRECTION('',(-1.,0.,0.));
#1069 = ORIENTED_EDGE('',*,*,#357,.F.);
#1070 = ORIENTED_EDGE('',*,*,#376,.F.);
#1071 = ORIENTED_EDGE('',*,*,#1072,.F.);
#1072 = EDGE_CURVE('',#510,#377,#1073,.T.);
#1073 = LINE('',#1074,#1075);
#1074 = CARTESIAN_POINT('',(87.,10.96,24.));
#1075 = VECTOR('',#1076,1.);
#1076 = DIRECTION('',(-1.,-0.,-0.));
#1077 = PLANE('',#1078);
#1078 = AXIS2_PLACEMENT_3D('',#1079,#1080,#1081);
#1079 = CARTESIAN_POINT('',(83.247078334509,10.96,12.58292166549));
#1080 = DIRECTION('',(0.,1.,0.));
#1081 = DIRECTION('',(0.,0.,1.));
#1082 = ADVANCED_FACE('',(#1083),#1126,.T.);
#1083 = FACE_BOUND('',#1084,.T.);
#1084 = EDGE_LOOP('',(#1085,#1086,#1094,#1102,#1110,#1118,#1125));
#1085 = ORIENTED_EDGE('',*,*,#1064,.T.);
#1086 = ORIENTED_EDGE('',*,*,#1087,.T.);
#1087 = EDGE_CURVE('',#1057,#1088,#1090,.T.);
#1088 = VERTEX_POINT('',#1089);
#1089 = CARTESIAN_POINT('',(81.66,8.3,20.));
#1090 = LINE('',#1091,#1092);
#1091 = CARTESIAN_POINT('',(81.66,10.96,20.));
#1092 = VECTOR('',#1093,1.);
#1093 = DIRECTION('',(0.,-1.,0.));
#1094 = ORIENTED_EDGE('',*,*,#1095,.T.);
#1095 = EDGE_CURVE('',#1088,#1096,#1098,.T.);
#1096 = VERTEX_POINT('',#1097);
#1097 = CARTESIAN_POINT('',(82.,8.3,20.));
#1098 = LINE('',#1099,#1100);
#1099 = CARTESIAN_POINT('',(82.315,8.3,20.));
#1100 = VECTOR('',#1101,1.);
#1101 = DIRECTION('',(1.,0.,0.));
#1102 = ORIENTED_EDGE('',*,*,#1103,.T.);
#1103 = EDGE_CURVE('',#1096,#1104,#1106,.T.);
#1104 = VERTEX_POINT('',#1105);
#1105 = CARTESIAN_POINT('',(82.,6.,20.));
#1106 = LINE('',#1107,#1108);
#1107 = CARTESIAN_POINT('',(82.,11.391730981257,20.));
#1108 = VECTOR('',#1109,1.);
#1109 = DIRECTION('',(0.,-1.,0.));
#1110 = ORIENTED_EDGE('',*,*,#1111,.F.);
#1111 = EDGE_CURVE('',#1112,#1104,#1114,.T.);
#1112 = VERTEX_POINT('',#1113);
#1113 = CARTESIAN_POINT('',(82.22449979984,6.,20.));
#1114 = LINE('',#1115,#1116);
#1115 = CARTESIAN_POINT('',(83.115,6.,20.));
#1116 = VECTOR('',#1117,1.);
#1117 = DIRECTION('',(-1.,0.,0.));
#1118 = ORIENTED_EDGE('',*,*,#1119,.T.);
#1119 = EDGE_CURVE('',#1112,#342,#1120,.T.);
#1120 = CIRCLE('',#1121,2.);
#1121 = AXIS2_PLACEMENT_3D('',#1122,#1123,#1124);
#1122 = CARTESIAN_POINT('',(81.6,7.9,20.));
#1123 = DIRECTION('',(0.,0.,1.));
#1124 = DIRECTION('',(1.,0.,0.));
#1125 = ORIENTED_EDGE('',*,*,#349,.T.);
#1126 = PLANE('',#1127);
#1127 = AXIS2_PLACEMENT_3D('',#1128,#1129,#1130);
#1128 = CARTESIAN_POINT('',(82.63,16.883461962514,20.));
#1129 = DIRECTION('',(0.,0.,1.));
#1130 = DIRECTION('',(1.,0.,0.));
#1131 = ADVANCED_FACE('',(#1132),#1143,.F.);
#1132 = FACE_BOUND('',#1133,.F.);
#1133 = EDGE_LOOP('',(#1134,#1135,#1141,#1142));
#1134 = ORIENTED_EDGE('',*,*,#679,.F.);
#1135 = ORIENTED_EDGE('',*,*,#1136,.F.);
#1136 = EDGE_CURVE('',#1112,#680,#1137,.T.);
#1137 = LINE('',#1138,#1139);
#1138 = CARTESIAN_POINT('',(82.22449979984,6.,36.));
#1139 = VECTOR('',#1140,1.);
#1140 = DIRECTION('',(0.,0.,1.));
#1141 = ORIENTED_EDGE('',*,*,#1119,.T.);
#1142 = ORIENTED_EDGE('',*,*,#341,.F.);
#1143 = CYLINDRICAL_SURFACE('',#1144,2.);
#1144 = AXIS2_PLACEMENT_3D('',#1145,#1146,#1147);
#1145 = CARTESIAN_POINT('',(81.6,7.9,36.));
#1146 = DIRECTION('',(0.,0.,1.));
#1147 = DIRECTION('',(1.,0.,0.));
#1148 = ADVANCED_FACE('',(#1149),#1246,.T.);
#1149 = FACE_BOUND('',#1150,.T.);
#1150 = EDGE_LOOP('',(#1151,#1152,#1158,#1159,#1160,#1168,#1176,#1184,
    #1192,#1200,#1208,#1216,#1224,#1232,#1240));
#1151 = ORIENTED_EDGE('',*,*,#501,.F.);
#1152 = ORIENTED_EDGE('',*,*,#1153,.T.);
#1153 = EDGE_CURVE('',#502,#385,#1154,.T.);
#1154 = LINE('',#1155,#1156);
#1155 = CARTESIAN_POINT('',(87.,22.9,24.));
#1156 = VECTOR('',#1157,1.);
#1157 = DIRECTION('',(-1.,-0.,-0.));
#1158 = ORIENTED_EDGE('',*,*,#392,.F.);
#1159 = ORIENTED_EDGE('',*,*,#418,.F.);
#1160 = ORIENTED_EDGE('',*,*,#1161,.F.);
#1161 = EDGE_CURVE('',#1162,#419,#1164,.T.);
#1162 = VERTEX_POINT('',#1163);
#1163 = CARTESIAN_POINT('',(81.66,22.9,20.));
#1164 = LINE('',#1165,#1166);
#1165 = CARTESIAN_POINT('',(81.66,22.9,20.));
#1166 = VECTOR('',#1167,1.);
#1167 = DIRECTION('',(1.,0.,0.));
#1168 = ORIENTED_EDGE('',*,*,#1169,.F.);
#1169 = EDGE_CURVE('',#1170,#1162,#1172,.T.);
#1170 = VERTEX_POINT('',#1171);
#1171 = CARTESIAN_POINT('',(81.66,22.9,0.));
#1172 = LINE('',#1173,#1174);
#1173 = CARTESIAN_POINT('',(81.66,22.9,0.));
#1174 = VECTOR('',#1175,1.);
#1175 = DIRECTION('',(0.,0.,1.));
#1176 = ORIENTED_EDGE('',*,*,#1177,.T.);
#1177 = EDGE_CURVE('',#1170,#1178,#1180,.T.);
#1178 = VERTEX_POINT('',#1179);
#1179 = CARTESIAN_POINT('',(83.6,22.9,0.));
#1180 = LINE('',#1181,#1182);
#1181 = CARTESIAN_POINT('',(81.66,22.9,0.));
#1182 = VECTOR('',#1183,1.);
#1183 = DIRECTION('',(1.,0.,0.));
#1184 = ORIENTED_EDGE('',*,*,#1185,.T.);
#1185 = EDGE_CURVE('',#1178,#1186,#1188,.T.);
#1186 = VERTEX_POINT('',#1187);
#1187 = CARTESIAN_POINT('',(83.6,22.9,3.5));
#1188 = LINE('',#1189,#1190);
#1189 = CARTESIAN_POINT('',(83.6,22.9,0.));
#1190 = VECTOR('',#1191,1.);
#1191 = DIRECTION('',(0.,0.,1.));
#1192 = ORIENTED_EDGE('',*,*,#1193,.T.);
#1193 = EDGE_CURVE('',#1186,#1194,#1196,.T.);
#1194 = VERTEX_POINT('',#1195);
#1195 = CARTESIAN_POINT('',(83.6,22.9,5.5));
#1196 = LINE('',#1197,#1198);
#1197 = CARTESIAN_POINT('',(83.6,22.9,0.));
#1198 = VECTOR('',#1199,1.);
#1199 = DIRECTION('',(0.,0.,1.));
#1200 = ORIENTED_EDGE('',*,*,#1201,.T.);
#1201 = EDGE_CURVE('',#1194,#1202,#1204,.T.);
#1202 = VERTEX_POINT('',#1203);
#1203 = CARTESIAN_POINT('',(83.6,22.9,7.5));
#1204 = LINE('',#1205,#1206);
#1205 = CARTESIAN_POINT('',(83.6,22.9,0.));
#1206 = VECTOR('',#1207,1.);
#1207 = DIRECTION('',(0.,0.,1.));
#1208 = ORIENTED_EDGE('',*,*,#1209,.T.);
#1209 = EDGE_CURVE('',#1202,#1210,#1212,.T.);
#1210 = VERTEX_POINT('',#1211);
#1211 = CARTESIAN_POINT('',(83.6,22.9,9.5));
#1212 = LINE('',#1213,#1214);
#1213 = CARTESIAN_POINT('',(83.6,22.9,0.));
#1214 = VECTOR('',#1215,1.);
#1215 = DIRECTION('',(0.,0.,1.));
#1216 = ORIENTED_EDGE('',*,*,#1217,.T.);
#1217 = EDGE_CURVE('',#1210,#1218,#1220,.T.);
#1218 = VERTEX_POINT('',#1219);
#1219 = CARTESIAN_POINT('',(83.6,22.9,11.5));
#1220 = LINE('',#1221,#1222);
#1221 = CARTESIAN_POINT('',(83.6,22.9,0.));
#1222 = VECTOR('',#1223,1.);
#1223 = DIRECTION('',(0.,0.,1.));
#1224 = ORIENTED_EDGE('',*,*,#1225,.T.);
#1225 = EDGE_CURVE('',#1218,#1226,#1228,.T.);
#1226 = VERTEX_POINT('',#1227);
#1227 = CARTESIAN_POINT('',(83.6,22.9,13.5));
#1228 = LINE('',#1229,#1230);
#1229 = CARTESIAN_POINT('',(83.6,22.9,0.));
#1230 = VECTOR('',#1231,1.);
#1231 = DIRECTION('',(0.,0.,1.));
#1232 = ORIENTED_EDGE('',*,*,#1233,.T.);
#1233 = EDGE_CURVE('',#1226,#1234,#1236,.T.);
#1234 = VERTEX_POINT('',#1235);
#1235 = CARTESIAN_POINT('',(83.6,22.9,17.));
#1236 = LINE('',#1237,#1238);
#1237 = CARTESIAN_POINT('',(83.6,22.9,0.));
#1238 = VECTOR('',#1239,1.);
#1239 = DIRECTION('',(0.,0.,1.));
#1240 = ORIENTED_EDGE('',*,*,#1241,.F.);
#1241 = EDGE_CURVE('',#492,#1234,#1242,.T.);
#1242 = LINE('',#1243,#1244);
#1243 = CARTESIAN_POINT('',(87.,22.9,17.));
#1244 = VECTOR('',#1245,1.);
#1245 = DIRECTION('',(-1.,-0.,-0.));
#1246 = PLANE('',#1247);
#1247 = AXIS2_PLACEMENT_3D('',#1248,#1249,#1250);
#1248 = CARTESIAN_POINT('',(83.24707833451,22.9,12.58292166549));
#1249 = DIRECTION('',(-0.,-1.,-0.));
#1250 = DIRECTION('',(0.,0.,-1.));
#1251 = ADVANCED_FACE('',(#1252),#1258,.F.);
#1252 = FACE_BOUND('',#1253,.F.);
#1253 = EDGE_LOOP('',(#1254,#1255,#1256,#1257));
#1254 = ORIENTED_EDGE('',*,*,#509,.T.);
#1255 = ORIENTED_EDGE('',*,*,#1153,.T.);
#1256 = ORIENTED_EDGE('',*,*,#384,.T.);
#1257 = ORIENTED_EDGE('',*,*,#1072,.F.);
#1258 = PLANE('',#1259);
#1259 = AXIS2_PLACEMENT_3D('',#1260,#1261,#1262);
#1260 = CARTESIAN_POINT('',(87.,22.9,24.));
#1261 = DIRECTION('',(0.,0.,1.));
#1262 = DIRECTION('',(0.,-1.,0.));
#1263 = ADVANCED_FACE('',(#1264),#1283,.F.);
#1264 = FACE_BOUND('',#1265,.F.);
#1265 = EDGE_LOOP('',(#1266,#1267,#1268,#1277));
#1266 = ORIENTED_EDGE('',*,*,#906,.F.);
#1267 = ORIENTED_EDGE('',*,*,#434,.T.);
#1268 = ORIENTED_EDGE('',*,*,#1269,.T.);
#1269 = EDGE_CURVE('',#427,#1270,#1272,.T.);
#1270 = VERTEX_POINT('',#1271);
#1271 = CARTESIAN_POINT('',(82.22449979984,27.8,20.));
#1272 = CIRCLE('',#1273,2.);
#1273 = AXIS2_PLACEMENT_3D('',#1274,#1275,#1276);
#1274 = CARTESIAN_POINT('',(81.6,25.9,20.));
#1275 = DIRECTION('',(0.,0.,1.));
#1276 = DIRECTION('',(1.,0.,0.));
#1277 = ORIENTED_EDGE('',*,*,#1278,.T.);
#1278 = EDGE_CURVE('',#1270,#899,#1279,.T.);
#1279 = LINE('',#1280,#1281);
#1280 = CARTESIAN_POINT('',(82.22449979984,27.8,36.));
#1281 = VECTOR('',#1282,1.);
#1282 = DIRECTION('',(0.,0.,1.));
#1283 = CYLINDRICAL_SURFACE('',#1284,2.);
#1284 = AXIS2_PLACEMENT_3D('',#1285,#1286,#1287);
#1285 = CARTESIAN_POINT('',(81.6,25.9,36.));
#1286 = DIRECTION('',(0.,0.,1.));
#1287 = DIRECTION('',(1.,0.,0.));
#1288 = ADVANCED_FACE('',(#1289),#1324,.T.);
#1289 = FACE_BOUND('',#1290,.T.);
#1290 = EDGE_LOOP('',(#1291,#1301,#1307,#1308,#1309,#1310,#1318));
#1291 = ORIENTED_EDGE('',*,*,#1292,.T.);
#1292 = EDGE_CURVE('',#1293,#1295,#1297,.T.);
#1293 = VERTEX_POINT('',#1294);
#1294 = CARTESIAN_POINT('',(82.,25.,20.));
#1295 = VERTEX_POINT('',#1296);
#1296 = CARTESIAN_POINT('',(81.66,25.,20.));
#1297 = LINE('',#1298,#1299);
#1298 = CARTESIAN_POINT('',(80.315,25.,20.));
#1299 = VECTOR('',#1300,1.);
#1300 = DIRECTION('',(-1.,0.,0.));
#1301 = ORIENTED_EDGE('',*,*,#1302,.T.);
#1302 = EDGE_CURVE('',#1295,#1162,#1303,.T.);
#1303 = LINE('',#1304,#1305);
#1304 = CARTESIAN_POINT('',(81.66,30.,20.));
#1305 = VECTOR('',#1306,1.);
#1306 = DIRECTION('',(0.,-1.,0.));
#1307 = ORIENTED_EDGE('',*,*,#1161,.T.);
#1308 = ORIENTED_EDGE('',*,*,#426,.T.);
#1309 = ORIENTED_EDGE('',*,*,#1269,.T.);
#1310 = ORIENTED_EDGE('',*,*,#1311,.F.);
#1311 = EDGE_CURVE('',#1312,#1270,#1314,.T.);
#1312 = VERTEX_POINT('',#1313);
#1313 = CARTESIAN_POINT('',(82.,27.8,20.));
#1314 = LINE('',#1315,#1316);
#1315 = CARTESIAN_POINT('',(78.615,27.8,20.));
#1316 = VECTOR('',#1317,1.);
#1317 = DIRECTION('',(1.,0.,0.));
#1318 = ORIENTED_EDGE('',*,*,#1319,.T.);
#1319 = EDGE_CURVE('',#1312,#1293,#1320,.T.);
#1320 = LINE('',#1321,#1322);
#1321 = CARTESIAN_POINT('',(82.,20.941730981257,20.));
#1322 = VECTOR('',#1323,1.);
#1323 = DIRECTION('',(0.,-1.,0.));
#1324 = PLANE('',#1325);
#1325 = AXIS2_PLACEMENT_3D('',#1326,#1327,#1328);
#1326 = CARTESIAN_POINT('',(82.63,16.883461962514,20.));
#1327 = DIRECTION('',(0.,0.,1.));
#1328 = DIRECTION('',(1.,0.,0.));
#1329 = ADVANCED_FACE('',(#1330,#1391,#1571,#1582,#1593,#1604),#1615,.T.
  );
#1330 = FACE_BOUND('',#1331,.T.);
#1331 = EDGE_LOOP('',(#1332,#1343,#1351,#1360,#1368,#1375,#1376,#1385));
#1332 = ORIENTED_EDGE('',*,*,#1333,.F.);
#1333 = EDGE_CURVE('',#1334,#1336,#1338,.T.);
#1334 = VERTEX_POINT('',#1335);
#1335 = CARTESIAN_POINT('',(0.,2.,0.));
#1336 = VERTEX_POINT('',#1337);
#1337 = CARTESIAN_POINT('',(2.,0.,0.));
#1338 = CIRCLE('',#1339,2.);
#1339 = AXIS2_PLACEMENT_3D('',#1340,#1341,#1342);
#1340 = CARTESIAN_POINT('',(2.,2.,0.));
#1341 = DIRECTION('',(0.,0.,1.));
#1342 = DIRECTION('',(1.,0.,0.));
#1343 = ORIENTED_EDGE('',*,*,#1344,.F.);
#1344 = EDGE_CURVE('',#1345,#1334,#1347,.T.);
#1345 = VERTEX_POINT('',#1346);
#1346 = CARTESIAN_POINT('',(0.,31.8,0.));
#1347 = LINE('',#1348,#1349);
#1348 = CARTESIAN_POINT('',(0.,31.8,0.));
#1349 = VECTOR('',#1350,1.);
#1350 = DIRECTION('',(0.,-1.,0.));
#1351 = ORIENTED_EDGE('',*,*,#1352,.F.);
#1352 = EDGE_CURVE('',#1353,#1345,#1355,.T.);
#1353 = VERTEX_POINT('',#1354);
#1354 = CARTESIAN_POINT('',(2.,33.8,0.));
#1355 = CIRCLE('',#1356,2.);
#1356 = AXIS2_PLACEMENT_3D('',#1357,#1358,#1359);
#1357 = CARTESIAN_POINT('',(2.,31.8,0.));
#1358 = DIRECTION('',(0.,0.,1.));
#1359 = DIRECTION('',(1.,0.,0.));
#1360 = ORIENTED_EDGE('',*,*,#1361,.F.);
#1361 = EDGE_CURVE('',#1362,#1353,#1364,.T.);
#1362 = VERTEX_POINT('',#1363);
#1363 = CARTESIAN_POINT('',(84.,33.8,0.));
#1364 = LINE('',#1365,#1366);
#1365 = CARTESIAN_POINT('',(84.,33.8,0.));
#1366 = VECTOR('',#1367,1.);
#1367 = DIRECTION('',(-1.,0.,0.));
#1368 = ORIENTED_EDGE('',*,*,#1369,.F.);
#1369 = EDGE_CURVE('',#451,#1362,#1370,.T.);
#1370 = CIRCLE('',#1371,2.);
#1371 = AXIS2_PLACEMENT_3D('',#1372,#1373,#1374);
#1372 = CARTESIAN_POINT('',(84.,31.8,0.));
#1373 = DIRECTION('',(0.,0.,1.));
#1374 = DIRECTION('',(1.,0.,0.));
#1375 = ORIENTED_EDGE('',*,*,#448,.F.);
#1376 = ORIENTED_EDGE('',*,*,#1377,.F.);
#1377 = EDGE_CURVE('',#1378,#449,#1380,.T.);
#1378 = VERTEX_POINT('',#1379);
#1379 = CARTESIAN_POINT('',(84.,0.,0.));
#1380 = CIRCLE('',#1381,2.);
#1381 = AXIS2_PLACEMENT_3D('',#1382,#1383,#1384);
#1382 = CARTESIAN_POINT('',(84.,2.,0.));
#1383 = DIRECTION('',(0.,0.,1.));
#1384 = DIRECTION('',(1.,0.,0.));
#1385 = ORIENTED_EDGE('',*,*,#1386,.F.);
#1386 = EDGE_CURVE('',#1336,#1378,#1387,.T.);
#1387 = LINE('',#1388,#1389);
#1388 = CARTESIAN_POINT('',(2.,0.,0.));
#1389 = VECTOR('',#1390,1.);
#1390 = DIRECTION('',(1.,0.,0.));
#1391 = FACE_BOUND('',#1392,.T.);
#1392 = EDGE_LOOP('',(#1393,#1403,#1412,#1420,#1428,#1437,#1445,#1454,
    #1462,#1470,#1479,#1487,#1495,#1503,#1511,#1519,#1525,#1526,#1532,
    #1533,#1541,#1549,#1557,#1565));
#1393 = ORIENTED_EDGE('',*,*,#1394,.F.);
#1394 = EDGE_CURVE('',#1395,#1397,#1399,.T.);
#1395 = VERTEX_POINT('',#1396);
#1396 = CARTESIAN_POINT('',(3.77550020016,27.8,0.));
#1397 = VERTEX_POINT('',#1398);
#1398 = CARTESIAN_POINT('',(11.4,27.8,0.));
#1399 = LINE('',#1400,#1401);
#1400 = CARTESIAN_POINT('',(2.4,27.8,0.));
#1401 = VECTOR('',#1402,1.);
#1402 = DIRECTION('',(1.,0.,0.));
#1403 = ORIENTED_EDGE('',*,*,#1404,.T.);
#1404 = EDGE_CURVE('',#1395,#1405,#1407,.T.);
#1405 = VERTEX_POINT('',#1406);
#1406 = CARTESIAN_POINT('',(3.35,27.602204453055,0.));
#1407 = CIRCLE('',#1408,2.);
#1408 = AXIS2_PLACEMENT_3D('',#1409,#1410,#1411);
#1409 = CARTESIAN_POINT('',(4.4,25.9,0.));
#1410 = DIRECTION('',(0.,0.,1.));
#1411 = DIRECTION('',(1.,0.,0.));
#1412 = ORIENTED_EDGE('',*,*,#1413,.F.);
#1413 = EDGE_CURVE('',#1414,#1405,#1416,.T.);
#1414 = VERTEX_POINT('',#1415);
#1415 = CARTESIAN_POINT('',(3.35,26.5,0.));
#1416 = LINE('',#1417,#1418);
#1417 = CARTESIAN_POINT('',(3.35,26.5,0.));
#1418 = VECTOR('',#1419,1.);
#1419 = DIRECTION('',(0.,1.,0.));
#1420 = ORIENTED_EDGE('',*,*,#1421,.F.);
#1421 = EDGE_CURVE('',#1422,#1414,#1424,.T.);
#1422 = VERTEX_POINT('',#1423);
#1423 = CARTESIAN_POINT('',(2.492121597166,26.5,0.));
#1424 = LINE('',#1425,#1426);
#1425 = CARTESIAN_POINT('',(2.4,26.5,0.));
#1426 = VECTOR('',#1427,1.);
#1427 = DIRECTION('',(1.,0.,0.));
#1428 = ORIENTED_EDGE('',*,*,#1429,.T.);
#1429 = EDGE_CURVE('',#1422,#1430,#1432,.T.);
#1430 = VERTEX_POINT('',#1431);
#1431 = CARTESIAN_POINT('',(2.4,25.9,0.));
#1432 = CIRCLE('',#1433,2.);
#1433 = AXIS2_PLACEMENT_3D('',#1434,#1435,#1436);
#1434 = CARTESIAN_POINT('',(4.4,25.9,0.));
#1435 = DIRECTION('',(0.,0.,1.));
#1436 = DIRECTION('',(1.,0.,0.));
#1437 = ORIENTED_EDGE('',*,*,#1438,.T.);
#1438 = EDGE_CURVE('',#1430,#1439,#1441,.T.);
#1439 = VERTEX_POINT('',#1440);
#1440 = CARTESIAN_POINT('',(2.4,7.9,0.));
#1441 = LINE('',#1442,#1443);
#1442 = CARTESIAN_POINT('',(2.4,25.9,0.));
#1443 = VECTOR('',#1444,1.);
#1444 = DIRECTION('',(0.,-1.,0.));
#1445 = ORIENTED_EDGE('',*,*,#1446,.T.);
#1446 = EDGE_CURVE('',#1439,#1447,#1449,.T.);
#1447 = VERTEX_POINT('',#1448);
#1448 = CARTESIAN_POINT('',(2.492121597166,7.3,0.));
#1449 = CIRCLE('',#1450,2.);
#1450 = AXIS2_PLACEMENT_3D('',#1451,#1452,#1453);
#1451 = CARTESIAN_POINT('',(4.4,7.9,0.));
#1452 = DIRECTION('',(0.,0.,1.));
#1453 = DIRECTION('',(1.,0.,0.));
#1454 = ORIENTED_EDGE('',*,*,#1455,.F.);
#1455 = EDGE_CURVE('',#1456,#1447,#1458,.T.);
#1456 = VERTEX_POINT('',#1457);
#1457 = CARTESIAN_POINT('',(3.35,7.3,0.));
#1458 = LINE('',#1459,#1460);
#1459 = CARTESIAN_POINT('',(3.35,7.3,0.));
#1460 = VECTOR('',#1461,1.);
#1461 = DIRECTION('',(-1.,0.,0.));
#1462 = ORIENTED_EDGE('',*,*,#1463,.F.);
#1463 = EDGE_CURVE('',#1464,#1456,#1466,.T.);
#1464 = VERTEX_POINT('',#1465);
#1465 = CARTESIAN_POINT('',(3.35,6.197795546945,0.));
#1466 = LINE('',#1467,#1468);
#1467 = CARTESIAN_POINT('',(3.35,5.9,0.));
#1468 = VECTOR('',#1469,1.);
#1469 = DIRECTION('',(0.,1.,0.));
#1470 = ORIENTED_EDGE('',*,*,#1471,.T.);
#1471 = EDGE_CURVE('',#1464,#1472,#1474,.T.);
#1472 = VERTEX_POINT('',#1473);
#1473 = CARTESIAN_POINT('',(3.77550020016,6.,0.));
#1474 = CIRCLE('',#1475,2.);
#1475 = AXIS2_PLACEMENT_3D('',#1476,#1477,#1478);
#1476 = CARTESIAN_POINT('',(4.4,7.9,0.));
#1477 = DIRECTION('',(0.,0.,1.));
#1478 = DIRECTION('',(1.,0.,0.));
#1479 = ORIENTED_EDGE('',*,*,#1480,.F.);
#1480 = EDGE_CURVE('',#1481,#1472,#1483,.T.);
#1481 = VERTEX_POINT('',#1482);
#1482 = CARTESIAN_POINT('',(11.4,6.,0.));
#1483 = LINE('',#1484,#1485);
#1484 = CARTESIAN_POINT('',(11.4,6.,0.));
#1485 = VECTOR('',#1486,1.);
#1486 = DIRECTION('',(-1.,0.,0.));
#1487 = ORIENTED_EDGE('',*,*,#1488,.F.);
#1488 = EDGE_CURVE('',#1489,#1481,#1491,.T.);
#1489 = VERTEX_POINT('',#1490);
#1490 = CARTESIAN_POINT('',(11.4,5.9,0.));
#1491 = LINE('',#1492,#1493);
#1492 = CARTESIAN_POINT('',(11.4,0.,0.));
#1493 = VECTOR('',#1494,1.);
#1494 = DIRECTION('',(0.,1.,0.));
#1495 = ORIENTED_EDGE('',*,*,#1496,.T.);
#1496 = EDGE_CURVE('',#1489,#1497,#1499,.T.);
#1497 = VERTEX_POINT('',#1498);
#1498 = CARTESIAN_POINT('',(74.6,5.9,0.));
#1499 = LINE('',#1500,#1501);
#1500 = CARTESIAN_POINT('',(4.4,5.9,0.));
#1501 = VECTOR('',#1502,1.);
#1502 = DIRECTION('',(1.,0.,0.));
#1503 = ORIENTED_EDGE('',*,*,#1504,.F.);
#1504 = EDGE_CURVE('',#1505,#1497,#1507,.T.);
#1505 = VERTEX_POINT('',#1506);
#1506 = CARTESIAN_POINT('',(74.6,6.,0.));
#1507 = LINE('',#1508,#1509);
#1508 = CARTESIAN_POINT('',(74.6,6.,0.));
#1509 = VECTOR('',#1510,1.);
#1510 = DIRECTION('',(0.,-1.,0.));
#1511 = ORIENTED_EDGE('',*,*,#1512,.F.);
#1512 = EDGE_CURVE('',#1513,#1505,#1515,.T.);
#1513 = VERTEX_POINT('',#1514);
#1514 = CARTESIAN_POINT('',(81.66,6.,0.));
#1515 = LINE('',#1516,#1517);
#1516 = CARTESIAN_POINT('',(83.6,6.,0.));
#1517 = VECTOR('',#1518,1.);
#1518 = DIRECTION('',(-1.,0.,0.));
#1519 = ORIENTED_EDGE('',*,*,#1520,.F.);
#1520 = EDGE_CURVE('',#1049,#1513,#1521,.T.);
#1521 = LINE('',#1522,#1523);
#1522 = CARTESIAN_POINT('',(81.66,10.96,0.));
#1523 = VECTOR('',#1524,1.);
#1524 = DIRECTION('',(0.,-1.,0.));
#1525 = ORIENTED_EDGE('',*,*,#1048,.F.);
#1526 = ORIENTED_EDGE('',*,*,#1527,.T.);
#1527 = EDGE_CURVE('',#1041,#1178,#1528,.T.);
#1528 = LINE('',#1529,#1530);
#1529 = CARTESIAN_POINT('',(83.6,7.9,0.));
#1530 = VECTOR('',#1531,1.);
#1531 = DIRECTION('',(0.,1.,0.));
#1532 = ORIENTED_EDGE('',*,*,#1177,.F.);
#1533 = ORIENTED_EDGE('',*,*,#1534,.F.);
#1534 = EDGE_CURVE('',#1535,#1170,#1537,.T.);
#1535 = VERTEX_POINT('',#1536);
#1536 = CARTESIAN_POINT('',(81.66,27.8,0.));
#1537 = LINE('',#1538,#1539);
#1538 = CARTESIAN_POINT('',(81.66,30.,0.));
#1539 = VECTOR('',#1540,1.);
#1540 = DIRECTION('',(0.,-1.,0.));
#1541 = ORIENTED_EDGE('',*,*,#1542,.F.);
#1542 = EDGE_CURVE('',#1543,#1535,#1545,.T.);
#1543 = VERTEX_POINT('',#1544);
#1544 = CARTESIAN_POINT('',(74.6,27.8,0.));
#1545 = LINE('',#1546,#1547);
#1546 = CARTESIAN_POINT('',(74.6,27.8,0.));
#1547 = VECTOR('',#1548,1.);
#1548 = DIRECTION('',(1.,0.,0.));
#1549 = ORIENTED_EDGE('',*,*,#1550,.F.);
#1550 = EDGE_CURVE('',#1551,#1543,#1553,.T.);
#1551 = VERTEX_POINT('',#1552);
#1552 = CARTESIAN_POINT('',(74.6,27.9,0.));
#1553 = LINE('',#1554,#1555);
#1554 = CARTESIAN_POINT('',(74.6,33.8,0.));
#1555 = VECTOR('',#1556,1.);
#1556 = DIRECTION('',(0.,-1.,0.));
#1557 = ORIENTED_EDGE('',*,*,#1558,.T.);
#1558 = EDGE_CURVE('',#1551,#1559,#1561,.T.);
#1559 = VERTEX_POINT('',#1560);
#1560 = CARTESIAN_POINT('',(11.4,27.9,0.));
#1561 = LINE('',#1562,#1563);
#1562 = CARTESIAN_POINT('',(81.6,27.9,0.));
#1563 = VECTOR('',#1564,1.);
#1564 = DIRECTION('',(-1.,0.,0.));
#1565 = ORIENTED_EDGE('',*,*,#1566,.F.);
#1566 = EDGE_CURVE('',#1397,#1559,#1567,.T.);
#1567 = LINE('',#1568,#1569);
#1568 = CARTESIAN_POINT('',(11.4,27.8,0.));
#1569 = VECTOR('',#1570,1.);
#1570 = DIRECTION('',(0.,1.,0.));
#1571 = FACE_BOUND('',#1572,.T.);
#1572 = EDGE_LOOP('',(#1573));
#1573 = ORIENTED_EDGE('',*,*,#1574,.T.);
#1574 = EDGE_CURVE('',#1575,#1575,#1577,.T.);
#1575 = VERTEX_POINT('',#1576);
#1576 = CARTESIAN_POINT('',(80.6,3.,0.));
#1577 = CIRCLE('',#1578,1.5);
#1578 = AXIS2_PLACEMENT_3D('',#1579,#1580,#1581);
#1579 = CARTESIAN_POINT('',(79.1,3.,0.));
#1580 = DIRECTION('',(0.,0.,1.));
#1581 = DIRECTION('',(1.,0.,0.));
#1582 = FACE_BOUND('',#1583,.T.);
#1583 = EDGE_LOOP('',(#1584));
#1584 = ORIENTED_EDGE('',*,*,#1585,.T.);
#1585 = EDGE_CURVE('',#1586,#1586,#1588,.T.);
#1586 = VERTEX_POINT('',#1587);
#1587 = CARTESIAN_POINT('',(8.4,3.,0.));
#1588 = CIRCLE('',#1589,1.5);
#1589 = AXIS2_PLACEMENT_3D('',#1590,#1591,#1592);
#1590 = CARTESIAN_POINT('',(6.9,3.,0.));
#1591 = DIRECTION('',(0.,0.,1.));
#1592 = DIRECTION('',(1.,0.,0.));
#1593 = FACE_BOUND('',#1594,.T.);
#1594 = EDGE_LOOP('',(#1595));
#1595 = ORIENTED_EDGE('',*,*,#1596,.T.);
#1596 = EDGE_CURVE('',#1597,#1597,#1599,.T.);
#1597 = VERTEX_POINT('',#1598);
#1598 = CARTESIAN_POINT('',(80.6,30.8,0.));
#1599 = CIRCLE('',#1600,1.5);
#1600 = AXIS2_PLACEMENT_3D('',#1601,#1602,#1603);
#1601 = CARTESIAN_POINT('',(79.1,30.8,0.));
#1602 = DIRECTION('',(0.,0.,1.));
#1603 = DIRECTION('',(1.,0.,0.));
#1604 = FACE_BOUND('',#1605,.T.);
#1605 = EDGE_LOOP('',(#1606));
#1606 = ORIENTED_EDGE('',*,*,#1607,.T.);
#1607 = EDGE_CURVE('',#1608,#1608,#1610,.T.);
#1608 = VERTEX_POINT('',#1609);
#1609 = CARTESIAN_POINT('',(8.4,30.8,0.));
#1610 = CIRCLE('',#1611,1.5);
#1611 = AXIS2_PLACEMENT_3D('',#1612,#1613,#1614);
#1612 = CARTESIAN_POINT('',(6.9,30.8,0.));
#1613 = DIRECTION('',(0.,0.,1.));
#1614 = DIRECTION('',(1.,0.,0.));
#1615 = PLANE('',#1616);
#1616 = AXIS2_PLACEMENT_3D('',#1617,#1618,#1619);
#1617 = CARTESIAN_POINT('',(43.,16.9,0.));
#1618 = DIRECTION('',(-0.,-0.,-1.));
#1619 = DIRECTION('',(-1.,0.,0.));
#1620 = ADVANCED_FACE('',(#1621),#1632,.T.);
#1621 = FACE_BOUND('',#1622,.F.);
#1622 = EDGE_LOOP('',(#1623,#1624,#1625,#1631));
#1623 = ORIENTED_EDGE('',*,*,#483,.T.);
#1624 = ORIENTED_EDGE('',*,*,#916,.T.);
#1625 = ORIENTED_EDGE('',*,*,#1626,.F.);
#1626 = EDGE_CURVE('',#1362,#917,#1627,.T.);
#1627 = LINE('',#1628,#1629);
#1628 = CARTESIAN_POINT('',(84.,33.8,0.));
#1629 = VECTOR('',#1630,1.);
#1630 = DIRECTION('',(0.,0.,1.));
#1631 = ORIENTED_EDGE('',*,*,#1369,.F.);
#1632 = CYLINDRICAL_SURFACE('',#1633,2.);
#1633 = AXIS2_PLACEMENT_3D('',#1634,#1635,#1636);
#1634 = CARTESIAN_POINT('',(84.,31.8,0.));
#1635 = DIRECTION('',(-0.,-0.,-1.));
#1636 = DIRECTION('',(1.,0.,0.));
#1637 = ADVANCED_FACE('',(#1638),#1649,.T.);
#1638 = FACE_BOUND('',#1639,.F.);
#1639 = EDGE_LOOP('',(#1640,#1646,#1647,#1648));
#1640 = ORIENTED_EDGE('',*,*,#1641,.T.);
#1641 = EDGE_CURVE('',#1378,#662,#1642,.T.);
#1642 = LINE('',#1643,#1644);
#1643 = CARTESIAN_POINT('',(84.,0.,0.));
#1644 = VECTOR('',#1645,1.);
#1645 = DIRECTION('',(0.,0.,1.));
#1646 = ORIENTED_EDGE('',*,*,#669,.T.);
#1647 = ORIENTED_EDGE('',*,*,#458,.F.);
#1648 = ORIENTED_EDGE('',*,*,#1377,.F.);
#1649 = CYLINDRICAL_SURFACE('',#1650,2.);
#1650 = AXIS2_PLACEMENT_3D('',#1651,#1652,#1653);
#1651 = CARTESIAN_POINT('',(84.,2.,0.));
#1652 = DIRECTION('',(-0.,-0.,-1.));
#1653 = DIRECTION('',(1.,0.,0.));
#1654 = ADVANCED_FACE('',(#1655),#1666,.F.);
#1655 = FACE_BOUND('',#1656,.F.);
#1656 = EDGE_LOOP('',(#1657,#1658,#1659,#1665));
#1657 = ORIENTED_EDGE('',*,*,#491,.T.);
#1658 = ORIENTED_EDGE('',*,*,#984,.T.);
#1659 = ORIENTED_EDGE('',*,*,#1660,.T.);
#1660 = EDGE_CURVE('',#985,#1234,#1661,.T.);
#1661 = LINE('',#1662,#1663);
#1662 = CARTESIAN_POINT('',(83.6,9.43,17.));
#1663 = VECTOR('',#1664,1.);
#1664 = DIRECTION('',(0.,1.,0.));
#1665 = ORIENTED_EDGE('',*,*,#1241,.F.);
#1666 = PLANE('',#1667);
#1667 = AXIS2_PLACEMENT_3D('',#1668,#1669,#1670);
#1668 = CARTESIAN_POINT('',(87.,10.96,17.));
#1669 = DIRECTION('',(0.,0.,-1.));
#1670 = DIRECTION('',(0.,1.,0.));
#1671 = ADVANCED_FACE('',(#1672),#1709,.F.);
#1672 = FACE_BOUND('',#1673,.F.);
#1673 = EDGE_LOOP('',(#1674,#1682,#1683,#1691,#1697,#1703));
#1674 = ORIENTED_EDGE('',*,*,#1675,.F.);
#1675 = EDGE_CURVE('',#526,#1676,#1678,.T.);
#1676 = VERTEX_POINT('',#1677);
#1677 = CARTESIAN_POINT('',(83.6,26.9,11.5));
#1678 = LINE('',#1679,#1680);
#1679 = CARTESIAN_POINT('',(87.,26.9,11.5));
#1680 = VECTOR('',#1681,1.);
#1681 = DIRECTION('',(-1.,-0.,-0.));
#1682 = ORIENTED_EDGE('',*,*,#525,.T.);
#1683 = ORIENTED_EDGE('',*,*,#1684,.T.);
#1684 = EDGE_CURVE('',#528,#1685,#1687,.T.);
#1685 = VERTEX_POINT('',#1686);
#1686 = CARTESIAN_POINT('',(83.6,6.9,11.5));
#1687 = LINE('',#1688,#1689);
#1688 = CARTESIAN_POINT('',(87.,6.9,11.5));
#1689 = VECTOR('',#1690,1.);
#1690 = DIRECTION('',(-1.,-0.,-0.));
#1691 = ORIENTED_EDGE('',*,*,#1692,.T.);
#1692 = EDGE_CURVE('',#1685,#1001,#1693,.T.);
#1693 = LINE('',#1694,#1695);
#1694 = CARTESIAN_POINT('',(83.6,7.4,11.5));
#1695 = VECTOR('',#1696,1.);
#1696 = DIRECTION('',(0.,1.,0.));
#1697 = ORIENTED_EDGE('',*,*,#1698,.T.);
#1698 = EDGE_CURVE('',#1001,#1218,#1699,.T.);
#1699 = LINE('',#1700,#1701);
#1700 = CARTESIAN_POINT('',(83.6,7.4,11.5));
#1701 = VECTOR('',#1702,1.);
#1702 = DIRECTION('',(0.,1.,0.));
#1703 = ORIENTED_EDGE('',*,*,#1704,.T.);
#1704 = EDGE_CURVE('',#1218,#1676,#1705,.T.);
#1705 = LINE('',#1706,#1707);
#1706 = CARTESIAN_POINT('',(83.6,14.9,11.5));
#1707 = VECTOR('',#1708,1.);
#1708 = DIRECTION('',(0.,1.,0.));
#1709 = PLANE('',#1710);
#1710 = AXIS2_PLACEMENT_3D('',#1711,#1712,#1713);
#1711 = CARTESIAN_POINT('',(87.,6.9,11.5));
#1712 = DIRECTION('',(0.,0.,-1.));
#1713 = DIRECTION('',(0.,1.,0.));
#1714 = ADVANCED_FACE('',(#1715),#1733,.F.);
#1715 = FACE_BOUND('',#1716,.F.);
#1716 = EDGE_LOOP('',(#1717,#1725,#1726,#1727));
#1717 = ORIENTED_EDGE('',*,*,#1718,.F.);
#1718 = EDGE_CURVE('',#536,#1719,#1721,.T.);
#1719 = VERTEX_POINT('',#1720);
#1720 = CARTESIAN_POINT('',(83.6,26.9,13.5));
#1721 = LINE('',#1722,#1723);
#1722 = CARTESIAN_POINT('',(87.,26.9,13.5));
#1723 = VECTOR('',#1724,1.);
#1724 = DIRECTION('',(-1.,-0.,-0.));
#1725 = ORIENTED_EDGE('',*,*,#535,.T.);
#1726 = ORIENTED_EDGE('',*,*,#1675,.T.);
#1727 = ORIENTED_EDGE('',*,*,#1728,.T.);
#1728 = EDGE_CURVE('',#1676,#1719,#1729,.T.);
#1729 = LINE('',#1730,#1731);
#1730 = CARTESIAN_POINT('',(83.6,26.9,5.75));
#1731 = VECTOR('',#1732,1.);
#1732 = DIRECTION('',(0.,0.,1.));
#1733 = PLANE('',#1734);
#1734 = AXIS2_PLACEMENT_3D('',#1735,#1736,#1737);
#1735 = CARTESIAN_POINT('',(87.,26.9,11.5));
#1736 = DIRECTION('',(0.,1.,0.));
#1737 = DIRECTION('',(0.,0.,1.));
#1738 = ADVANCED_FACE('',(#1739),#1757,.F.);
#1739 = FACE_BOUND('',#1740,.F.);
#1740 = EDGE_LOOP('',(#1741,#1742,#1743,#1751));
#1741 = ORIENTED_EDGE('',*,*,#1684,.F.);
#1742 = ORIENTED_EDGE('',*,*,#551,.T.);
#1743 = ORIENTED_EDGE('',*,*,#1744,.T.);
#1744 = EDGE_CURVE('',#544,#1745,#1747,.T.);
#1745 = VERTEX_POINT('',#1746);
#1746 = CARTESIAN_POINT('',(83.6,6.9,13.5));
#1747 = LINE('',#1748,#1749);
#1748 = CARTESIAN_POINT('',(87.,6.9,13.5));
#1749 = VECTOR('',#1750,1.);
#1750 = DIRECTION('',(-1.,-0.,-0.));
#1751 = ORIENTED_EDGE('',*,*,#1752,.T.);
#1752 = EDGE_CURVE('',#1745,#1685,#1753,.T.);
#1753 = LINE('',#1754,#1755);
#1754 = CARTESIAN_POINT('',(83.6,6.9,6.75));
#1755 = VECTOR('',#1756,1.);
#1756 = DIRECTION('',(-0.,-0.,-1.));
#1757 = PLANE('',#1758);
#1758 = AXIS2_PLACEMENT_3D('',#1759,#1760,#1761);
#1759 = CARTESIAN_POINT('',(87.,6.9,13.5));
#1760 = DIRECTION('',(0.,-1.,0.));
#1761 = DIRECTION('',(0.,0.,-1.));
#1762 = ADVANCED_FACE('',(#1763),#1786,.F.);
#1763 = FACE_BOUND('',#1764,.F.);
#1764 = EDGE_LOOP('',(#1765,#1766,#1767,#1768,#1774,#1780));
#1765 = ORIENTED_EDGE('',*,*,#1744,.F.);
#1766 = ORIENTED_EDGE('',*,*,#543,.T.);
#1767 = ORIENTED_EDGE('',*,*,#1718,.T.);
#1768 = ORIENTED_EDGE('',*,*,#1769,.T.);
#1769 = EDGE_CURVE('',#1719,#1226,#1770,.T.);
#1770 = LINE('',#1771,#1772);
#1771 = CARTESIAN_POINT('',(83.6,17.4,13.5));
#1772 = VECTOR('',#1773,1.);
#1773 = DIRECTION('',(0.,-1.,0.));
#1774 = ORIENTED_EDGE('',*,*,#1775,.T.);
#1775 = EDGE_CURVE('',#1226,#993,#1776,.T.);
#1776 = LINE('',#1777,#1778);
#1777 = CARTESIAN_POINT('',(83.6,17.4,13.5));
#1778 = VECTOR('',#1779,1.);
#1779 = DIRECTION('',(0.,-1.,0.));
#1780 = ORIENTED_EDGE('',*,*,#1781,.T.);
#1781 = EDGE_CURVE('',#993,#1745,#1782,.T.);
#1782 = LINE('',#1783,#1784);
#1783 = CARTESIAN_POINT('',(83.6,15.35,13.5));
#1784 = VECTOR('',#1785,1.);
#1785 = DIRECTION('',(0.,-1.,0.));
#1786 = PLANE('',#1787);
#1787 = AXIS2_PLACEMENT_3D('',#1788,#1789,#1790);
#1788 = CARTESIAN_POINT('',(87.,26.9,13.5));
#1789 = DIRECTION('',(0.,0.,1.));
#1790 = DIRECTION('',(0.,-1.,0.));
#1791 = ADVANCED_FACE('',(#1792),#1829,.F.);
#1792 = FACE_BOUND('',#1793,.F.);
#1793 = EDGE_LOOP('',(#1794,#1802,#1803,#1811,#1817,#1823));
#1794 = ORIENTED_EDGE('',*,*,#1795,.F.);
#1795 = EDGE_CURVE('',#560,#1796,#1798,.T.);
#1796 = VERTEX_POINT('',#1797);
#1797 = CARTESIAN_POINT('',(83.6,26.9,7.5));
#1798 = LINE('',#1799,#1800);
#1799 = CARTESIAN_POINT('',(87.,26.9,7.5));
#1800 = VECTOR('',#1801,1.);
#1801 = DIRECTION('',(-1.,-0.,-0.));
#1802 = ORIENTED_EDGE('',*,*,#559,.T.);
#1803 = ORIENTED_EDGE('',*,*,#1804,.T.);
#1804 = EDGE_CURVE('',#562,#1805,#1807,.T.);
#1805 = VERTEX_POINT('',#1806);
#1806 = CARTESIAN_POINT('',(83.6,6.9,7.5));
#1807 = LINE('',#1808,#1809);
#1808 = CARTESIAN_POINT('',(87.,6.9,7.5));
#1809 = VECTOR('',#1810,1.);
#1810 = DIRECTION('',(-1.,-0.,-0.));
#1811 = ORIENTED_EDGE('',*,*,#1812,.T.);
#1812 = EDGE_CURVE('',#1805,#1017,#1813,.T.);
#1813 = LINE('',#1814,#1815);
#1814 = CARTESIAN_POINT('',(83.6,7.4,7.5));
#1815 = VECTOR('',#1816,1.);
#1816 = DIRECTION('',(0.,1.,0.));
#1817 = ORIENTED_EDGE('',*,*,#1818,.T.);
#1818 = EDGE_CURVE('',#1017,#1202,#1819,.T.);
#1819 = LINE('',#1820,#1821);
#1820 = CARTESIAN_POINT('',(83.6,7.4,7.5));
#1821 = VECTOR('',#1822,1.);
#1822 = DIRECTION('',(0.,1.,0.));
#1823 = ORIENTED_EDGE('',*,*,#1824,.T.);
#1824 = EDGE_CURVE('',#1202,#1796,#1825,.T.);
#1825 = LINE('',#1826,#1827);
#1826 = CARTESIAN_POINT('',(83.6,14.9,7.5));
#1827 = VECTOR('',#1828,1.);
#1828 = DIRECTION('',(0.,1.,0.));
#1829 = PLANE('',#1830);
#1830 = AXIS2_PLACEMENT_3D('',#1831,#1832,#1833);
#1831 = CARTESIAN_POINT('',(87.,6.9,7.5));
#1832 = DIRECTION('',(0.,0.,-1.));
#1833 = DIRECTION('',(0.,1.,0.));
#1834 = ADVANCED_FACE('',(#1835),#1853,.F.);
#1835 = FACE_BOUND('',#1836,.F.);
#1836 = EDGE_LOOP('',(#1837,#1845,#1846,#1847));
#1837 = ORIENTED_EDGE('',*,*,#1838,.F.);
#1838 = EDGE_CURVE('',#570,#1839,#1841,.T.);
#1839 = VERTEX_POINT('',#1840);
#1840 = CARTESIAN_POINT('',(83.6,26.9,9.5));
#1841 = LINE('',#1842,#1843);
#1842 = CARTESIAN_POINT('',(87.,26.9,9.5));
#1843 = VECTOR('',#1844,1.);
#1844 = DIRECTION('',(-1.,-0.,-0.));
#1845 = ORIENTED_EDGE('',*,*,#569,.T.);
#1846 = ORIENTED_EDGE('',*,*,#1795,.T.);
#1847 = ORIENTED_EDGE('',*,*,#1848,.T.);
#1848 = EDGE_CURVE('',#1796,#1839,#1849,.T.);
#1849 = LINE('',#1850,#1851);
#1850 = CARTESIAN_POINT('',(83.6,26.9,3.75));
#1851 = VECTOR('',#1852,1.);
#1852 = DIRECTION('',(0.,0.,1.));
#1853 = PLANE('',#1854);
#1854 = AXIS2_PLACEMENT_3D('',#1855,#1856,#1857);
#1855 = CARTESIAN_POINT('',(87.,26.9,7.5));
#1856 = DIRECTION('',(0.,1.,0.));
#1857 = DIRECTION('',(0.,0.,1.));
#1858 = ADVANCED_FACE('',(#1859),#1877,.F.);
#1859 = FACE_BOUND('',#1860,.F.);
#1860 = EDGE_LOOP('',(#1861,#1862,#1863,#1871));
#1861 = ORIENTED_EDGE('',*,*,#1804,.F.);
#1862 = ORIENTED_EDGE('',*,*,#585,.T.);
#1863 = ORIENTED_EDGE('',*,*,#1864,.T.);
#1864 = EDGE_CURVE('',#578,#1865,#1867,.T.);
#1865 = VERTEX_POINT('',#1866);
#1866 = CARTESIAN_POINT('',(83.6,6.9,9.5));
#1867 = LINE('',#1868,#1869);
#1868 = CARTESIAN_POINT('',(87.,6.9,9.5));
#1869 = VECTOR('',#1870,1.);
#1870 = DIRECTION('',(-1.,-0.,-0.));
#1871 = ORIENTED_EDGE('',*,*,#1872,.T.);
#1872 = EDGE_CURVE('',#1865,#1805,#1873,.T.);
#1873 = LINE('',#1874,#1875);
#1874 = CARTESIAN_POINT('',(83.6,6.9,4.75));
#1875 = VECTOR('',#1876,1.);
#1876 = DIRECTION('',(-0.,-0.,-1.));
#1877 = PLANE('',#1878);
#1878 = AXIS2_PLACEMENT_3D('',#1879,#1880,#1881);
#1879 = CARTESIAN_POINT('',(87.,6.9,9.5));
#1880 = DIRECTION('',(0.,-1.,0.));
#1881 = DIRECTION('',(0.,0.,-1.));
#1882 = ADVANCED_FACE('',(#1883),#1906,.F.);
#1883 = FACE_BOUND('',#1884,.F.);
#1884 = EDGE_LOOP('',(#1885,#1886,#1887,#1888,#1894,#1900));
#1885 = ORIENTED_EDGE('',*,*,#1864,.F.);
#1886 = ORIENTED_EDGE('',*,*,#577,.T.);
#1887 = ORIENTED_EDGE('',*,*,#1838,.T.);
#1888 = ORIENTED_EDGE('',*,*,#1889,.T.);
#1889 = EDGE_CURVE('',#1839,#1210,#1890,.T.);
#1890 = LINE('',#1891,#1892);
#1891 = CARTESIAN_POINT('',(83.6,17.4,9.5));
#1892 = VECTOR('',#1893,1.);
#1893 = DIRECTION('',(0.,-1.,0.));
#1894 = ORIENTED_EDGE('',*,*,#1895,.T.);
#1895 = EDGE_CURVE('',#1210,#1009,#1896,.T.);
#1896 = LINE('',#1897,#1898);
#1897 = CARTESIAN_POINT('',(83.6,17.4,9.5));
#1898 = VECTOR('',#1899,1.);
#1899 = DIRECTION('',(0.,-1.,0.));
#1900 = ORIENTED_EDGE('',*,*,#1901,.T.);
#1901 = EDGE_CURVE('',#1009,#1865,#1902,.T.);
#1902 = LINE('',#1903,#1904);
#1903 = CARTESIAN_POINT('',(83.6,15.35,9.5));
#1904 = VECTOR('',#1905,1.);
#1905 = DIRECTION('',(0.,-1.,0.));
#1906 = PLANE('',#1907);
#1907 = AXIS2_PLACEMENT_3D('',#1908,#1909,#1910);
#1908 = CARTESIAN_POINT('',(87.,26.9,9.5));
#1909 = DIRECTION('',(0.,0.,1.));
#1910 = DIRECTION('',(0.,-1.,0.));
#1911 = ADVANCED_FACE('',(#1912),#1949,.F.);
#1912 = FACE_BOUND('',#1913,.F.);
#1913 = EDGE_LOOP('',(#1914,#1922,#1923,#1931,#1937,#1943));
#1914 = ORIENTED_EDGE('',*,*,#1915,.F.);
#1915 = EDGE_CURVE('',#594,#1916,#1918,.T.);
#1916 = VERTEX_POINT('',#1917);
#1917 = CARTESIAN_POINT('',(83.6,26.9,3.5));
#1918 = LINE('',#1919,#1920);
#1919 = CARTESIAN_POINT('',(87.,26.9,3.5));
#1920 = VECTOR('',#1921,1.);
#1921 = DIRECTION('',(-1.,-0.,-0.));
#1922 = ORIENTED_EDGE('',*,*,#593,.T.);
#1923 = ORIENTED_EDGE('',*,*,#1924,.T.);
#1924 = EDGE_CURVE('',#596,#1925,#1927,.T.);
#1925 = VERTEX_POINT('',#1926);
#1926 = CARTESIAN_POINT('',(83.6,6.9,3.5));
#1927 = LINE('',#1928,#1929);
#1928 = CARTESIAN_POINT('',(87.,6.9,3.5));
#1929 = VECTOR('',#1930,1.);
#1930 = DIRECTION('',(-1.,-0.,-0.));
#1931 = ORIENTED_EDGE('',*,*,#1932,.T.);
#1932 = EDGE_CURVE('',#1925,#1033,#1933,.T.);
#1933 = LINE('',#1934,#1935);
#1934 = CARTESIAN_POINT('',(83.6,7.4,3.5));
#1935 = VECTOR('',#1936,1.);
#1936 = DIRECTION('',(0.,1.,0.));
#1937 = ORIENTED_EDGE('',*,*,#1938,.T.);
#1938 = EDGE_CURVE('',#1033,#1186,#1939,.T.);
#1939 = LINE('',#1940,#1941);
#1940 = CARTESIAN_POINT('',(83.6,7.4,3.5));
#1941 = VECTOR('',#1942,1.);
#1942 = DIRECTION('',(0.,1.,0.));
#1943 = ORIENTED_EDGE('',*,*,#1944,.T.);
#1944 = EDGE_CURVE('',#1186,#1916,#1945,.T.);
#1945 = LINE('',#1946,#1947);
#1946 = CARTESIAN_POINT('',(83.6,14.9,3.5));
#1947 = VECTOR('',#1948,1.);
#1948 = DIRECTION('',(0.,1.,0.));
#1949 = PLANE('',#1950);
#1950 = AXIS2_PLACEMENT_3D('',#1951,#1952,#1953);
#1951 = CARTESIAN_POINT('',(87.,6.9,3.5));
#1952 = DIRECTION('',(0.,0.,-1.));
#1953 = DIRECTION('',(0.,1.,0.));
#1954 = ADVANCED_FACE('',(#1955),#1973,.F.);
#1955 = FACE_BOUND('',#1956,.F.);
#1956 = EDGE_LOOP('',(#1957,#1965,#1966,#1967));
#1957 = ORIENTED_EDGE('',*,*,#1958,.F.);
#1958 = EDGE_CURVE('',#604,#1959,#1961,.T.);
#1959 = VERTEX_POINT('',#1960);
#1960 = CARTESIAN_POINT('',(83.6,26.9,5.5));
#1961 = LINE('',#1962,#1963);
#1962 = CARTESIAN_POINT('',(87.,26.9,5.5));
#1963 = VECTOR('',#1964,1.);
#1964 = DIRECTION('',(-1.,-0.,-0.));
#1965 = ORIENTED_EDGE('',*,*,#603,.T.);
#1966 = ORIENTED_EDGE('',*,*,#1915,.T.);
#1967 = ORIENTED_EDGE('',*,*,#1968,.T.);
#1968 = EDGE_CURVE('',#1916,#1959,#1969,.T.);
#1969 = LINE('',#1970,#1971);
#1970 = CARTESIAN_POINT('',(83.6,26.9,1.75));
#1971 = VECTOR('',#1972,1.);
#1972 = DIRECTION('',(0.,0.,1.));
#1973 = PLANE('',#1974);
#1974 = AXIS2_PLACEMENT_3D('',#1975,#1976,#1977);
#1975 = CARTESIAN_POINT('',(87.,26.9,3.5));
#1976 = DIRECTION('',(0.,1.,0.));
#1977 = DIRECTION('',(0.,0.,1.));
#1978 = ADVANCED_FACE('',(#1979),#1997,.F.);
#1979 = FACE_BOUND('',#1980,.F.);
#1980 = EDGE_LOOP('',(#1981,#1982,#1983,#1991));
#1981 = ORIENTED_EDGE('',*,*,#1924,.F.);
#1982 = ORIENTED_EDGE('',*,*,#619,.T.);
#1983 = ORIENTED_EDGE('',*,*,#1984,.T.);
#1984 = EDGE_CURVE('',#612,#1985,#1987,.T.);
#1985 = VERTEX_POINT('',#1986);
#1986 = CARTESIAN_POINT('',(83.6,6.9,5.5));
#1987 = LINE('',#1988,#1989);
#1988 = CARTESIAN_POINT('',(87.,6.9,5.5));
#1989 = VECTOR('',#1990,1.);
#1990 = DIRECTION('',(-1.,-0.,-0.));
#1991 = ORIENTED_EDGE('',*,*,#1992,.T.);
#1992 = EDGE_CURVE('',#1985,#1925,#1993,.T.);
#1993 = LINE('',#1994,#1995);
#1994 = CARTESIAN_POINT('',(83.6,6.9,2.75));
#1995 = VECTOR('',#1996,1.);
#1996 = DIRECTION('',(-0.,-0.,-1.));
#1997 = PLANE('',#1998);
#1998 = AXIS2_PLACEMENT_3D('',#1999,#2000,#2001);
#1999 = CARTESIAN_POINT('',(87.,6.9,5.5));
#2000 = DIRECTION('',(0.,-1.,0.));
#2001 = DIRECTION('',(0.,0.,-1.));
#2002 = ADVANCED_FACE('',(#2003),#2026,.F.);
#2003 = FACE_BOUND('',#2004,.F.);
#2004 = EDGE_LOOP('',(#2005,#2006,#2007,#2008,#2014,#2020));
#2005 = ORIENTED_EDGE('',*,*,#1984,.F.);
#2006 = ORIENTED_EDGE('',*,*,#611,.T.);
#2007 = ORIENTED_EDGE('',*,*,#1958,.T.);
#2008 = ORIENTED_EDGE('',*,*,#2009,.T.);
#2009 = EDGE_CURVE('',#1959,#1194,#2010,.T.);
#2010 = LINE('',#2011,#2012);
#2011 = CARTESIAN_POINT('',(83.6,17.4,5.5));
#2012 = VECTOR('',#2013,1.);
#2013 = DIRECTION('',(0.,-1.,0.));
#2014 = ORIENTED_EDGE('',*,*,#2015,.T.);
#2015 = EDGE_CURVE('',#1194,#1025,#2016,.T.);
#2016 = LINE('',#2017,#2018);
#2017 = CARTESIAN_POINT('',(83.6,17.4,5.5));
#2018 = VECTOR('',#2019,1.);
#2019 = DIRECTION('',(0.,-1.,0.));
#2020 = ORIENTED_EDGE('',*,*,#2021,.T.);
#2021 = EDGE_CURVE('',#1025,#1985,#2022,.T.);
#2022 = LINE('',#2023,#2024);
#2023 = CARTESIAN_POINT('',(83.6,15.35,5.5));
#2024 = VECTOR('',#2025,1.);
#2025 = DIRECTION('',(0.,-1.,0.));
#2026 = PLANE('',#2027);
#2027 = AXIS2_PLACEMENT_3D('',#2028,#2029,#2030);
#2028 = CARTESIAN_POINT('',(87.,26.9,5.5));
#2029 = DIRECTION('',(0.,0.,1.));
#2030 = DIRECTION('',(0.,-1.,0.));
#2031 = ADVANCED_FACE('',(#2032),#2048,.T.);
#2032 = FACE_BOUND('',#2033,.F.);
#2033 = EDGE_LOOP('',(#2034,#2040,#2041,#2047));
#2034 = ORIENTED_EDGE('',*,*,#2035,.T.);
#2035 = EDGE_CURVE('',#1353,#634,#2036,.T.);
#2036 = LINE('',#2037,#2038);
#2037 = CARTESIAN_POINT('',(2.,33.8,0.));
#2038 = VECTOR('',#2039,1.);
#2039 = DIRECTION('',(0.,0.,1.));
#2040 = ORIENTED_EDGE('',*,*,#633,.T.);
#2041 = ORIENTED_EDGE('',*,*,#2042,.F.);
#2042 = EDGE_CURVE('',#1345,#636,#2043,.T.);
#2043 = LINE('',#2044,#2045);
#2044 = CARTESIAN_POINT('',(0.,31.8,0.));
#2045 = VECTOR('',#2046,1.);
#2046 = DIRECTION('',(0.,0.,1.));
#2047 = ORIENTED_EDGE('',*,*,#1352,.F.);
#2048 = CYLINDRICAL_SURFACE('',#2049,2.);
#2049 = AXIS2_PLACEMENT_3D('',#2050,#2051,#2052);
#2050 = CARTESIAN_POINT('',(2.,31.8,0.));
#2051 = DIRECTION('',(-0.,-0.,-1.));
#2052 = DIRECTION('',(1.,0.,0.));
#2053 = ADVANCED_FACE('',(#2054,#2065,#2099,#2133,#2167),#2201,.F.);
#2054 = FACE_BOUND('',#2055,.F.);
#2055 = EDGE_LOOP('',(#2056,#2057,#2058,#2064));
#2056 = ORIENTED_EDGE('',*,*,#2042,.T.);
#2057 = ORIENTED_EDGE('',*,*,#644,.T.);
#2058 = ORIENTED_EDGE('',*,*,#2059,.F.);
#2059 = EDGE_CURVE('',#1334,#645,#2060,.T.);
#2060 = LINE('',#2061,#2062);
#2061 = CARTESIAN_POINT('',(0.,2.,0.));
#2062 = VECTOR('',#2063,1.);
#2063 = DIRECTION('',(0.,0.,1.));
#2064 = ORIENTED_EDGE('',*,*,#1344,.F.);
#2065 = FACE_BOUND('',#2066,.F.);
#2066 = EDGE_LOOP('',(#2067,#2077,#2085,#2093));
#2067 = ORIENTED_EDGE('',*,*,#2068,.T.);
#2068 = EDGE_CURVE('',#2069,#2071,#2073,.T.);
#2069 = VERTEX_POINT('',#2070);
#2070 = CARTESIAN_POINT('',(0.,26.49,34.2));
#2071 = VERTEX_POINT('',#2072);
#2072 = CARTESIAN_POINT('',(0.,26.49,15.15));
#2073 = LINE('',#2074,#2075);
#2074 = CARTESIAN_POINT('',(0.,26.49,7.575));
#2075 = VECTOR('',#2076,1.);
#2076 = DIRECTION('',(0.,0.,-1.));
#2077 = ORIENTED_EDGE('',*,*,#2078,.T.);
#2078 = EDGE_CURVE('',#2071,#2079,#2081,.T.);
#2079 = VERTEX_POINT('',#2080);
#2080 = CARTESIAN_POINT('',(0.,7.18,15.15));
#2081 = LINE('',#2082,#2083);
#2082 = CARTESIAN_POINT('',(0.,19.49,15.15));
#2083 = VECTOR('',#2084,1.);
#2084 = DIRECTION('',(0.,-1.,0.));
#2085 = ORIENTED_EDGE('',*,*,#2086,.T.);
#2086 = EDGE_CURVE('',#2079,#2087,#2089,.T.);
#2087 = VERTEX_POINT('',#2088);
#2088 = CARTESIAN_POINT('',(0.,7.18,34.2));
#2089 = LINE('',#2090,#2091);
#2090 = CARTESIAN_POINT('',(0.,7.18,17.1));
#2091 = VECTOR('',#2092,1.);
#2092 = DIRECTION('',(0.,0.,1.));
#2093 = ORIENTED_EDGE('',*,*,#2094,.T.);
#2094 = EDGE_CURVE('',#2087,#2069,#2095,.T.);
#2095 = LINE('',#2096,#2097);
#2096 = CARTESIAN_POINT('',(0.,29.145,34.2));
#2097 = VECTOR('',#2098,1.);
#2098 = DIRECTION('',(0.,1.,0.));
#2099 = FACE_BOUND('',#2100,.F.);
#2100 = EDGE_LOOP('',(#2101,#2111,#2119,#2127));
#2101 = ORIENTED_EDGE('',*,*,#2102,.T.);
#2102 = EDGE_CURVE('',#2103,#2105,#2107,.T.);
#2103 = VERTEX_POINT('',#2104);
#2104 = CARTESIAN_POINT('',(0.,26.9,13.5));
#2105 = VERTEX_POINT('',#2106);
#2106 = CARTESIAN_POINT('',(0.,26.9,11.5));
#2107 = LINE('',#2108,#2109);
#2108 = CARTESIAN_POINT('',(0.,26.9,5.75));
#2109 = VECTOR('',#2110,1.);
#2110 = DIRECTION('',(0.,0.,-1.));
#2111 = ORIENTED_EDGE('',*,*,#2112,.T.);
#2112 = EDGE_CURVE('',#2105,#2113,#2115,.T.);
#2113 = VERTEX_POINT('',#2114);
#2114 = CARTESIAN_POINT('',(0.,6.9,11.5));
#2115 = LINE('',#2116,#2117);
#2116 = CARTESIAN_POINT('',(0.,19.35,11.5));
#2117 = VECTOR('',#2118,1.);
#2118 = DIRECTION('',(0.,-1.,0.));
#2119 = ORIENTED_EDGE('',*,*,#2120,.T.);
#2120 = EDGE_CURVE('',#2113,#2121,#2123,.T.);
#2121 = VERTEX_POINT('',#2122);
#2122 = CARTESIAN_POINT('',(0.,6.9,13.5));
#2123 = LINE('',#2124,#2125);
#2124 = CARTESIAN_POINT('',(0.,6.9,6.75));
#2125 = VECTOR('',#2126,1.);
#2126 = DIRECTION('',(0.,0.,1.));
#2127 = ORIENTED_EDGE('',*,*,#2128,.T.);
#2128 = EDGE_CURVE('',#2121,#2103,#2129,.T.);
#2129 = LINE('',#2130,#2131);
#2130 = CARTESIAN_POINT('',(0.,29.35,13.5));
#2131 = VECTOR('',#2132,1.);
#2132 = DIRECTION('',(0.,1.,0.));
#2133 = FACE_BOUND('',#2134,.F.);
#2134 = EDGE_LOOP('',(#2135,#2145,#2153,#2161));
#2135 = ORIENTED_EDGE('',*,*,#2136,.T.);
#2136 = EDGE_CURVE('',#2137,#2139,#2141,.T.);
#2137 = VERTEX_POINT('',#2138);
#2138 = CARTESIAN_POINT('',(0.,26.9,9.5));
#2139 = VERTEX_POINT('',#2140);
#2140 = CARTESIAN_POINT('',(0.,26.9,7.5));
#2141 = LINE('',#2142,#2143);
#2142 = CARTESIAN_POINT('',(0.,26.9,3.75));
#2143 = VECTOR('',#2144,1.);
#2144 = DIRECTION('',(0.,0.,-1.));
#2145 = ORIENTED_EDGE('',*,*,#2146,.T.);
#2146 = EDGE_CURVE('',#2139,#2147,#2149,.T.);
#2147 = VERTEX_POINT('',#2148);
#2148 = CARTESIAN_POINT('',(0.,6.9,7.5));
#2149 = LINE('',#2150,#2151);
#2150 = CARTESIAN_POINT('',(0.,19.35,7.5));
#2151 = VECTOR('',#2152,1.);
#2152 = DIRECTION('',(0.,-1.,0.));
#2153 = ORIENTED_EDGE('',*,*,#2154,.T.);
#2154 = EDGE_CURVE('',#2147,#2155,#2157,.T.);
#2155 = VERTEX_POINT('',#2156);
#2156 = CARTESIAN_POINT('',(0.,6.9,9.5));
#2157 = LINE('',#2158,#2159);
#2158 = CARTESIAN_POINT('',(0.,6.9,4.75));
#2159 = VECTOR('',#2160,1.);
#2160 = DIRECTION('',(0.,0.,1.));
#2161 = ORIENTED_EDGE('',*,*,#2162,.T.);
#2162 = EDGE_CURVE('',#2155,#2137,#2163,.T.);
#2163 = LINE('',#2164,#2165);
#2164 = CARTESIAN_POINT('',(0.,29.35,9.5));
#2165 = VECTOR('',#2166,1.);
#2166 = DIRECTION('',(0.,1.,0.));
#2167 = FACE_BOUND('',#2168,.F.);
#2168 = EDGE_LOOP('',(#2169,#2179,#2187,#2195));
#2169 = ORIENTED_EDGE('',*,*,#2170,.T.);
#2170 = EDGE_CURVE('',#2171,#2173,#2175,.T.);
#2171 = VERTEX_POINT('',#2172);
#2172 = CARTESIAN_POINT('',(0.,26.9,5.5));
#2173 = VERTEX_POINT('',#2174);
#2174 = CARTESIAN_POINT('',(0.,26.9,3.5));
#2175 = LINE('',#2176,#2177);
#2176 = CARTESIAN_POINT('',(0.,26.9,1.75));
#2177 = VECTOR('',#2178,1.);
#2178 = DIRECTION('',(0.,0.,-1.));
#2179 = ORIENTED_EDGE('',*,*,#2180,.T.);
#2180 = EDGE_CURVE('',#2173,#2181,#2183,.T.);
#2181 = VERTEX_POINT('',#2182);
#2182 = CARTESIAN_POINT('',(0.,6.9,3.5));
#2183 = LINE('',#2184,#2185);
#2184 = CARTESIAN_POINT('',(0.,19.35,3.5));
#2185 = VECTOR('',#2186,1.);
#2186 = DIRECTION('',(0.,-1.,0.));
#2187 = ORIENTED_EDGE('',*,*,#2188,.T.);
#2188 = EDGE_CURVE('',#2181,#2189,#2191,.T.);
#2189 = VERTEX_POINT('',#2190);
#2190 = CARTESIAN_POINT('',(0.,6.9,5.5));
#2191 = LINE('',#2192,#2193);
#2192 = CARTESIAN_POINT('',(0.,6.9,2.75));
#2193 = VECTOR('',#2194,1.);
#2194 = DIRECTION('',(0.,0.,1.));
#2195 = ORIENTED_EDGE('',*,*,#2196,.T.);
#2196 = EDGE_CURVE('',#2189,#2171,#2197,.T.);
#2197 = LINE('',#2198,#2199);
#2198 = CARTESIAN_POINT('',(0.,29.35,5.5));
#2199 = VECTOR('',#2200,1.);
#2200 = DIRECTION('',(0.,1.,0.));
#2201 = PLANE('',#2202);
#2202 = AXIS2_PLACEMENT_3D('',#2203,#2204,#2205);
#2203 = CARTESIAN_POINT('',(0.,31.8,0.));
#2204 = DIRECTION('',(1.,0.,0.));
#2205 = DIRECTION('',(0.,-1.,0.));
#2206 = ADVANCED_FACE('',(#2207),#2218,.T.);
#2207 = FACE_BOUND('',#2208,.F.);
#2208 = EDGE_LOOP('',(#2209,#2210,#2211,#2217));
#2209 = ORIENTED_EDGE('',*,*,#2059,.T.);
#2210 = ORIENTED_EDGE('',*,*,#652,.T.);
#2211 = ORIENTED_EDGE('',*,*,#2212,.F.);
#2212 = EDGE_CURVE('',#1336,#653,#2213,.T.);
#2213 = LINE('',#2214,#2215);
#2214 = CARTESIAN_POINT('',(2.,0.,0.));
#2215 = VECTOR('',#2216,1.);
#2216 = DIRECTION('',(0.,0.,1.));
#2217 = ORIENTED_EDGE('',*,*,#1333,.F.);
#2218 = CYLINDRICAL_SURFACE('',#2219,2.);
#2219 = AXIS2_PLACEMENT_3D('',#2220,#2221,#2222);
#2220 = CARTESIAN_POINT('',(2.,2.,0.));
#2221 = DIRECTION('',(-0.,-0.,-1.));
#2222 = DIRECTION('',(1.,0.,0.));
#2223 = ADVANCED_FACE('',(#2224),#2230,.T.);
#2224 = FACE_BOUND('',#2225,.T.);
#2225 = EDGE_LOOP('',(#2226,#2227,#2228,#2229));
#2226 = ORIENTED_EDGE('',*,*,#1386,.T.);
#2227 = ORIENTED_EDGE('',*,*,#1641,.T.);
#2228 = ORIENTED_EDGE('',*,*,#661,.F.);
#2229 = ORIENTED_EDGE('',*,*,#2212,.F.);
#2230 = PLANE('',#2231);
#2231 = AXIS2_PLACEMENT_3D('',#2232,#2233,#2234);
#2232 = CARTESIAN_POINT('',(43.,0.,18.));
#2233 = DIRECTION('',(-0.,-1.,-0.));
#2234 = DIRECTION('',(0.,0.,-1.));
#2235 = ADVANCED_FACE('',(#2236),#2247,.F.);
#2236 = FACE_BOUND('',#2237,.F.);
#2237 = EDGE_LOOP('',(#2238,#2244,#2245,#2246));
#2238 = ORIENTED_EDGE('',*,*,#2239,.T.);
#2239 = EDGE_CURVE('',#689,#1104,#2240,.T.);
#2240 = LINE('',#2241,#2242);
#2241 = CARTESIAN_POINT('',(82.,6.,9.65));
#2242 = VECTOR('',#2243,1.);
#2243 = DIRECTION('',(-0.,-0.,-1.));
#2244 = ORIENTED_EDGE('',*,*,#1111,.F.);
#2245 = ORIENTED_EDGE('',*,*,#1136,.T.);
#2246 = ORIENTED_EDGE('',*,*,#688,.T.);
#2247 = PLANE('',#2248);
#2248 = AXIS2_PLACEMENT_3D('',#2249,#2250,#2251);
#2249 = CARTESIAN_POINT('',(83.6,6.,0.));
#2250 = DIRECTION('',(0.,-1.,0.));
#2251 = DIRECTION('',(-1.,0.,0.));
#2252 = ADVANCED_FACE('',(#2253),#2264,.F.);
#2253 = FACE_BOUND('',#2254,.F.);
#2254 = EDGE_LOOP('',(#2255,#2256,#2257,#2263));
#2255 = ORIENTED_EDGE('',*,*,#2239,.F.);
#2256 = ORIENTED_EDGE('',*,*,#696,.T.);
#2257 = ORIENTED_EDGE('',*,*,#2258,.F.);
#2258 = EDGE_CURVE('',#1096,#697,#2259,.T.);
#2259 = LINE('',#2260,#2261);
#2260 = CARTESIAN_POINT('',(82.,8.3,19.3));
#2261 = VECTOR('',#2262,1.);
#2262 = DIRECTION('',(0.,0.,1.));
#2263 = ORIENTED_EDGE('',*,*,#1103,.T.);
#2264 = PLANE('',#2265);
#2265 = AXIS2_PLACEMENT_3D('',#2266,#2267,#2268);
#2266 = CARTESIAN_POINT('',(82.,5.9,19.3));
#2267 = DIRECTION('',(-1.,0.,0.));
#2268 = DIRECTION('',(0.,1.,0.));
#2269 = ADVANCED_FACE('',(#2270),#2297,.F.);
#2270 = FACE_BOUND('',#2271,.F.);
#2271 = EDGE_LOOP('',(#2272,#2273,#2274,#2275,#2283,#2291));
#2272 = ORIENTED_EDGE('',*,*,#1095,.T.);
#2273 = ORIENTED_EDGE('',*,*,#2258,.T.);
#2274 = ORIENTED_EDGE('',*,*,#704,.T.);
#2275 = ORIENTED_EDGE('',*,*,#2276,.F.);
#2276 = EDGE_CURVE('',#2277,#705,#2279,.T.);
#2277 = VERTEX_POINT('',#2278);
#2278 = CARTESIAN_POINT('',(78.,8.3,19.3));
#2279 = LINE('',#2280,#2281);
#2280 = CARTESIAN_POINT('',(78.,8.3,19.3));
#2281 = VECTOR('',#2282,1.);
#2282 = DIRECTION('',(0.,0.,1.));
#2283 = ORIENTED_EDGE('',*,*,#2284,.F.);
#2284 = EDGE_CURVE('',#2285,#2277,#2287,.T.);
#2285 = VERTEX_POINT('',#2286);
#2286 = CARTESIAN_POINT('',(81.66,8.3,19.3));
#2287 = LINE('',#2288,#2289);
#2288 = CARTESIAN_POINT('',(82.,8.3,19.3));
#2289 = VECTOR('',#2290,1.);
#2290 = DIRECTION('',(-1.,0.,0.));
#2291 = ORIENTED_EDGE('',*,*,#2292,.F.);
#2292 = EDGE_CURVE('',#1088,#2285,#2293,.T.);
#2293 = LINE('',#2294,#2295);
#2294 = CARTESIAN_POINT('',(81.66,8.3,9.65));
#2295 = VECTOR('',#2296,1.);
#2296 = DIRECTION('',(0.,0.,-1.));
#2297 = PLANE('',#2298);
#2298 = AXIS2_PLACEMENT_3D('',#2299,#2300,#2301);
#2299 = CARTESIAN_POINT('',(82.,8.3,19.3));
#2300 = DIRECTION('',(0.,-1.,0.));
#2301 = DIRECTION('',(-1.,0.,0.));
#2302 = ADVANCED_FACE('',(#2303),#2321,.F.);
#2303 = FACE_BOUND('',#2304,.F.);
#2304 = EDGE_LOOP('',(#2305,#2313,#2314,#2315));
#2305 = ORIENTED_EDGE('',*,*,#2306,.F.);
#2306 = EDGE_CURVE('',#2277,#2307,#2309,.T.);
#2307 = VERTEX_POINT('',#2308);
#2308 = CARTESIAN_POINT('',(78.,6.,19.3));
#2309 = LINE('',#2310,#2311);
#2310 = CARTESIAN_POINT('',(78.,8.3,19.3));
#2311 = VECTOR('',#2312,1.);
#2312 = DIRECTION('',(0.,-1.,0.));
#2313 = ORIENTED_EDGE('',*,*,#2276,.T.);
#2314 = ORIENTED_EDGE('',*,*,#712,.T.);
#2315 = ORIENTED_EDGE('',*,*,#2316,.F.);
#2316 = EDGE_CURVE('',#2307,#713,#2317,.T.);
#2317 = LINE('',#2318,#2319);
#2318 = CARTESIAN_POINT('',(78.,6.,9.65));
#2319 = VECTOR('',#2320,1.);
#2320 = DIRECTION('',(0.,0.,1.));
#2321 = PLANE('',#2322);
#2322 = AXIS2_PLACEMENT_3D('',#2323,#2324,#2325);
#2323 = CARTESIAN_POINT('',(78.,8.3,19.3));
#2324 = DIRECTION('',(1.,0.,0.));
#2325 = DIRECTION('',(0.,-1.,0.));
#2326 = ADVANCED_FACE('',(#2327),#2352,.F.);
#2327 = FACE_BOUND('',#2328,.F.);
#2328 = EDGE_LOOP('',(#2329,#2330,#2338,#2344,#2345,#2346));
#2329 = ORIENTED_EDGE('',*,*,#1512,.F.);
#2330 = ORIENTED_EDGE('',*,*,#2331,.T.);
#2331 = EDGE_CURVE('',#1513,#2332,#2334,.T.);
#2332 = VERTEX_POINT('',#2333);
#2333 = CARTESIAN_POINT('',(81.66,6.,19.3));
#2334 = LINE('',#2335,#2336);
#2335 = CARTESIAN_POINT('',(81.66,6.,0.));
#2336 = VECTOR('',#2337,1.);
#2337 = DIRECTION('',(0.,0.,1.));
#2338 = ORIENTED_EDGE('',*,*,#2339,.T.);
#2339 = EDGE_CURVE('',#2332,#2307,#2340,.T.);
#2340 = LINE('',#2341,#2342);
#2341 = CARTESIAN_POINT('',(58.347795823666,6.,19.3));
#2342 = VECTOR('',#2343,1.);
#2343 = DIRECTION('',(-1.,0.,0.));
#2344 = ORIENTED_EDGE('',*,*,#2316,.T.);
#2345 = ORIENTED_EDGE('',*,*,#720,.T.);
#2346 = ORIENTED_EDGE('',*,*,#2347,.F.);
#2347 = EDGE_CURVE('',#1505,#721,#2348,.T.);
#2348 = LINE('',#2349,#2350);
#2349 = CARTESIAN_POINT('',(74.6,6.,0.));
#2350 = VECTOR('',#2351,1.);
#2351 = DIRECTION('',(0.,0.,1.));
#2352 = PLANE('',#2353);
#2353 = AXIS2_PLACEMENT_3D('',#2354,#2355,#2356);
#2354 = CARTESIAN_POINT('',(83.6,6.,0.));
#2355 = DIRECTION('',(0.,-1.,0.));
#2356 = DIRECTION('',(-1.,0.,0.));
#2357 = ADVANCED_FACE('',(#2358),#2401,.T.);
#2358 = FACE_BOUND('',#2359,.T.);
#2359 = EDGE_LOOP('',(#2360,#2361,#2362,#2370,#2378,#2386,#2394,#2400));
#2360 = ORIENTED_EDGE('',*,*,#2347,.F.);
#2361 = ORIENTED_EDGE('',*,*,#1504,.T.);
#2362 = ORIENTED_EDGE('',*,*,#2363,.T.);
#2363 = EDGE_CURVE('',#1497,#2364,#2366,.T.);
#2364 = VERTEX_POINT('',#2365);
#2365 = CARTESIAN_POINT('',(74.6,5.9,19.5));
#2366 = LINE('',#2367,#2368);
#2367 = CARTESIAN_POINT('',(74.6,5.9,18.));
#2368 = VECTOR('',#2369,1.);
#2369 = DIRECTION('',(0.,0.,1.));
#2370 = ORIENTED_EDGE('',*,*,#2371,.F.);
#2371 = EDGE_CURVE('',#2372,#2364,#2374,.T.);
#2372 = VERTEX_POINT('',#2373);
#2373 = CARTESIAN_POINT('',(74.6,2.9,19.5));
#2374 = LINE('',#2375,#2376);
#2375 = CARTESIAN_POINT('',(74.6,2.9,19.5));
#2376 = VECTOR('',#2377,1.);
#2377 = DIRECTION('',(0.,1.,-2.22044604925E-16));
#2378 = ORIENTED_EDGE('',*,*,#2379,.T.);
#2379 = EDGE_CURVE('',#2372,#2380,#2382,.T.);
#2380 = VERTEX_POINT('',#2381);
#2381 = CARTESIAN_POINT('',(74.6,2.9,30.));
#2382 = LINE('',#2383,#2384);
#2383 = CARTESIAN_POINT('',(74.6,2.9,19.5));
#2384 = VECTOR('',#2385,1.);
#2385 = DIRECTION('',(0.,2.22044604925E-16,1.));
#2386 = ORIENTED_EDGE('',*,*,#2387,.T.);
#2387 = EDGE_CURVE('',#2380,#2388,#2390,.T.);
#2388 = VERTEX_POINT('',#2389);
#2389 = CARTESIAN_POINT('',(74.6,5.9,30.));
#2390 = LINE('',#2391,#2392);
#2391 = CARTESIAN_POINT('',(74.6,2.9,30.));
#2392 = VECTOR('',#2393,1.);
#2393 = DIRECTION('',(0.,1.,-2.22044604925E-16));
#2394 = ORIENTED_EDGE('',*,*,#2395,.T.);
#2395 = EDGE_CURVE('',#2388,#729,#2396,.T.);
#2396 = LINE('',#2397,#2398);
#2397 = CARTESIAN_POINT('',(74.6,5.9,18.));
#2398 = VECTOR('',#2399,1.);
#2399 = DIRECTION('',(0.,0.,1.));
#2400 = ORIENTED_EDGE('',*,*,#728,.F.);
#2401 = PLANE('',#2402);
#2402 = AXIS2_PLACEMENT_3D('',#2403,#2404,#2405);
#2403 = CARTESIAN_POINT('',(74.6,5.428260869565,18.517902813299));
#2404 = DIRECTION('',(-1.,-0.,-0.));
#2405 = DIRECTION('',(0.,0.,-1.));
#2406 = ADVANCED_FACE('',(#2407),#2441,.F.);
#2407 = FACE_BOUND('',#2408,.F.);
#2408 = EDGE_LOOP('',(#2409,#2410,#2418,#2426,#2434,#2440));
#2409 = ORIENTED_EDGE('',*,*,#736,.F.);
#2410 = ORIENTED_EDGE('',*,*,#2411,.T.);
#2411 = EDGE_CURVE('',#737,#2412,#2414,.T.);
#2412 = VERTEX_POINT('',#2413);
#2413 = CARTESIAN_POINT('',(11.4,5.9,22.5));
#2414 = LINE('',#2415,#2416);
#2415 = CARTESIAN_POINT('',(11.4,5.9,18.));
#2416 = VECTOR('',#2417,1.);
#2417 = DIRECTION('',(-0.,-0.,-1.));
#2418 = ORIENTED_EDGE('',*,*,#2419,.F.);
#2419 = EDGE_CURVE('',#2420,#2412,#2422,.T.);
#2420 = VERTEX_POINT('',#2421);
#2421 = CARTESIAN_POINT('',(71.6,5.9,22.5));
#2422 = LINE('',#2423,#2424);
#2423 = CARTESIAN_POINT('',(74.6,5.9,22.5));
#2424 = VECTOR('',#2425,1.);
#2425 = DIRECTION('',(-1.,0.,0.));
#2426 = ORIENTED_EDGE('',*,*,#2427,.F.);
#2427 = EDGE_CURVE('',#2428,#2420,#2430,.T.);
#2428 = VERTEX_POINT('',#2429);
#2429 = CARTESIAN_POINT('',(71.6,5.9,30.));
#2430 = LINE('',#2431,#2432);
#2431 = CARTESIAN_POINT('',(71.6,5.9,30.));
#2432 = VECTOR('',#2433,1.);
#2433 = DIRECTION('',(0.,-2.22044604925E-16,-1.));
#2434 = ORIENTED_EDGE('',*,*,#2435,.F.);
#2435 = EDGE_CURVE('',#2388,#2428,#2436,.T.);
#2436 = LINE('',#2437,#2438);
#2437 = CARTESIAN_POINT('',(74.6,5.9,30.));
#2438 = VECTOR('',#2439,1.);
#2439 = DIRECTION('',(-1.,0.,0.));
#2440 = ORIENTED_EDGE('',*,*,#2395,.T.);
#2441 = PLANE('',#2442);
#2442 = AXIS2_PLACEMENT_3D('',#2443,#2444,#2445);
#2443 = CARTESIAN_POINT('',(4.4,5.9,36.));
#2444 = DIRECTION('',(0.,-1.,0.));
#2445 = DIRECTION('',(1.,0.,0.));
#2446 = ADVANCED_FACE('',(#2447),#2486,.F.);
#2447 = FACE_BOUND('',#2448,.F.);
#2448 = EDGE_LOOP('',(#2449,#2450,#2456,#2457,#2465,#2473,#2479,#2480));
#2449 = ORIENTED_EDGE('',*,*,#1480,.F.);
#2450 = ORIENTED_EDGE('',*,*,#2451,.T.);
#2451 = EDGE_CURVE('',#1481,#745,#2452,.T.);
#2452 = LINE('',#2453,#2454);
#2453 = CARTESIAN_POINT('',(11.4,6.,0.));
#2454 = VECTOR('',#2455,1.);
#2455 = DIRECTION('',(0.,0.,1.));
#2456 = ORIENTED_EDGE('',*,*,#752,.T.);
#2457 = ORIENTED_EDGE('',*,*,#2458,.T.);
#2458 = EDGE_CURVE('',#753,#2459,#2461,.T.);
#2459 = VERTEX_POINT('',#2460);
#2460 = CARTESIAN_POINT('',(10.8,6.,19.3));
#2461 = LINE('',#2462,#2463);
#2462 = CARTESIAN_POINT('',(10.8,6.,9.65));
#2463 = VECTOR('',#2464,1.);
#2464 = DIRECTION('',(-0.,-0.,-1.));
#2465 = ORIENTED_EDGE('',*,*,#2466,.T.);
#2466 = EDGE_CURVE('',#2459,#2467,#2469,.T.);
#2467 = VERTEX_POINT('',#2468);
#2468 = CARTESIAN_POINT('',(4.,6.,19.3));
#2469 = LINE('',#2470,#2471);
#2470 = CARTESIAN_POINT('',(22.247795823666,6.,19.3));
#2471 = VECTOR('',#2472,1.);
#2472 = DIRECTION('',(-1.,0.,0.));
#2473 = ORIENTED_EDGE('',*,*,#2474,.T.);
#2474 = EDGE_CURVE('',#2467,#777,#2475,.T.);
#2475 = LINE('',#2476,#2477);
#2476 = CARTESIAN_POINT('',(4.,6.,9.65));
#2477 = VECTOR('',#2478,1.);
#2478 = DIRECTION('',(0.,0.,1.));
#2479 = ORIENTED_EDGE('',*,*,#784,.T.);
#2480 = ORIENTED_EDGE('',*,*,#2481,.F.);
#2481 = EDGE_CURVE('',#1472,#785,#2482,.T.);
#2482 = LINE('',#2483,#2484);
#2483 = CARTESIAN_POINT('',(3.77550020016,6.,36.));
#2484 = VECTOR('',#2485,1.);
#2485 = DIRECTION('',(0.,0.,1.));
#2486 = PLANE('',#2487);
#2487 = AXIS2_PLACEMENT_3D('',#2488,#2489,#2490);
#2488 = CARTESIAN_POINT('',(11.4,6.,0.));
#2489 = DIRECTION('',(0.,-1.,0.));
#2490 = DIRECTION('',(-1.,0.,0.));
#2491 = ADVANCED_FACE('',(#2492),#2510,.F.);
#2492 = FACE_BOUND('',#2493,.F.);
#2493 = EDGE_LOOP('',(#2494,#2502,#2503,#2504));
#2494 = ORIENTED_EDGE('',*,*,#2495,.F.);
#2495 = EDGE_CURVE('',#2459,#2496,#2498,.T.);
#2496 = VERTEX_POINT('',#2497);
#2497 = CARTESIAN_POINT('',(10.8,7.4,19.3));
#2498 = LINE('',#2499,#2500);
#2499 = CARTESIAN_POINT('',(10.8,5.9,19.3));
#2500 = VECTOR('',#2501,1.);
#2501 = DIRECTION('',(0.,1.,0.));
#2502 = ORIENTED_EDGE('',*,*,#2458,.F.);
#2503 = ORIENTED_EDGE('',*,*,#760,.T.);
#2504 = ORIENTED_EDGE('',*,*,#2505,.F.);
#2505 = EDGE_CURVE('',#2496,#761,#2506,.T.);
#2506 = LINE('',#2507,#2508);
#2507 = CARTESIAN_POINT('',(10.8,7.4,19.3));
#2508 = VECTOR('',#2509,1.);
#2509 = DIRECTION('',(0.,0.,1.));
#2510 = PLANE('',#2511);
#2511 = AXIS2_PLACEMENT_3D('',#2512,#2513,#2514);
#2512 = CARTESIAN_POINT('',(10.8,5.9,19.3));
#2513 = DIRECTION('',(-1.,0.,0.));
#2514 = DIRECTION('',(0.,1.,0.));
#2515 = ADVANCED_FACE('',(#2516),#2534,.F.);
#2516 = FACE_BOUND('',#2517,.F.);
#2517 = EDGE_LOOP('',(#2518,#2519,#2520,#2528));
#2518 = ORIENTED_EDGE('',*,*,#2505,.T.);
#2519 = ORIENTED_EDGE('',*,*,#768,.T.);
#2520 = ORIENTED_EDGE('',*,*,#2521,.F.);
#2521 = EDGE_CURVE('',#2522,#769,#2524,.T.);
#2522 = VERTEX_POINT('',#2523);
#2523 = CARTESIAN_POINT('',(4.,7.4,19.3));
#2524 = LINE('',#2525,#2526);
#2525 = CARTESIAN_POINT('',(4.,7.4,19.3));
#2526 = VECTOR('',#2527,1.);
#2527 = DIRECTION('',(0.,0.,1.));
#2528 = ORIENTED_EDGE('',*,*,#2529,.F.);
#2529 = EDGE_CURVE('',#2496,#2522,#2530,.T.);
#2530 = LINE('',#2531,#2532);
#2531 = CARTESIAN_POINT('',(10.8,7.4,19.3));
#2532 = VECTOR('',#2533,1.);
#2533 = DIRECTION('',(-1.,0.,0.));
#2534 = PLANE('',#2535);
#2535 = AXIS2_PLACEMENT_3D('',#2536,#2537,#2538);
#2536 = CARTESIAN_POINT('',(10.8,7.4,19.3));
#2537 = DIRECTION('',(0.,-1.,0.));
#2538 = DIRECTION('',(-1.,0.,0.));
#2539 = ADVANCED_FACE('',(#2540),#2551,.F.);
#2540 = FACE_BOUND('',#2541,.F.);
#2541 = EDGE_LOOP('',(#2542,#2548,#2549,#2550));
#2542 = ORIENTED_EDGE('',*,*,#2543,.F.);
#2543 = EDGE_CURVE('',#2522,#2467,#2544,.T.);
#2544 = LINE('',#2545,#2546);
#2545 = CARTESIAN_POINT('',(4.,7.4,19.3));
#2546 = VECTOR('',#2547,1.);
#2547 = DIRECTION('',(0.,-1.,0.));
#2548 = ORIENTED_EDGE('',*,*,#2521,.T.);
#2549 = ORIENTED_EDGE('',*,*,#776,.T.);
#2550 = ORIENTED_EDGE('',*,*,#2474,.F.);
#2551 = PLANE('',#2552);
#2552 = AXIS2_PLACEMENT_3D('',#2553,#2554,#2555);
#2553 = CARTESIAN_POINT('',(4.,7.4,19.3));
#2554 = DIRECTION('',(1.,0.,0.));
#2555 = DIRECTION('',(0.,-1.,0.));
#2556 = ADVANCED_FACE('',(#2557),#2602,.F.);
#2557 = FACE_BOUND('',#2558,.F.);
#2558 = EDGE_LOOP('',(#2559,#2560,#2568,#2577,#2585,#2594,#2600,#2601));
#2559 = ORIENTED_EDGE('',*,*,#792,.F.);
#2560 = ORIENTED_EDGE('',*,*,#2561,.T.);
#2561 = EDGE_CURVE('',#793,#2562,#2564,.T.);
#2562 = VERTEX_POINT('',#2563);
#2563 = CARTESIAN_POINT('',(2.4,7.9,34.2));
#2564 = LINE('',#2565,#2566);
#2565 = CARTESIAN_POINT('',(2.4,7.9,36.));
#2566 = VECTOR('',#2567,1.);
#2567 = DIRECTION('',(-0.,-0.,-1.));
#2568 = ORIENTED_EDGE('',*,*,#2569,.T.);
#2569 = EDGE_CURVE('',#2562,#2570,#2572,.T.);
#2570 = VERTEX_POINT('',#2571);
#2571 = CARTESIAN_POINT('',(2.53409539365,7.18,34.2));
#2572 = CIRCLE('',#2573,2.);
#2573 = AXIS2_PLACEMENT_3D('',#2574,#2575,#2576);
#2574 = CARTESIAN_POINT('',(4.4,7.9,34.2));
#2575 = DIRECTION('',(0.,0.,1.));
#2576 = DIRECTION('',(1.,0.,0.));
#2577 = ORIENTED_EDGE('',*,*,#2578,.F.);
#2578 = EDGE_CURVE('',#2579,#2570,#2581,.T.);
#2579 = VERTEX_POINT('',#2580);
#2580 = CARTESIAN_POINT('',(2.53409539365,7.18,19.2));
#2581 = LINE('',#2582,#2583);
#2582 = CARTESIAN_POINT('',(2.53409539365,7.18,36.));
#2583 = VECTOR('',#2584,1.);
#2584 = DIRECTION('',(0.,0.,1.));
#2585 = ORIENTED_EDGE('',*,*,#2586,.T.);
#2586 = EDGE_CURVE('',#2579,#2587,#2589,.T.);
#2587 = VERTEX_POINT('',#2588);
#2588 = CARTESIAN_POINT('',(3.35,6.197795546945,19.2));
#2589 = CIRCLE('',#2590,2.);
#2590 = AXIS2_PLACEMENT_3D('',#2591,#2592,#2593);
#2591 = CARTESIAN_POINT('',(4.4,7.9,19.2));
#2592 = DIRECTION('',(0.,0.,1.));
#2593 = DIRECTION('',(1.,0.,0.));
#2594 = ORIENTED_EDGE('',*,*,#2595,.F.);
#2595 = EDGE_CURVE('',#1464,#2587,#2596,.T.);
#2596 = LINE('',#2597,#2598);
#2597 = CARTESIAN_POINT('',(3.35,6.197795546945,36.));
#2598 = VECTOR('',#2599,1.);
#2599 = DIRECTION('',(0.,0.,1.));
#2600 = ORIENTED_EDGE('',*,*,#1471,.T.);
#2601 = ORIENTED_EDGE('',*,*,#2481,.T.);
#2602 = CYLINDRICAL_SURFACE('',#2603,2.);
#2603 = AXIS2_PLACEMENT_3D('',#2604,#2605,#2606);
#2604 = CARTESIAN_POINT('',(4.4,7.9,36.));
#2605 = DIRECTION('',(0.,0.,1.));
#2606 = DIRECTION('',(1.,0.,0.));
#2607 = ADVANCED_FACE('',(#2608),#2626,.F.);
#2608 = FACE_BOUND('',#2609,.F.);
#2609 = EDGE_LOOP('',(#2610,#2611,#2619,#2625));
#2610 = ORIENTED_EDGE('',*,*,#801,.F.);
#2611 = ORIENTED_EDGE('',*,*,#2612,.T.);
#2612 = EDGE_CURVE('',#802,#2613,#2615,.T.);
#2613 = VERTEX_POINT('',#2614);
#2614 = CARTESIAN_POINT('',(2.4,25.9,34.2));
#2615 = LINE('',#2616,#2617);
#2616 = CARTESIAN_POINT('',(2.4,25.9,36.));
#2617 = VECTOR('',#2618,1.);
#2618 = DIRECTION('',(-0.,-0.,-1.));
#2619 = ORIENTED_EDGE('',*,*,#2620,.T.);
#2620 = EDGE_CURVE('',#2613,#2562,#2621,.T.);
#2621 = LINE('',#2622,#2623);
#2622 = CARTESIAN_POINT('',(2.4,26.195,34.2));
#2623 = VECTOR('',#2624,1.);
#2624 = DIRECTION('',(-0.,-1.,-0.));
#2625 = ORIENTED_EDGE('',*,*,#2561,.F.);
#2626 = PLANE('',#2627);
#2627 = AXIS2_PLACEMENT_3D('',#2628,#2629,#2630);
#2628 = CARTESIAN_POINT('',(2.4,25.9,36.));
#2629 = DIRECTION('',(-1.,0.,0.));
#2630 = DIRECTION('',(0.,-1.,0.));
#2631 = ADVANCED_FACE('',(#2632),#2709,.F.);
#2632 = FACE_BOUND('',#2633,.F.);
#2633 = EDGE_LOOP('',(#2634,#2635,#2641,#2642,#2650,#2659,#2667,#2676,
    #2684,#2693,#2701,#2708));
#2634 = ORIENTED_EDGE('',*,*,#809,.F.);
#2635 = ORIENTED_EDGE('',*,*,#2636,.F.);
#2636 = EDGE_CURVE('',#1395,#810,#2637,.T.);
#2637 = LINE('',#2638,#2639);
#2638 = CARTESIAN_POINT('',(3.77550020016,27.8,36.));
#2639 = VECTOR('',#2640,1.);
#2640 = DIRECTION('',(0.,0.,1.));
#2641 = ORIENTED_EDGE('',*,*,#1404,.T.);
#2642 = ORIENTED_EDGE('',*,*,#2643,.T.);
#2643 = EDGE_CURVE('',#1405,#2644,#2646,.T.);
#2644 = VERTEX_POINT('',#2645);
#2645 = CARTESIAN_POINT('',(3.35,27.602204453055,19.2));
#2646 = LINE('',#2647,#2648);
#2647 = CARTESIAN_POINT('',(3.35,27.602204453055,36.));
#2648 = VECTOR('',#2649,1.);
#2649 = DIRECTION('',(0.,0.,1.));
#2650 = ORIENTED_EDGE('',*,*,#2651,.T.);
#2651 = EDGE_CURVE('',#2644,#2652,#2654,.T.);
#2652 = VERTEX_POINT('',#2653);
#2653 = CARTESIAN_POINT('',(2.492121597166,26.5,19.2));
#2654 = CIRCLE('',#2655,2.);
#2655 = AXIS2_PLACEMENT_3D('',#2656,#2657,#2658);
#2656 = CARTESIAN_POINT('',(4.4,25.9,19.2));
#2657 = DIRECTION('',(0.,0.,1.));
#2658 = DIRECTION('',(1.,0.,0.));
#2659 = ORIENTED_EDGE('',*,*,#2660,.F.);
#2660 = EDGE_CURVE('',#2661,#2652,#2663,.T.);
#2661 = VERTEX_POINT('',#2662);
#2662 = CARTESIAN_POINT('',(2.492121597166,26.5,13.5));
#2663 = LINE('',#2664,#2665);
#2664 = CARTESIAN_POINT('',(2.492121597166,26.5,36.));
#2665 = VECTOR('',#2666,1.);
#2666 = DIRECTION('',(0.,0.,1.));
#2667 = ORIENTED_EDGE('',*,*,#2668,.T.);
#2668 = EDGE_CURVE('',#2661,#2669,#2671,.T.);
#2669 = VERTEX_POINT('',#2670);
#2670 = CARTESIAN_POINT('',(2.4,25.9,13.5));
#2671 = CIRCLE('',#2672,2.);
#2672 = AXIS2_PLACEMENT_3D('',#2673,#2674,#2675);
#2673 = CARTESIAN_POINT('',(4.4,25.9,13.5));
#2674 = DIRECTION('',(0.,0.,1.));
#2675 = DIRECTION('',(1.,0.,0.));
#2676 = ORIENTED_EDGE('',*,*,#2677,.F.);
#2677 = EDGE_CURVE('',#2678,#2669,#2680,.T.);
#2678 = VERTEX_POINT('',#2679);
#2679 = CARTESIAN_POINT('',(2.4,25.9,15.15));
#2680 = LINE('',#2681,#2682);
#2681 = CARTESIAN_POINT('',(2.4,25.9,36.));
#2682 = VECTOR('',#2683,1.);
#2683 = DIRECTION('',(-0.,-0.,-1.));
#2684 = ORIENTED_EDGE('',*,*,#2685,.F.);
#2685 = EDGE_CURVE('',#2686,#2678,#2688,.T.);
#2686 = VERTEX_POINT('',#2687);
#2687 = CARTESIAN_POINT('',(2.489005494513,26.49,15.15));
#2688 = CIRCLE('',#2689,2.);
#2689 = AXIS2_PLACEMENT_3D('',#2690,#2691,#2692);
#2690 = CARTESIAN_POINT('',(4.4,25.9,15.15));
#2691 = DIRECTION('',(0.,0.,1.));
#2692 = DIRECTION('',(1.,0.,0.));
#2693 = ORIENTED_EDGE('',*,*,#2694,.T.);
#2694 = EDGE_CURVE('',#2686,#2695,#2697,.T.);
#2695 = VERTEX_POINT('',#2696);
#2696 = CARTESIAN_POINT('',(2.489005494513,26.49,34.2));
#2697 = LINE('',#2698,#2699);
#2698 = CARTESIAN_POINT('',(2.489005494513,26.49,36.));
#2699 = VECTOR('',#2700,1.);
#2700 = DIRECTION('',(0.,0.,1.));
#2701 = ORIENTED_EDGE('',*,*,#2702,.T.);
#2702 = EDGE_CURVE('',#2695,#2613,#2703,.T.);
#2703 = CIRCLE('',#2704,2.);
#2704 = AXIS2_PLACEMENT_3D('',#2705,#2706,#2707);
#2705 = CARTESIAN_POINT('',(4.4,25.9,34.2));
#2706 = DIRECTION('',(0.,0.,1.));
#2707 = DIRECTION('',(1.,0.,0.));
#2708 = ORIENTED_EDGE('',*,*,#2612,.F.);
#2709 = CYLINDRICAL_SURFACE('',#2710,2.);
#2710 = AXIS2_PLACEMENT_3D('',#2711,#2712,#2713);
#2711 = CARTESIAN_POINT('',(4.4,25.9,36.));
#2712 = DIRECTION('',(0.,0.,1.));
#2713 = DIRECTION('',(1.,0.,0.));
#2714 = ADVANCED_FACE('',(#2715),#2742,.F.);
#2715 = FACE_BOUND('',#2716,.F.);
#2716 = EDGE_LOOP('',(#2717,#2718,#2719,#2720,#2728,#2736));
#2717 = ORIENTED_EDGE('',*,*,#1394,.F.);
#2718 = ORIENTED_EDGE('',*,*,#2636,.T.);
#2719 = ORIENTED_EDGE('',*,*,#818,.T.);
#2720 = ORIENTED_EDGE('',*,*,#2721,.T.);
#2721 = EDGE_CURVE('',#819,#2722,#2724,.T.);
#2722 = VERTEX_POINT('',#2723);
#2723 = CARTESIAN_POINT('',(4.,27.8,19.3));
#2724 = LINE('',#2725,#2726);
#2725 = CARTESIAN_POINT('',(4.,27.8,9.65));
#2726 = VECTOR('',#2727,1.);
#2727 = DIRECTION('',(0.,0.,-1.));
#2728 = ORIENTED_EDGE('',*,*,#2729,.T.);
#2729 = EDGE_CURVE('',#2722,#2730,#2732,.T.);
#2730 = VERTEX_POINT('',#2731);
#2731 = CARTESIAN_POINT('',(11.4,27.8,19.3));
#2732 = LINE('',#2733,#2734);
#2733 = CARTESIAN_POINT('',(17.747795823666,27.8,19.3));
#2734 = VECTOR('',#2735,1.);
#2735 = DIRECTION('',(1.,0.,0.));
#2736 = ORIENTED_EDGE('',*,*,#2737,.F.);
#2737 = EDGE_CURVE('',#1397,#2730,#2738,.T.);
#2738 = LINE('',#2739,#2740);
#2739 = CARTESIAN_POINT('',(11.4,27.8,0.));
#2740 = VECTOR('',#2741,1.);
#2741 = DIRECTION('',(0.,0.,1.));
#2742 = PLANE('',#2743);
#2743 = AXIS2_PLACEMENT_3D('',#2744,#2745,#2746);
#2744 = CARTESIAN_POINT('',(2.4,27.8,0.));
#2745 = DIRECTION('',(0.,1.,0.));
#2746 = DIRECTION('',(1.,0.,0.));
#2747 = ADVANCED_FACE('',(#2748),#2766,.F.);
#2748 = FACE_BOUND('',#2749,.F.);
#2749 = EDGE_LOOP('',(#2750,#2758,#2759,#2760));
#2750 = ORIENTED_EDGE('',*,*,#2751,.F.);
#2751 = EDGE_CURVE('',#2722,#2752,#2754,.T.);
#2752 = VERTEX_POINT('',#2753);
#2753 = CARTESIAN_POINT('',(4.,26.4,19.3));
#2754 = LINE('',#2755,#2756);
#2755 = CARTESIAN_POINT('',(4.,27.9,19.3));
#2756 = VECTOR('',#2757,1.);
#2757 = DIRECTION('',(0.,-1.,0.));
#2758 = ORIENTED_EDGE('',*,*,#2721,.F.);
#2759 = ORIENTED_EDGE('',*,*,#826,.T.);
#2760 = ORIENTED_EDGE('',*,*,#2761,.F.);
#2761 = EDGE_CURVE('',#2752,#827,#2762,.T.);
#2762 = LINE('',#2763,#2764);
#2763 = CARTESIAN_POINT('',(4.,26.4,19.3));
#2764 = VECTOR('',#2765,1.);
#2765 = DIRECTION('',(0.,0.,1.));
#2766 = PLANE('',#2767);
#2767 = AXIS2_PLACEMENT_3D('',#2768,#2769,#2770);
#2768 = CARTESIAN_POINT('',(4.,27.9,19.3));
#2769 = DIRECTION('',(1.,0.,0.));
#2770 = DIRECTION('',(0.,-1.,0.));
#2771 = ADVANCED_FACE('',(#2772),#2790,.F.);
#2772 = FACE_BOUND('',#2773,.F.);
#2773 = EDGE_LOOP('',(#2774,#2775,#2776,#2784));
#2774 = ORIENTED_EDGE('',*,*,#2761,.T.);
#2775 = ORIENTED_EDGE('',*,*,#834,.T.);
#2776 = ORIENTED_EDGE('',*,*,#2777,.F.);
#2777 = EDGE_CURVE('',#2778,#835,#2780,.T.);
#2778 = VERTEX_POINT('',#2779);
#2779 = CARTESIAN_POINT('',(24.,26.4,19.3));
#2780 = LINE('',#2781,#2782);
#2781 = CARTESIAN_POINT('',(24.,26.4,19.3));
#2782 = VECTOR('',#2783,1.);
#2783 = DIRECTION('',(0.,0.,1.));
#2784 = ORIENTED_EDGE('',*,*,#2785,.F.);
#2785 = EDGE_CURVE('',#2752,#2778,#2786,.T.);
#2786 = LINE('',#2787,#2788);
#2787 = CARTESIAN_POINT('',(4.,26.4,19.3));
#2788 = VECTOR('',#2789,1.);
#2789 = DIRECTION('',(1.,0.,0.));
#2790 = PLANE('',#2791);
#2791 = AXIS2_PLACEMENT_3D('',#2792,#2793,#2794);
#2792 = CARTESIAN_POINT('',(4.,26.4,19.3));
#2793 = DIRECTION('',(0.,1.,0.));
#2794 = DIRECTION('',(1.,0.,0.));
#2795 = ADVANCED_FACE('',(#2796),#2814,.F.);
#2796 = FACE_BOUND('',#2797,.F.);
#2797 = EDGE_LOOP('',(#2798,#2799,#2800,#2808));
#2798 = ORIENTED_EDGE('',*,*,#2777,.T.);
#2799 = ORIENTED_EDGE('',*,*,#842,.T.);
#2800 = ORIENTED_EDGE('',*,*,#2801,.F.);
#2801 = EDGE_CURVE('',#2802,#843,#2804,.T.);
#2802 = VERTEX_POINT('',#2803);
#2803 = CARTESIAN_POINT('',(24.,27.9,19.3));
#2804 = LINE('',#2805,#2806);
#2805 = CARTESIAN_POINT('',(24.,27.9,19.3));
#2806 = VECTOR('',#2807,1.);
#2807 = DIRECTION('',(0.,0.,1.));
#2808 = ORIENTED_EDGE('',*,*,#2809,.F.);
#2809 = EDGE_CURVE('',#2778,#2802,#2810,.T.);
#2810 = LINE('',#2811,#2812);
#2811 = CARTESIAN_POINT('',(24.,26.4,19.3));
#2812 = VECTOR('',#2813,1.);
#2813 = DIRECTION('',(0.,1.,0.));
#2814 = PLANE('',#2815);
#2815 = AXIS2_PLACEMENT_3D('',#2816,#2817,#2818);
#2816 = CARTESIAN_POINT('',(24.,26.4,19.3));
#2817 = DIRECTION('',(-1.,0.,0.));
#2818 = DIRECTION('',(0.,1.,0.));
#2819 = ADVANCED_FACE('',(#2820),#2845,.F.);
#2820 = FACE_BOUND('',#2821,.F.);
#2821 = EDGE_LOOP('',(#2822,#2823,#2829,#2830,#2838,#2844));
#2822 = ORIENTED_EDGE('',*,*,#850,.F.);
#2823 = ORIENTED_EDGE('',*,*,#2824,.T.);
#2824 = EDGE_CURVE('',#851,#1551,#2825,.T.);
#2825 = LINE('',#2826,#2827);
#2826 = CARTESIAN_POINT('',(74.6,27.9,18.));
#2827 = VECTOR('',#2828,1.);
#2828 = DIRECTION('',(0.,0.,-1.));
#2829 = ORIENTED_EDGE('',*,*,#1558,.T.);
#2830 = ORIENTED_EDGE('',*,*,#2831,.T.);
#2831 = EDGE_CURVE('',#1559,#2832,#2834,.T.);
#2832 = VERTEX_POINT('',#2833);
#2833 = CARTESIAN_POINT('',(11.4,27.9,19.3));
#2834 = LINE('',#2835,#2836);
#2835 = CARTESIAN_POINT('',(11.4,27.9,18.));
#2836 = VECTOR('',#2837,1.);
#2837 = DIRECTION('',(0.,0.,1.));
#2838 = ORIENTED_EDGE('',*,*,#2839,.F.);
#2839 = EDGE_CURVE('',#2802,#2832,#2840,.T.);
#2840 = LINE('',#2841,#2842);
#2841 = CARTESIAN_POINT('',(24.,27.9,19.3));
#2842 = VECTOR('',#2843,1.);
#2843 = DIRECTION('',(-1.,0.,0.));
#2844 = ORIENTED_EDGE('',*,*,#2801,.T.);
#2845 = PLANE('',#2846);
#2846 = AXIS2_PLACEMENT_3D('',#2847,#2848,#2849);
#2847 = CARTESIAN_POINT('',(81.6,27.9,36.));
#2848 = DIRECTION('',(0.,1.,0.));
#2849 = DIRECTION('',(-1.,0.,0.));
#2850 = ADVANCED_FACE('',(#2851),#2862,.F.);
#2851 = FACE_BOUND('',#2852,.F.);
#2852 = EDGE_LOOP('',(#2853,#2854,#2855,#2856));
#2853 = ORIENTED_EDGE('',*,*,#1550,.F.);
#2854 = ORIENTED_EDGE('',*,*,#2824,.F.);
#2855 = ORIENTED_EDGE('',*,*,#858,.T.);
#2856 = ORIENTED_EDGE('',*,*,#2857,.F.);
#2857 = EDGE_CURVE('',#1543,#859,#2858,.T.);
#2858 = LINE('',#2859,#2860);
#2859 = CARTESIAN_POINT('',(74.6,27.8,0.));
#2860 = VECTOR('',#2861,1.);
#2861 = DIRECTION('',(0.,0.,1.));
#2862 = PLANE('',#2863);
#2863 = AXIS2_PLACEMENT_3D('',#2864,#2865,#2866);
#2864 = CARTESIAN_POINT('',(74.6,33.8,0.));
#2865 = DIRECTION('',(1.,0.,0.));
#2866 = DIRECTION('',(0.,-1.,0.));
#2867 = ADVANCED_FACE('',(#2868),#2895,.F.);
#2868 = FACE_BOUND('',#2869,.F.);
#2869 = EDGE_LOOP('',(#2870,#2871,#2872,#2873,#2881,#2889));
#2870 = ORIENTED_EDGE('',*,*,#1542,.F.);
#2871 = ORIENTED_EDGE('',*,*,#2857,.T.);
#2872 = ORIENTED_EDGE('',*,*,#866,.T.);
#2873 = ORIENTED_EDGE('',*,*,#2874,.T.);
#2874 = EDGE_CURVE('',#867,#2875,#2877,.T.);
#2875 = VERTEX_POINT('',#2876);
#2876 = CARTESIAN_POINT('',(78.,27.8,19.3));
#2877 = LINE('',#2878,#2879);
#2878 = CARTESIAN_POINT('',(78.,27.8,9.65));
#2879 = VECTOR('',#2880,1.);
#2880 = DIRECTION('',(0.,0.,-1.));
#2881 = ORIENTED_EDGE('',*,*,#2882,.T.);
#2882 = EDGE_CURVE('',#2875,#2883,#2885,.T.);
#2883 = VERTEX_POINT('',#2884);
#2884 = CARTESIAN_POINT('',(81.66,27.8,19.3));
#2885 = LINE('',#2886,#2887);
#2886 = CARTESIAN_POINT('',(53.847795823666,27.8,19.3));
#2887 = VECTOR('',#2888,1.);
#2888 = DIRECTION('',(1.,0.,0.));
#2889 = ORIENTED_EDGE('',*,*,#2890,.T.);
#2890 = EDGE_CURVE('',#2883,#1535,#2891,.T.);
#2891 = LINE('',#2892,#2893);
#2892 = CARTESIAN_POINT('',(81.66,27.8,0.));
#2893 = VECTOR('',#2894,1.);
#2894 = DIRECTION('',(0.,0.,-1.));
#2895 = PLANE('',#2896);
#2896 = AXIS2_PLACEMENT_3D('',#2897,#2898,#2899);
#2897 = CARTESIAN_POINT('',(74.6,27.8,0.));
#2898 = DIRECTION('',(0.,1.,0.));
#2899 = DIRECTION('',(1.,0.,0.));
#2900 = ADVANCED_FACE('',(#2901),#2919,.F.);
#2901 = FACE_BOUND('',#2902,.F.);
#2902 = EDGE_LOOP('',(#2903,#2911,#2912,#2913));
#2903 = ORIENTED_EDGE('',*,*,#2904,.F.);
#2904 = EDGE_CURVE('',#2875,#2905,#2907,.T.);
#2905 = VERTEX_POINT('',#2906);
#2906 = CARTESIAN_POINT('',(78.,25.,19.3));
#2907 = LINE('',#2908,#2909);
#2908 = CARTESIAN_POINT('',(78.,27.9,19.3));
#2909 = VECTOR('',#2910,1.);
#2910 = DIRECTION('',(0.,-1.,0.));
#2911 = ORIENTED_EDGE('',*,*,#2874,.F.);
#2912 = ORIENTED_EDGE('',*,*,#874,.T.);
#2913 = ORIENTED_EDGE('',*,*,#2914,.F.);
#2914 = EDGE_CURVE('',#2905,#875,#2915,.T.);
#2915 = LINE('',#2916,#2917);
#2916 = CARTESIAN_POINT('',(78.,25.,19.3));
#2917 = VECTOR('',#2918,1.);
#2918 = DIRECTION('',(0.,0.,1.));
#2919 = PLANE('',#2920);
#2920 = AXIS2_PLACEMENT_3D('',#2921,#2922,#2923);
#2921 = CARTESIAN_POINT('',(78.,27.9,19.3));
#2922 = DIRECTION('',(1.,0.,0.));
#2923 = DIRECTION('',(0.,-1.,0.));
#2924 = ADVANCED_FACE('',(#2925),#2950,.F.);
#2925 = FACE_BOUND('',#2926,.F.);
#2926 = EDGE_LOOP('',(#2927,#2935,#2936,#2937,#2943,#2944));
#2927 = ORIENTED_EDGE('',*,*,#2928,.F.);
#2928 = EDGE_CURVE('',#2905,#2929,#2931,.T.);
#2929 = VERTEX_POINT('',#2930);
#2930 = CARTESIAN_POINT('',(81.66,25.,19.3));
#2931 = LINE('',#2932,#2933);
#2932 = CARTESIAN_POINT('',(78.,25.,19.3));
#2933 = VECTOR('',#2934,1.);
#2934 = DIRECTION('',(1.,0.,0.));
#2935 = ORIENTED_EDGE('',*,*,#2914,.T.);
#2936 = ORIENTED_EDGE('',*,*,#882,.T.);
#2937 = ORIENTED_EDGE('',*,*,#2938,.F.);
#2938 = EDGE_CURVE('',#1293,#883,#2939,.T.);
#2939 = LINE('',#2940,#2941);
#2940 = CARTESIAN_POINT('',(82.,25.,19.3));
#2941 = VECTOR('',#2942,1.);
#2942 = DIRECTION('',(0.,0.,1.));
#2943 = ORIENTED_EDGE('',*,*,#1292,.T.);
#2944 = ORIENTED_EDGE('',*,*,#2945,.F.);
#2945 = EDGE_CURVE('',#2929,#1295,#2946,.T.);
#2946 = LINE('',#2947,#2948);
#2947 = CARTESIAN_POINT('',(81.66,25.,9.65));
#2948 = VECTOR('',#2949,1.);
#2949 = DIRECTION('',(0.,0.,1.));
#2950 = PLANE('',#2951);
#2951 = AXIS2_PLACEMENT_3D('',#2952,#2953,#2954);
#2952 = CARTESIAN_POINT('',(78.,25.,19.3));
#2953 = DIRECTION('',(0.,1.,0.));
#2954 = DIRECTION('',(1.,0.,0.));
#2955 = ADVANCED_FACE('',(#2956),#2967,.F.);
#2956 = FACE_BOUND('',#2957,.F.);
#2957 = EDGE_LOOP('',(#2958,#2959,#2960,#2961));
#2958 = ORIENTED_EDGE('',*,*,#1319,.T.);
#2959 = ORIENTED_EDGE('',*,*,#2938,.T.);
#2960 = ORIENTED_EDGE('',*,*,#890,.T.);
#2961 = ORIENTED_EDGE('',*,*,#2962,.F.);
#2962 = EDGE_CURVE('',#1312,#891,#2963,.T.);
#2963 = LINE('',#2964,#2965);
#2964 = CARTESIAN_POINT('',(82.,27.8,9.65));
#2965 = VECTOR('',#2966,1.);
#2966 = DIRECTION('',(0.,0.,1.));
#2967 = PLANE('',#2968);
#2968 = AXIS2_PLACEMENT_3D('',#2969,#2970,#2971);
#2969 = CARTESIAN_POINT('',(82.,25.,19.3));
#2970 = DIRECTION('',(-1.,0.,0.));
#2971 = DIRECTION('',(0.,1.,0.));
#2972 = ADVANCED_FACE('',(#2973),#2979,.F.);
#2973 = FACE_BOUND('',#2974,.F.);
#2974 = EDGE_LOOP('',(#2975,#2976,#2977,#2978));
#2975 = ORIENTED_EDGE('',*,*,#2962,.T.);
#2976 = ORIENTED_EDGE('',*,*,#898,.T.);
#2977 = ORIENTED_EDGE('',*,*,#1278,.F.);
#2978 = ORIENTED_EDGE('',*,*,#1311,.F.);
#2979 = PLANE('',#2980);
#2980 = AXIS2_PLACEMENT_3D('',#2981,#2982,#2983);
#2981 = CARTESIAN_POINT('',(74.6,27.8,0.));
#2982 = DIRECTION('',(0.,1.,0.));
#2983 = DIRECTION('',(1.,0.,0.));
#2984 = ADVANCED_FACE('',(#2985),#2991,.T.);
#2985 = FACE_BOUND('',#2986,.T.);
#2986 = EDGE_LOOP('',(#2987,#2988,#2989,#2990));
#2987 = ORIENTED_EDGE('',*,*,#1361,.T.);
#2988 = ORIENTED_EDGE('',*,*,#2035,.T.);
#2989 = ORIENTED_EDGE('',*,*,#925,.F.);
#2990 = ORIENTED_EDGE('',*,*,#1626,.F.);
#2991 = PLANE('',#2992);
#2992 = AXIS2_PLACEMENT_3D('',#2993,#2994,#2995);
#2993 = CARTESIAN_POINT('',(43.,33.8,18.));
#2994 = DIRECTION('',(0.,1.,0.));
#2995 = DIRECTION('',(0.,0.,1.));
#2996 = ADVANCED_FACE('',(#2997),#3016,.F.);
#2997 = FACE_BOUND('',#2998,.F.);
#2998 = EDGE_LOOP('',(#2999,#3007,#3014,#3015));
#2999 = ORIENTED_EDGE('',*,*,#3000,.T.);
#3000 = EDGE_CURVE('',#934,#3001,#3003,.T.);
#3001 = VERTEX_POINT('',#3002);
#3002 = CARTESIAN_POINT('',(8.4,3.,32.4));
#3003 = LINE('',#3004,#3005);
#3004 = CARTESIAN_POINT('',(8.4,3.,36.));
#3005 = VECTOR('',#3006,1.);
#3006 = DIRECTION('',(-0.,-0.,-1.));
#3007 = ORIENTED_EDGE('',*,*,#3008,.T.);
#3008 = EDGE_CURVE('',#3001,#3001,#3009,.T.);
#3009 = CIRCLE('',#3010,1.5);
#3010 = AXIS2_PLACEMENT_3D('',#3011,#3012,#3013);
#3011 = CARTESIAN_POINT('',(6.9,3.,32.4));
#3012 = DIRECTION('',(0.,0.,1.));
#3013 = DIRECTION('',(1.,0.,0.));
#3014 = ORIENTED_EDGE('',*,*,#3000,.F.);
#3015 = ORIENTED_EDGE('',*,*,#933,.F.);
#3016 = CYLINDRICAL_SURFACE('',#3017,1.5);
#3017 = AXIS2_PLACEMENT_3D('',#3018,#3019,#3020);
#3018 = CARTESIAN_POINT('',(6.9,3.,36.));
#3019 = DIRECTION('',(0.,0.,1.));
#3020 = DIRECTION('',(1.,0.,0.));
#3021 = ADVANCED_FACE('',(#3022),#3041,.F.);
#3022 = FACE_BOUND('',#3023,.F.);
#3023 = EDGE_LOOP('',(#3024,#3032,#3039,#3040));
#3024 = ORIENTED_EDGE('',*,*,#3025,.T.);
#3025 = EDGE_CURVE('',#945,#3026,#3028,.T.);
#3026 = VERTEX_POINT('',#3027);
#3027 = CARTESIAN_POINT('',(8.4,30.8,32.4));
#3028 = LINE('',#3029,#3030);
#3029 = CARTESIAN_POINT('',(8.4,30.8,36.));
#3030 = VECTOR('',#3031,1.);
#3031 = DIRECTION('',(-0.,-0.,-1.));
#3032 = ORIENTED_EDGE('',*,*,#3033,.T.);
#3033 = EDGE_CURVE('',#3026,#3026,#3034,.T.);
#3034 = CIRCLE('',#3035,1.5);
#3035 = AXIS2_PLACEMENT_3D('',#3036,#3037,#3038);
#3036 = CARTESIAN_POINT('',(6.9,30.8,32.4));
#3037 = DIRECTION('',(0.,0.,1.));
#3038 = DIRECTION('',(1.,0.,0.));
#3039 = ORIENTED_EDGE('',*,*,#3025,.F.);
#3040 = ORIENTED_EDGE('',*,*,#944,.F.);
#3041 = CYLINDRICAL_SURFACE('',#3042,1.5);
#3042 = AXIS2_PLACEMENT_3D('',#3043,#3044,#3045);
#3043 = CARTESIAN_POINT('',(6.9,30.8,36.));
#3044 = DIRECTION('',(0.,0.,1.));
#3045 = DIRECTION('',(1.,0.,0.));
#3046 = ADVANCED_FACE('',(#3047),#3066,.F.);
#3047 = FACE_BOUND('',#3048,.F.);
#3048 = EDGE_LOOP('',(#3049,#3057,#3064,#3065));
#3049 = ORIENTED_EDGE('',*,*,#3050,.T.);
#3050 = EDGE_CURVE('',#956,#3051,#3053,.T.);
#3051 = VERTEX_POINT('',#3052);
#3052 = CARTESIAN_POINT('',(80.6,3.,32.4));
#3053 = LINE('',#3054,#3055);
#3054 = CARTESIAN_POINT('',(80.6,3.,36.));
#3055 = VECTOR('',#3056,1.);
#3056 = DIRECTION('',(-0.,-0.,-1.));
#3057 = ORIENTED_EDGE('',*,*,#3058,.T.);
#3058 = EDGE_CURVE('',#3051,#3051,#3059,.T.);
#3059 = CIRCLE('',#3060,1.5);
#3060 = AXIS2_PLACEMENT_3D('',#3061,#3062,#3063);
#3061 = CARTESIAN_POINT('',(79.1,3.,32.4));
#3062 = DIRECTION('',(0.,0.,1.));
#3063 = DIRECTION('',(1.,0.,0.));
#3064 = ORIENTED_EDGE('',*,*,#3050,.F.);
#3065 = ORIENTED_EDGE('',*,*,#955,.F.);
#3066 = CYLINDRICAL_SURFACE('',#3067,1.5);
#3067 = AXIS2_PLACEMENT_3D('',#3068,#3069,#3070);
#3068 = CARTESIAN_POINT('',(79.1,3.,36.));
#3069 = DIRECTION('',(0.,0.,1.));
#3070 = DIRECTION('',(1.,0.,0.));
#3071 = ADVANCED_FACE('',(#3072),#3091,.F.);
#3072 = FACE_BOUND('',#3073,.F.);
#3073 = EDGE_LOOP('',(#3074,#3082,#3089,#3090));
#3074 = ORIENTED_EDGE('',*,*,#3075,.T.);
#3075 = EDGE_CURVE('',#967,#3076,#3078,.T.);
#3076 = VERTEX_POINT('',#3077);
#3077 = CARTESIAN_POINT('',(80.6,30.8,32.4));
#3078 = LINE('',#3079,#3080);
#3079 = CARTESIAN_POINT('',(80.6,30.8,36.));
#3080 = VECTOR('',#3081,1.);
#3081 = DIRECTION('',(-0.,-0.,-1.));
#3082 = ORIENTED_EDGE('',*,*,#3083,.T.);
#3083 = EDGE_CURVE('',#3076,#3076,#3084,.T.);
#3084 = CIRCLE('',#3085,1.5);
#3085 = AXIS2_PLACEMENT_3D('',#3086,#3087,#3088);
#3086 = CARTESIAN_POINT('',(79.1,30.8,32.4));
#3087 = DIRECTION('',(0.,0.,1.));
#3088 = DIRECTION('',(1.,0.,0.));
#3089 = ORIENTED_EDGE('',*,*,#3075,.F.);
#3090 = ORIENTED_EDGE('',*,*,#966,.F.);
#3091 = CYLINDRICAL_SURFACE('',#3092,1.5);
#3092 = AXIS2_PLACEMENT_3D('',#3093,#3094,#3095);
#3093 = CARTESIAN_POINT('',(79.1,30.8,36.));
#3094 = DIRECTION('',(0.,0.,1.));
#3095 = DIRECTION('',(1.,0.,0.));
#3096 = ADVANCED_FACE('',(#3097),#3103,.F.);
#3097 = FACE_BOUND('',#3098,.F.);
#3098 = EDGE_LOOP('',(#3099,#3100,#3101,#3102));
#3099 = ORIENTED_EDGE('',*,*,#992,.F.);
#3100 = ORIENTED_EDGE('',*,*,#1775,.F.);
#3101 = ORIENTED_EDGE('',*,*,#1233,.T.);
#3102 = ORIENTED_EDGE('',*,*,#1660,.F.);
#3103 = PLANE('',#3104);
#3104 = AXIS2_PLACEMENT_3D('',#3105,#3106,#3107);
#3105 = CARTESIAN_POINT('',(83.6,7.9,36.));
#3106 = DIRECTION('',(1.,0.,0.));
#3107 = DIRECTION('',(0.,1.,0.));
#3108 = ADVANCED_FACE('',(#3109),#3115,.F.);
#3109 = FACE_BOUND('',#3110,.F.);
#3110 = EDGE_LOOP('',(#3111,#3112,#3113,#3114));
#3111 = ORIENTED_EDGE('',*,*,#1781,.F.);
#3112 = ORIENTED_EDGE('',*,*,#1000,.F.);
#3113 = ORIENTED_EDGE('',*,*,#1692,.F.);
#3114 = ORIENTED_EDGE('',*,*,#1752,.F.);
#3115 = PLANE('',#3116);
#3116 = AXIS2_PLACEMENT_3D('',#3117,#3118,#3119);
#3117 = CARTESIAN_POINT('',(83.6,3.8,0.));
#3118 = DIRECTION('',(-1.,0.,0.));
#3119 = DIRECTION('',(0.,1.,0.));
#3120 = ADVANCED_FACE('',(#3121),#3127,.F.);
#3121 = FACE_BOUND('',#3122,.F.);
#3122 = EDGE_LOOP('',(#3123,#3124,#3125,#3126));
#3123 = ORIENTED_EDGE('',*,*,#1698,.F.);
#3124 = ORIENTED_EDGE('',*,*,#1008,.F.);
#3125 = ORIENTED_EDGE('',*,*,#1895,.F.);
#3126 = ORIENTED_EDGE('',*,*,#1217,.T.);
#3127 = PLANE('',#3128);
#3128 = AXIS2_PLACEMENT_3D('',#3129,#3130,#3131);
#3129 = CARTESIAN_POINT('',(83.6,7.9,36.));
#3130 = DIRECTION('',(1.,0.,0.));
#3131 = DIRECTION('',(0.,1.,0.));
#3132 = ADVANCED_FACE('',(#3133),#3139,.F.);
#3133 = FACE_BOUND('',#3134,.F.);
#3134 = EDGE_LOOP('',(#3135,#3136,#3137,#3138));
#3135 = ORIENTED_EDGE('',*,*,#1016,.F.);
#3136 = ORIENTED_EDGE('',*,*,#1812,.F.);
#3137 = ORIENTED_EDGE('',*,*,#1872,.F.);
#3138 = ORIENTED_EDGE('',*,*,#1901,.F.);
#3139 = PLANE('',#3140);
#3140 = AXIS2_PLACEMENT_3D('',#3141,#3142,#3143);
#3141 = CARTESIAN_POINT('',(83.6,3.8,0.));
#3142 = DIRECTION('',(-1.,0.,0.));
#3143 = DIRECTION('',(0.,1.,0.));
#3144 = ADVANCED_FACE('',(#3145),#3151,.F.);
#3145 = FACE_BOUND('',#3146,.F.);
#3146 = EDGE_LOOP('',(#3147,#3148,#3149,#3150));
#3147 = ORIENTED_EDGE('',*,*,#1818,.F.);
#3148 = ORIENTED_EDGE('',*,*,#1024,.F.);
#3149 = ORIENTED_EDGE('',*,*,#2015,.F.);
#3150 = ORIENTED_EDGE('',*,*,#1201,.T.);
#3151 = PLANE('',#3152);
#3152 = AXIS2_PLACEMENT_3D('',#3153,#3154,#3155);
#3153 = CARTESIAN_POINT('',(83.6,7.9,36.));
#3154 = DIRECTION('',(1.,0.,0.));
#3155 = DIRECTION('',(0.,1.,0.));
#3156 = ADVANCED_FACE('',(#3157),#3163,.F.);
#3157 = FACE_BOUND('',#3158,.F.);
#3158 = EDGE_LOOP('',(#3159,#3160,#3161,#3162));
#3159 = ORIENTED_EDGE('',*,*,#1932,.F.);
#3160 = ORIENTED_EDGE('',*,*,#1992,.F.);
#3161 = ORIENTED_EDGE('',*,*,#2021,.F.);
#3162 = ORIENTED_EDGE('',*,*,#1032,.F.);
#3163 = PLANE('',#3164);
#3164 = AXIS2_PLACEMENT_3D('',#3165,#3166,#3167);
#3165 = CARTESIAN_POINT('',(83.6,3.8,0.));
#3166 = DIRECTION('',(-1.,0.,0.));
#3167 = DIRECTION('',(0.,1.,0.));
#3168 = ADVANCED_FACE('',(#3169),#3175,.F.);
#3169 = FACE_BOUND('',#3170,.F.);
#3170 = EDGE_LOOP('',(#3171,#3172,#3173,#3174));
#3171 = ORIENTED_EDGE('',*,*,#1938,.F.);
#3172 = ORIENTED_EDGE('',*,*,#1040,.F.);
#3173 = ORIENTED_EDGE('',*,*,#1527,.T.);
#3174 = ORIENTED_EDGE('',*,*,#1185,.T.);
#3175 = PLANE('',#3176);
#3176 = AXIS2_PLACEMENT_3D('',#3177,#3178,#3179);
#3177 = CARTESIAN_POINT('',(83.6,7.9,36.));
#3178 = DIRECTION('',(1.,0.,0.));
#3179 = DIRECTION('',(0.,1.,0.));
#3180 = ADVANCED_FACE('',(#3181),#3194,.F.);
#3181 = FACE_BOUND('',#3182,.F.);
#3182 = EDGE_LOOP('',(#3183,#3184,#3185,#3186,#3187,#3193));
#3183 = ORIENTED_EDGE('',*,*,#1520,.F.);
#3184 = ORIENTED_EDGE('',*,*,#1056,.T.);
#3185 = ORIENTED_EDGE('',*,*,#1087,.T.);
#3186 = ORIENTED_EDGE('',*,*,#2292,.T.);
#3187 = ORIENTED_EDGE('',*,*,#3188,.T.);
#3188 = EDGE_CURVE('',#2285,#2332,#3189,.T.);
#3189 = LINE('',#3190,#3191);
#3190 = CARTESIAN_POINT('',(81.66,15.536438515081,19.3));
#3191 = VECTOR('',#3192,1.);
#3192 = DIRECTION('',(0.,-1.,0.));
#3193 = ORIENTED_EDGE('',*,*,#2331,.F.);
#3194 = PLANE('',#3195);
#3195 = AXIS2_PLACEMENT_3D('',#3196,#3197,#3198);
#3196 = CARTESIAN_POINT('',(81.66,10.96,0.));
#3197 = DIRECTION('',(1.,0.,0.));
#3198 = DIRECTION('',(0.,-1.,0.));
#3199 = ADVANCED_FACE('',(#3200),#3213,.F.);
#3200 = FACE_BOUND('',#3201,.F.);
#3201 = EDGE_LOOP('',(#3202,#3203,#3204,#3210,#3211,#3212));
#3202 = ORIENTED_EDGE('',*,*,#1534,.F.);
#3203 = ORIENTED_EDGE('',*,*,#2890,.F.);
#3204 = ORIENTED_EDGE('',*,*,#3205,.T.);
#3205 = EDGE_CURVE('',#2883,#2929,#3206,.T.);
#3206 = LINE('',#3207,#3208);
#3207 = CARTESIAN_POINT('',(81.66,25.056438515081,19.3));
#3208 = VECTOR('',#3209,1.);
#3209 = DIRECTION('',(0.,-1.,0.));
#3210 = ORIENTED_EDGE('',*,*,#2945,.T.);
#3211 = ORIENTED_EDGE('',*,*,#1302,.T.);
#3212 = ORIENTED_EDGE('',*,*,#1169,.F.);
#3213 = PLANE('',#3214);
#3214 = AXIS2_PLACEMENT_3D('',#3215,#3216,#3217);
#3215 = CARTESIAN_POINT('',(81.66,30.,0.));
#3216 = DIRECTION('',(1.,0.,0.));
#3217 = DIRECTION('',(0.,-1.,0.));
#3218 = ADVANCED_FACE('',(#3219),#3225,.F.);
#3219 = FACE_BOUND('',#3220,.F.);
#3220 = EDGE_LOOP('',(#3221,#3222,#3223,#3224));
#3221 = ORIENTED_EDGE('',*,*,#1193,.T.);
#3222 = ORIENTED_EDGE('',*,*,#2009,.F.);
#3223 = ORIENTED_EDGE('',*,*,#1968,.F.);
#3224 = ORIENTED_EDGE('',*,*,#1944,.F.);
#3225 = PLANE('',#3226);
#3226 = AXIS2_PLACEMENT_3D('',#3227,#3228,#3229);
#3227 = CARTESIAN_POINT('',(83.6,22.9,0.));
#3228 = DIRECTION('',(-1.,0.,0.));
#3229 = DIRECTION('',(0.,1.,0.));
#3230 = ADVANCED_FACE('',(#3231),#3237,.F.);
#3231 = FACE_BOUND('',#3232,.F.);
#3232 = EDGE_LOOP('',(#3233,#3234,#3235,#3236));
#3233 = ORIENTED_EDGE('',*,*,#1209,.T.);
#3234 = ORIENTED_EDGE('',*,*,#1889,.F.);
#3235 = ORIENTED_EDGE('',*,*,#1848,.F.);
#3236 = ORIENTED_EDGE('',*,*,#1824,.F.);
#3237 = PLANE('',#3238);
#3238 = AXIS2_PLACEMENT_3D('',#3239,#3240,#3241);
#3239 = CARTESIAN_POINT('',(83.6,22.9,0.));
#3240 = DIRECTION('',(-1.,0.,0.));
#3241 = DIRECTION('',(0.,1.,0.));
#3242 = ADVANCED_FACE('',(#3243),#3249,.F.);
#3243 = FACE_BOUND('',#3244,.F.);
#3244 = EDGE_LOOP('',(#3245,#3246,#3247,#3248));
#3245 = ORIENTED_EDGE('',*,*,#1225,.T.);
#3246 = ORIENTED_EDGE('',*,*,#1769,.F.);
#3247 = ORIENTED_EDGE('',*,*,#1728,.F.);
#3248 = ORIENTED_EDGE('',*,*,#1704,.F.);
#3249 = PLANE('',#3250);
#3250 = AXIS2_PLACEMENT_3D('',#3251,#3252,#3253);
#3251 = CARTESIAN_POINT('',(83.6,22.9,0.));
#3252 = DIRECTION('',(-1.,0.,0.));
#3253 = DIRECTION('',(0.,1.,0.));
#3254 = ADVANCED_FACE('',(#3255),#3273,.F.);
#3255 = FACE_BOUND('',#3256,.F.);
#3256 = EDGE_LOOP('',(#3257,#3258,#3266,#3272));
#3257 = ORIENTED_EDGE('',*,*,#1413,.F.);
#3258 = ORIENTED_EDGE('',*,*,#3259,.T.);
#3259 = EDGE_CURVE('',#1414,#3260,#3262,.T.);
#3260 = VERTEX_POINT('',#3261);
#3261 = CARTESIAN_POINT('',(3.35,26.5,19.2));
#3262 = LINE('',#3263,#3264);
#3263 = CARTESIAN_POINT('',(3.35,26.5,0.));
#3264 = VECTOR('',#3265,1.);
#3265 = DIRECTION('',(0.,0.,1.));
#3266 = ORIENTED_EDGE('',*,*,#3267,.T.);
#3267 = EDGE_CURVE('',#3260,#2644,#3268,.T.);
#3268 = LINE('',#3269,#3270);
#3269 = CARTESIAN_POINT('',(3.35,26.5,19.2));
#3270 = VECTOR('',#3271,1.);
#3271 = DIRECTION('',(0.,1.,0.));
#3272 = ORIENTED_EDGE('',*,*,#2643,.F.);
#3273 = PLANE('',#3274);
#3274 = AXIS2_PLACEMENT_3D('',#3275,#3276,#3277);
#3275 = CARTESIAN_POINT('',(3.35,26.5,0.));
#3276 = DIRECTION('',(-1.,0.,0.));
#3277 = DIRECTION('',(0.,1.,0.));
#3278 = ADVANCED_FACE('',(#3279),#3384,.F.);
#3279 = FACE_BOUND('',#3280,.F.);
#3280 = EDGE_LOOP('',(#3281,#3291,#3299,#3307,#3315,#3323,#3331,#3339,
    #3347,#3355,#3363,#3369,#3370,#3376,#3377,#3378));
#3281 = ORIENTED_EDGE('',*,*,#3282,.T.);
#3282 = EDGE_CURVE('',#3283,#3285,#3287,.T.);
#3283 = VERTEX_POINT('',#3284);
#3284 = CARTESIAN_POINT('',(2.492121597166,26.5,3.5));
#3285 = VERTEX_POINT('',#3286);
#3286 = CARTESIAN_POINT('',(2.4,26.5,3.5));
#3287 = LINE('',#3288,#3289);
#3288 = CARTESIAN_POINT('',(0.7,26.5,3.5));
#3289 = VECTOR('',#3290,1.);
#3290 = DIRECTION('',(-1.,0.,0.));
#3291 = ORIENTED_EDGE('',*,*,#3292,.T.);
#3292 = EDGE_CURVE('',#3285,#3293,#3295,.T.);
#3293 = VERTEX_POINT('',#3294);
#3294 = CARTESIAN_POINT('',(2.4,26.5,5.5));
#3295 = LINE('',#3296,#3297);
#3296 = CARTESIAN_POINT('',(2.4,26.5,0.));
#3297 = VECTOR('',#3298,1.);
#3298 = DIRECTION('',(0.,0.,1.));
#3299 = ORIENTED_EDGE('',*,*,#3300,.T.);
#3300 = EDGE_CURVE('',#3293,#3301,#3303,.T.);
#3301 = VERTEX_POINT('',#3302);
#3302 = CARTESIAN_POINT('',(2.492121597166,26.5,5.5));
#3303 = LINE('',#3304,#3305);
#3304 = CARTESIAN_POINT('',(0.7,26.5,5.5));
#3305 = VECTOR('',#3306,1.);
#3306 = DIRECTION('',(1.,0.,0.));
#3307 = ORIENTED_EDGE('',*,*,#3308,.T.);
#3308 = EDGE_CURVE('',#3301,#3309,#3311,.T.);
#3309 = VERTEX_POINT('',#3310);
#3310 = CARTESIAN_POINT('',(2.492121597166,26.5,7.5));
#3311 = LINE('',#3312,#3313);
#3312 = CARTESIAN_POINT('',(2.492121597166,26.5,36.));
#3313 = VECTOR('',#3314,1.);
#3314 = DIRECTION('',(0.,0.,1.));
#3315 = ORIENTED_EDGE('',*,*,#3316,.T.);
#3316 = EDGE_CURVE('',#3309,#3317,#3319,.T.);
#3317 = VERTEX_POINT('',#3318);
#3318 = CARTESIAN_POINT('',(2.4,26.5,7.5));
#3319 = LINE('',#3320,#3321);
#3320 = CARTESIAN_POINT('',(0.7,26.5,7.5));
#3321 = VECTOR('',#3322,1.);
#3322 = DIRECTION('',(-1.,0.,0.));
#3323 = ORIENTED_EDGE('',*,*,#3324,.T.);
#3324 = EDGE_CURVE('',#3317,#3325,#3327,.T.);
#3325 = VERTEX_POINT('',#3326);
#3326 = CARTESIAN_POINT('',(2.4,26.5,9.5));
#3327 = LINE('',#3328,#3329);
#3328 = CARTESIAN_POINT('',(2.4,26.5,0.));
#3329 = VECTOR('',#3330,1.);
#3330 = DIRECTION('',(0.,0.,1.));
#3331 = ORIENTED_EDGE('',*,*,#3332,.T.);
#3332 = EDGE_CURVE('',#3325,#3333,#3335,.T.);
#3333 = VERTEX_POINT('',#3334);
#3334 = CARTESIAN_POINT('',(2.492121597166,26.5,9.5));
#3335 = LINE('',#3336,#3337);
#3336 = CARTESIAN_POINT('',(0.7,26.5,9.5));
#3337 = VECTOR('',#3338,1.);
#3338 = DIRECTION('',(1.,0.,0.));
#3339 = ORIENTED_EDGE('',*,*,#3340,.T.);
#3340 = EDGE_CURVE('',#3333,#3341,#3343,.T.);
#3341 = VERTEX_POINT('',#3342);
#3342 = CARTESIAN_POINT('',(2.492121597166,26.5,11.5));
#3343 = LINE('',#3344,#3345);
#3344 = CARTESIAN_POINT('',(2.492121597166,26.5,36.));
#3345 = VECTOR('',#3346,1.);
#3346 = DIRECTION('',(0.,0.,1.));
#3347 = ORIENTED_EDGE('',*,*,#3348,.T.);
#3348 = EDGE_CURVE('',#3341,#3349,#3351,.T.);
#3349 = VERTEX_POINT('',#3350);
#3350 = CARTESIAN_POINT('',(2.4,26.5,11.5));
#3351 = LINE('',#3352,#3353);
#3352 = CARTESIAN_POINT('',(0.7,26.5,11.5));
#3353 = VECTOR('',#3354,1.);
#3354 = DIRECTION('',(-1.,0.,0.));
#3355 = ORIENTED_EDGE('',*,*,#3356,.T.);
#3356 = EDGE_CURVE('',#3349,#3357,#3359,.T.);
#3357 = VERTEX_POINT('',#3358);
#3358 = CARTESIAN_POINT('',(2.4,26.5,13.5));
#3359 = LINE('',#3360,#3361);
#3360 = CARTESIAN_POINT('',(2.4,26.5,0.));
#3361 = VECTOR('',#3362,1.);
#3362 = DIRECTION('',(0.,0.,1.));
#3363 = ORIENTED_EDGE('',*,*,#3364,.T.);
#3364 = EDGE_CURVE('',#3357,#2661,#3365,.T.);
#3365 = LINE('',#3366,#3367);
#3366 = CARTESIAN_POINT('',(0.7,26.5,13.5));
#3367 = VECTOR('',#3368,1.);
#3368 = DIRECTION('',(1.,0.,0.));
#3369 = ORIENTED_EDGE('',*,*,#2660,.T.);
#3370 = ORIENTED_EDGE('',*,*,#3371,.T.);
#3371 = EDGE_CURVE('',#2652,#3260,#3372,.T.);
#3372 = LINE('',#3373,#3374);
#3373 = CARTESIAN_POINT('',(2.4,26.5,19.2));
#3374 = VECTOR('',#3375,1.);
#3375 = DIRECTION('',(1.,0.,0.));
#3376 = ORIENTED_EDGE('',*,*,#3259,.F.);
#3377 = ORIENTED_EDGE('',*,*,#1421,.F.);
#3378 = ORIENTED_EDGE('',*,*,#3379,.T.);
#3379 = EDGE_CURVE('',#1422,#3283,#3380,.T.);
#3380 = LINE('',#3381,#3382);
#3381 = CARTESIAN_POINT('',(2.492121597166,26.5,36.));
#3382 = VECTOR('',#3383,1.);
#3383 = DIRECTION('',(0.,0.,1.));
#3384 = PLANE('',#3385);
#3385 = AXIS2_PLACEMENT_3D('',#3386,#3387,#3388);
#3386 = CARTESIAN_POINT('',(2.4,26.5,0.));
#3387 = DIRECTION('',(0.,1.,0.));
#3388 = DIRECTION('',(1.,0.,0.));
#3389 = ADVANCED_FACE('',(#3390),#3409,.F.);
#3390 = FACE_BOUND('',#3391,.F.);
#3391 = EDGE_LOOP('',(#3392,#3393,#3394,#3402));
#3392 = ORIENTED_EDGE('',*,*,#3379,.F.);
#3393 = ORIENTED_EDGE('',*,*,#1429,.T.);
#3394 = ORIENTED_EDGE('',*,*,#3395,.F.);
#3395 = EDGE_CURVE('',#3396,#1430,#3398,.T.);
#3396 = VERTEX_POINT('',#3397);
#3397 = CARTESIAN_POINT('',(2.4,25.9,3.5));
#3398 = LINE('',#3399,#3400);
#3399 = CARTESIAN_POINT('',(2.4,25.9,36.));
#3400 = VECTOR('',#3401,1.);
#3401 = DIRECTION('',(-0.,-0.,-1.));
#3402 = ORIENTED_EDGE('',*,*,#3403,.F.);
#3403 = EDGE_CURVE('',#3283,#3396,#3404,.T.);
#3404 = CIRCLE('',#3405,2.);
#3405 = AXIS2_PLACEMENT_3D('',#3406,#3407,#3408);
#3406 = CARTESIAN_POINT('',(4.4,25.9,3.5));
#3407 = DIRECTION('',(0.,0.,1.));
#3408 = DIRECTION('',(1.,0.,0.));
#3409 = CYLINDRICAL_SURFACE('',#3410,2.);
#3410 = AXIS2_PLACEMENT_3D('',#3411,#3412,#3413);
#3411 = CARTESIAN_POINT('',(4.4,25.9,36.));
#3412 = DIRECTION('',(0.,0.,1.));
#3413 = DIRECTION('',(1.,0.,0.));
#3414 = ADVANCED_FACE('',(#3415),#3433,.F.);
#3415 = FACE_BOUND('',#3416,.F.);
#3416 = EDGE_LOOP('',(#3417,#3425,#3431,#3432));
#3417 = ORIENTED_EDGE('',*,*,#3418,.F.);
#3418 = EDGE_CURVE('',#3419,#1439,#3421,.T.);
#3419 = VERTEX_POINT('',#3420);
#3420 = CARTESIAN_POINT('',(2.4,7.9,3.5));
#3421 = LINE('',#3422,#3423);
#3422 = CARTESIAN_POINT('',(2.4,7.9,36.));
#3423 = VECTOR('',#3424,1.);
#3424 = DIRECTION('',(-0.,-0.,-1.));
#3425 = ORIENTED_EDGE('',*,*,#3426,.T.);
#3426 = EDGE_CURVE('',#3419,#3396,#3427,.T.);
#3427 = LINE('',#3428,#3429);
#3428 = CARTESIAN_POINT('',(2.4,16.4,3.5));
#3429 = VECTOR('',#3430,1.);
#3430 = DIRECTION('',(0.,1.,0.));
#3431 = ORIENTED_EDGE('',*,*,#3395,.T.);
#3432 = ORIENTED_EDGE('',*,*,#1438,.T.);
#3433 = PLANE('',#3434);
#3434 = AXIS2_PLACEMENT_3D('',#3435,#3436,#3437);
#3435 = CARTESIAN_POINT('',(2.4,25.9,36.));
#3436 = DIRECTION('',(-1.,0.,0.));
#3437 = DIRECTION('',(0.,-1.,0.));
#3438 = ADVANCED_FACE('',(#3439),#3458,.F.);
#3439 = FACE_BOUND('',#3440,.F.);
#3440 = EDGE_LOOP('',(#3441,#3442,#3450,#3457));
#3441 = ORIENTED_EDGE('',*,*,#1446,.T.);
#3442 = ORIENTED_EDGE('',*,*,#3443,.T.);
#3443 = EDGE_CURVE('',#1447,#3444,#3446,.T.);
#3444 = VERTEX_POINT('',#3445);
#3445 = CARTESIAN_POINT('',(2.492121597166,7.3,3.5));
#3446 = LINE('',#3447,#3448);
#3447 = CARTESIAN_POINT('',(2.492121597166,7.3,36.));
#3448 = VECTOR('',#3449,1.);
#3449 = DIRECTION('',(0.,0.,1.));
#3450 = ORIENTED_EDGE('',*,*,#3451,.F.);
#3451 = EDGE_CURVE('',#3419,#3444,#3452,.T.);
#3452 = CIRCLE('',#3453,2.);
#3453 = AXIS2_PLACEMENT_3D('',#3454,#3455,#3456);
#3454 = CARTESIAN_POINT('',(4.4,7.9,3.5));
#3455 = DIRECTION('',(0.,0.,1.));
#3456 = DIRECTION('',(1.,0.,0.));
#3457 = ORIENTED_EDGE('',*,*,#3418,.T.);
#3458 = CYLINDRICAL_SURFACE('',#3459,2.);
#3459 = AXIS2_PLACEMENT_3D('',#3460,#3461,#3462);
#3460 = CARTESIAN_POINT('',(4.4,7.9,36.));
#3461 = DIRECTION('',(0.,0.,1.));
#3462 = DIRECTION('',(1.,0.,0.));
#3463 = ADVANCED_FACE('',(#3464),#3594,.F.);
#3464 = FACE_BOUND('',#3465,.F.);
#3465 = EDGE_LOOP('',(#3466,#3467,#3475,#3483,#3491,#3499,#3507,#3515,
    #3523,#3531,#3539,#3547,#3555,#3563,#3571,#3579,#3587,#3593));
#3466 = ORIENTED_EDGE('',*,*,#1455,.F.);
#3467 = ORIENTED_EDGE('',*,*,#3468,.T.);
#3468 = EDGE_CURVE('',#1456,#3469,#3471,.T.);
#3469 = VERTEX_POINT('',#3470);
#3470 = CARTESIAN_POINT('',(3.35,7.3,19.2));
#3471 = LINE('',#3472,#3473);
#3472 = CARTESIAN_POINT('',(3.35,7.3,0.));
#3473 = VECTOR('',#3474,1.);
#3474 = DIRECTION('',(0.,0.,1.));
#3475 = ORIENTED_EDGE('',*,*,#3476,.T.);
#3476 = EDGE_CURVE('',#3469,#3477,#3479,.T.);
#3477 = VERTEX_POINT('',#3478);
#3478 = CARTESIAN_POINT('',(2.4,7.3,19.2));
#3479 = LINE('',#3480,#3481);
#3480 = CARTESIAN_POINT('',(3.35,7.3,19.2));
#3481 = VECTOR('',#3482,1.);
#3482 = DIRECTION('',(-1.,0.,0.));
#3483 = ORIENTED_EDGE('',*,*,#3484,.F.);
#3484 = EDGE_CURVE('',#3485,#3477,#3487,.T.);
#3485 = VERTEX_POINT('',#3486);
#3486 = CARTESIAN_POINT('',(2.4,7.3,15.15));
#3487 = LINE('',#3488,#3489);
#3488 = CARTESIAN_POINT('',(2.4,7.3,0.));
#3489 = VECTOR('',#3490,1.);
#3490 = DIRECTION('',(0.,0.,1.));
#3491 = ORIENTED_EDGE('',*,*,#3492,.T.);
#3492 = EDGE_CURVE('',#3485,#3493,#3495,.T.);
#3493 = VERTEX_POINT('',#3494);
#3494 = CARTESIAN_POINT('',(2.492121597166,7.3,15.15));
#3495 = LINE('',#3496,#3497);
#3496 = CARTESIAN_POINT('',(1.175,7.3,15.15));
#3497 = VECTOR('',#3498,1.);
#3498 = DIRECTION('',(1.,0.,0.));
#3499 = ORIENTED_EDGE('',*,*,#3500,.F.);
#3500 = EDGE_CURVE('',#3501,#3493,#3503,.T.);
#3501 = VERTEX_POINT('',#3502);
#3502 = CARTESIAN_POINT('',(2.492121597166,7.3,13.5));
#3503 = LINE('',#3504,#3505);
#3504 = CARTESIAN_POINT('',(2.492121597166,7.3,36.));
#3505 = VECTOR('',#3506,1.);
#3506 = DIRECTION('',(0.,0.,1.));
#3507 = ORIENTED_EDGE('',*,*,#3508,.T.);
#3508 = EDGE_CURVE('',#3501,#3509,#3511,.T.);
#3509 = VERTEX_POINT('',#3510);
#3510 = CARTESIAN_POINT('',(2.4,7.3,13.5));
#3511 = LINE('',#3512,#3513);
#3512 = CARTESIAN_POINT('',(1.175,7.3,13.5));
#3513 = VECTOR('',#3514,1.);
#3514 = DIRECTION('',(-1.,-0.,-0.));
#3515 = ORIENTED_EDGE('',*,*,#3516,.F.);
#3516 = EDGE_CURVE('',#3517,#3509,#3519,.T.);
#3517 = VERTEX_POINT('',#3518);
#3518 = CARTESIAN_POINT('',(2.4,7.3,11.5));
#3519 = LINE('',#3520,#3521);
#3520 = CARTESIAN_POINT('',(2.4,7.3,0.));
#3521 = VECTOR('',#3522,1.);
#3522 = DIRECTION('',(0.,0.,1.));
#3523 = ORIENTED_EDGE('',*,*,#3524,.T.);
#3524 = EDGE_CURVE('',#3517,#3525,#3527,.T.);
#3525 = VERTEX_POINT('',#3526);
#3526 = CARTESIAN_POINT('',(2.492121597166,7.3,11.5));
#3527 = LINE('',#3528,#3529);
#3528 = CARTESIAN_POINT('',(1.175,7.3,11.5));
#3529 = VECTOR('',#3530,1.);
#3530 = DIRECTION('',(1.,0.,0.));
#3531 = ORIENTED_EDGE('',*,*,#3532,.F.);
#3532 = EDGE_CURVE('',#3533,#3525,#3535,.T.);
#3533 = VERTEX_POINT('',#3534);
#3534 = CARTESIAN_POINT('',(2.492121597166,7.3,9.5));
#3535 = LINE('',#3536,#3537);
#3536 = CARTESIAN_POINT('',(2.492121597166,7.3,36.));
#3537 = VECTOR('',#3538,1.);
#3538 = DIRECTION('',(0.,0.,1.));
#3539 = ORIENTED_EDGE('',*,*,#3540,.T.);
#3540 = EDGE_CURVE('',#3533,#3541,#3543,.T.);
#3541 = VERTEX_POINT('',#3542);
#3542 = CARTESIAN_POINT('',(2.4,7.3,9.5));
#3543 = LINE('',#3544,#3545);
#3544 = CARTESIAN_POINT('',(1.175,7.3,9.5));
#3545 = VECTOR('',#3546,1.);
#3546 = DIRECTION('',(-1.,-0.,-0.));
#3547 = ORIENTED_EDGE('',*,*,#3548,.F.);
#3548 = EDGE_CURVE('',#3549,#3541,#3551,.T.);
#3549 = VERTEX_POINT('',#3550);
#3550 = CARTESIAN_POINT('',(2.4,7.3,7.5));
#3551 = LINE('',#3552,#3553);
#3552 = CARTESIAN_POINT('',(2.4,7.3,0.));
#3553 = VECTOR('',#3554,1.);
#3554 = DIRECTION('',(0.,0.,1.));
#3555 = ORIENTED_EDGE('',*,*,#3556,.T.);
#3556 = EDGE_CURVE('',#3549,#3557,#3559,.T.);
#3557 = VERTEX_POINT('',#3558);
#3558 = CARTESIAN_POINT('',(2.492121597166,7.3,7.5));
#3559 = LINE('',#3560,#3561);
#3560 = CARTESIAN_POINT('',(1.175,7.3,7.5));
#3561 = VECTOR('',#3562,1.);
#3562 = DIRECTION('',(1.,0.,0.));
#3563 = ORIENTED_EDGE('',*,*,#3564,.F.);
#3564 = EDGE_CURVE('',#3565,#3557,#3567,.T.);
#3565 = VERTEX_POINT('',#3566);
#3566 = CARTESIAN_POINT('',(2.492121597166,7.3,5.5));
#3567 = LINE('',#3568,#3569);
#3568 = CARTESIAN_POINT('',(2.492121597166,7.3,36.));
#3569 = VECTOR('',#3570,1.);
#3570 = DIRECTION('',(0.,0.,1.));
#3571 = ORIENTED_EDGE('',*,*,#3572,.T.);
#3572 = EDGE_CURVE('',#3565,#3573,#3575,.T.);
#3573 = VERTEX_POINT('',#3574);
#3574 = CARTESIAN_POINT('',(2.4,7.3,5.5));
#3575 = LINE('',#3576,#3577);
#3576 = CARTESIAN_POINT('',(1.175,7.3,5.5));
#3577 = VECTOR('',#3578,1.);
#3578 = DIRECTION('',(-1.,-0.,-0.));
#3579 = ORIENTED_EDGE('',*,*,#3580,.F.);
#3580 = EDGE_CURVE('',#3581,#3573,#3583,.T.);
#3581 = VERTEX_POINT('',#3582);
#3582 = CARTESIAN_POINT('',(2.4,7.3,3.5));
#3583 = LINE('',#3584,#3585);
#3584 = CARTESIAN_POINT('',(2.4,7.3,0.));
#3585 = VECTOR('',#3586,1.);
#3586 = DIRECTION('',(0.,0.,1.));
#3587 = ORIENTED_EDGE('',*,*,#3588,.T.);
#3588 = EDGE_CURVE('',#3581,#3444,#3589,.T.);
#3589 = LINE('',#3590,#3591);
#3590 = CARTESIAN_POINT('',(1.175,7.3,3.5));
#3591 = VECTOR('',#3592,1.);
#3592 = DIRECTION('',(1.,0.,0.));
#3593 = ORIENTED_EDGE('',*,*,#3443,.F.);
#3594 = PLANE('',#3595);
#3595 = AXIS2_PLACEMENT_3D('',#3596,#3597,#3598);
#3596 = CARTESIAN_POINT('',(3.35,7.3,0.));
#3597 = DIRECTION('',(0.,-1.,0.));
#3598 = DIRECTION('',(-1.,0.,0.));
#3599 = ADVANCED_FACE('',(#3600),#3611,.F.);
#3600 = FACE_BOUND('',#3601,.F.);
#3601 = EDGE_LOOP('',(#3602,#3603,#3604,#3610));
#3602 = ORIENTED_EDGE('',*,*,#1463,.F.);
#3603 = ORIENTED_EDGE('',*,*,#2595,.T.);
#3604 = ORIENTED_EDGE('',*,*,#3605,.T.);
#3605 = EDGE_CURVE('',#2587,#3469,#3606,.T.);
#3606 = LINE('',#3607,#3608);
#3607 = CARTESIAN_POINT('',(3.35,5.9,19.2));
#3608 = VECTOR('',#3609,1.);
#3609 = DIRECTION('',(0.,1.,0.));
#3610 = ORIENTED_EDGE('',*,*,#3468,.F.);
#3611 = PLANE('',#3612);
#3612 = AXIS2_PLACEMENT_3D('',#3613,#3614,#3615);
#3613 = CARTESIAN_POINT('',(3.35,5.9,0.));
#3614 = DIRECTION('',(-1.,0.,0.));
#3615 = DIRECTION('',(0.,1.,0.));
#3616 = ADVANCED_FACE('',(#3617),#3651,.F.);
#3617 = FACE_BOUND('',#3618,.F.);
#3618 = EDGE_LOOP('',(#3619,#3627,#3635,#3643,#3649,#3650));
#3619 = ORIENTED_EDGE('',*,*,#3620,.F.);
#3620 = EDGE_CURVE('',#3621,#2364,#3623,.T.);
#3621 = VERTEX_POINT('',#3622);
#3622 = CARTESIAN_POINT('',(14.4,5.9,19.5));
#3623 = LINE('',#3624,#3625);
#3624 = CARTESIAN_POINT('',(11.4,5.9,19.5));
#3625 = VECTOR('',#3626,1.);
#3626 = DIRECTION('',(1.,0.,0.));
#3627 = ORIENTED_EDGE('',*,*,#3628,.F.);
#3628 = EDGE_CURVE('',#3629,#3621,#3631,.T.);
#3629 = VERTEX_POINT('',#3630);
#3630 = CARTESIAN_POINT('',(14.4,5.9,4.));
#3631 = LINE('',#3632,#3633);
#3632 = CARTESIAN_POINT('',(14.4,5.9,4.));
#3633 = VECTOR('',#3634,1.);
#3634 = DIRECTION('',(0.,2.22044604925E-16,1.));
#3635 = ORIENTED_EDGE('',*,*,#3636,.F.);
#3636 = EDGE_CURVE('',#3637,#3629,#3639,.T.);
#3637 = VERTEX_POINT('',#3638);
#3638 = CARTESIAN_POINT('',(11.4,5.9,4.));
#3639 = LINE('',#3640,#3641);
#3640 = CARTESIAN_POINT('',(11.4,5.9,4.));
#3641 = VECTOR('',#3642,1.);
#3642 = DIRECTION('',(1.,0.,0.));
#3643 = ORIENTED_EDGE('',*,*,#3644,.T.);
#3644 = EDGE_CURVE('',#3637,#1489,#3645,.T.);
#3645 = LINE('',#3646,#3647);
#3646 = CARTESIAN_POINT('',(11.4,5.9,18.));
#3647 = VECTOR('',#3648,1.);
#3648 = DIRECTION('',(-0.,-0.,-1.));
#3649 = ORIENTED_EDGE('',*,*,#1496,.T.);
#3650 = ORIENTED_EDGE('',*,*,#2363,.T.);
#3651 = PLANE('',#3652);
#3652 = AXIS2_PLACEMENT_3D('',#3653,#3654,#3655);
#3653 = CARTESIAN_POINT('',(4.4,5.9,36.));
#3654 = DIRECTION('',(0.,-1.,0.));
#3655 = DIRECTION('',(1.,0.,0.));
#3656 = ADVANCED_FACE('',(#3657),#3668,.F.);
#3657 = FACE_BOUND('',#3658,.F.);
#3658 = EDGE_LOOP('',(#3659,#3660,#3661,#3667));
#3659 = ORIENTED_EDGE('',*,*,#1566,.F.);
#3660 = ORIENTED_EDGE('',*,*,#2737,.T.);
#3661 = ORIENTED_EDGE('',*,*,#3662,.T.);
#3662 = EDGE_CURVE('',#2730,#2832,#3663,.T.);
#3663 = LINE('',#3664,#3665);
#3664 = CARTESIAN_POINT('',(11.4,23.956438515081,19.3));
#3665 = VECTOR('',#3666,1.);
#3666 = DIRECTION('',(0.,1.,0.));
#3667 = ORIENTED_EDGE('',*,*,#2831,.F.);
#3668 = PLANE('',#3669);
#3669 = AXIS2_PLACEMENT_3D('',#3670,#3671,#3672);
#3670 = CARTESIAN_POINT('',(11.4,27.8,0.));
#3671 = DIRECTION('',(-1.,0.,0.));
#3672 = DIRECTION('',(0.,1.,0.));
#3673 = ADVANCED_FACE('',(#3674),#3693,.F.);
#3674 = FACE_BOUND('',#3675,.T.);
#3675 = EDGE_LOOP('',(#3676,#3684,#3691,#3692));
#3676 = ORIENTED_EDGE('',*,*,#3677,.T.);
#3677 = EDGE_CURVE('',#1575,#3678,#3680,.T.);
#3678 = VERTEX_POINT('',#3679);
#3679 = CARTESIAN_POINT('',(80.6,3.,3.6));
#3680 = LINE('',#3681,#3682);
#3681 = CARTESIAN_POINT('',(80.6,3.,0.));
#3682 = VECTOR('',#3683,1.);
#3683 = DIRECTION('',(0.,0.,1.));
#3684 = ORIENTED_EDGE('',*,*,#3685,.T.);
#3685 = EDGE_CURVE('',#3678,#3678,#3686,.T.);
#3686 = CIRCLE('',#3687,1.5);
#3687 = AXIS2_PLACEMENT_3D('',#3688,#3689,#3690);
#3688 = CARTESIAN_POINT('',(79.1,3.,3.6));
#3689 = DIRECTION('',(0.,0.,1.));
#3690 = DIRECTION('',(1.,0.,0.));
#3691 = ORIENTED_EDGE('',*,*,#3677,.F.);
#3692 = ORIENTED_EDGE('',*,*,#1574,.F.);
#3693 = CYLINDRICAL_SURFACE('',#3694,1.5);
#3694 = AXIS2_PLACEMENT_3D('',#3695,#3696,#3697);
#3695 = CARTESIAN_POINT('',(79.1,3.,0.));
#3696 = DIRECTION('',(-0.,-0.,-1.));
#3697 = DIRECTION('',(1.,0.,0.));
#3698 = ADVANCED_FACE('',(#3699),#3718,.F.);
#3699 = FACE_BOUND('',#3700,.T.);
#3700 = EDGE_LOOP('',(#3701,#3709,#3716,#3717));
#3701 = ORIENTED_EDGE('',*,*,#3702,.T.);
#3702 = EDGE_CURVE('',#1586,#3703,#3705,.T.);
#3703 = VERTEX_POINT('',#3704);
#3704 = CARTESIAN_POINT('',(8.4,3.,3.6));
#3705 = LINE('',#3706,#3707);
#3706 = CARTESIAN_POINT('',(8.4,3.,0.));
#3707 = VECTOR('',#3708,1.);
#3708 = DIRECTION('',(0.,0.,1.));
#3709 = ORIENTED_EDGE('',*,*,#3710,.T.);
#3710 = EDGE_CURVE('',#3703,#3703,#3711,.T.);
#3711 = CIRCLE('',#3712,1.5);
#3712 = AXIS2_PLACEMENT_3D('',#3713,#3714,#3715);
#3713 = CARTESIAN_POINT('',(6.9,3.,3.6));
#3714 = DIRECTION('',(0.,0.,1.));
#3715 = DIRECTION('',(1.,0.,0.));
#3716 = ORIENTED_EDGE('',*,*,#3702,.F.);
#3717 = ORIENTED_EDGE('',*,*,#1585,.F.);
#3718 = CYLINDRICAL_SURFACE('',#3719,1.5);
#3719 = AXIS2_PLACEMENT_3D('',#3720,#3721,#3722);
#3720 = CARTESIAN_POINT('',(6.9,3.,0.));
#3721 = DIRECTION('',(-0.,-0.,-1.));
#3722 = DIRECTION('',(1.,0.,0.));
#3723 = ADVANCED_FACE('',(#3724),#3743,.F.);
#3724 = FACE_BOUND('',#3725,.T.);
#3725 = EDGE_LOOP('',(#3726,#3734,#3741,#3742));
#3726 = ORIENTED_EDGE('',*,*,#3727,.T.);
#3727 = EDGE_CURVE('',#1597,#3728,#3730,.T.);
#3728 = VERTEX_POINT('',#3729);
#3729 = CARTESIAN_POINT('',(80.6,30.8,3.6));
#3730 = LINE('',#3731,#3732);
#3731 = CARTESIAN_POINT('',(80.6,30.8,0.));
#3732 = VECTOR('',#3733,1.);
#3733 = DIRECTION('',(0.,0.,1.));
#3734 = ORIENTED_EDGE('',*,*,#3735,.T.);
#3735 = EDGE_CURVE('',#3728,#3728,#3736,.T.);
#3736 = CIRCLE('',#3737,1.5);
#3737 = AXIS2_PLACEMENT_3D('',#3738,#3739,#3740);
#3738 = CARTESIAN_POINT('',(79.1,30.8,3.6));
#3739 = DIRECTION('',(0.,0.,1.));
#3740 = DIRECTION('',(1.,0.,0.));
#3741 = ORIENTED_EDGE('',*,*,#3727,.F.);
#3742 = ORIENTED_EDGE('',*,*,#1596,.F.);
#3743 = CYLINDRICAL_SURFACE('',#3744,1.5);
#3744 = AXIS2_PLACEMENT_3D('',#3745,#3746,#3747);
#3745 = CARTESIAN_POINT('',(79.1,30.8,0.));
#3746 = DIRECTION('',(-0.,-0.,-1.));
#3747 = DIRECTION('',(1.,0.,0.));
#3748 = ADVANCED_FACE('',(#3749),#3768,.F.);
#3749 = FACE_BOUND('',#3750,.T.);
#3750 = EDGE_LOOP('',(#3751,#3759,#3766,#3767));
#3751 = ORIENTED_EDGE('',*,*,#3752,.T.);
#3752 = EDGE_CURVE('',#1608,#3753,#3755,.T.);
#3753 = VERTEX_POINT('',#3754);
#3754 = CARTESIAN_POINT('',(8.4,30.8,3.6));
#3755 = LINE('',#3756,#3757);
#3756 = CARTESIAN_POINT('',(8.4,30.8,0.));
#3757 = VECTOR('',#3758,1.);
#3758 = DIRECTION('',(0.,0.,1.));
#3759 = ORIENTED_EDGE('',*,*,#3760,.T.);
#3760 = EDGE_CURVE('',#3753,#3753,#3761,.T.);
#3761 = CIRCLE('',#3762,1.5);
#3762 = AXIS2_PLACEMENT_3D('',#3763,#3764,#3765);
#3763 = CARTESIAN_POINT('',(6.9,30.8,3.6));
#3764 = DIRECTION('',(0.,0.,1.));
#3765 = DIRECTION('',(1.,0.,0.));
#3766 = ORIENTED_EDGE('',*,*,#3752,.F.);
#3767 = ORIENTED_EDGE('',*,*,#1607,.F.);
#3768 = CYLINDRICAL_SURFACE('',#3769,1.5);
#3769 = AXIS2_PLACEMENT_3D('',#3770,#3771,#3772);
#3770 = CARTESIAN_POINT('',(6.9,30.8,0.));
#3771 = DIRECTION('',(-0.,-0.,-1.));
#3772 = DIRECTION('',(1.,0.,0.));
#3773 = ADVANCED_FACE('',(#3774),#3790,.T.);
#3774 = FACE_BOUND('',#3775,.T.);
#3775 = EDGE_LOOP('',(#3776,#3777,#3783,#3784));
#3776 = ORIENTED_EDGE('',*,*,#2068,.T.);
#3777 = ORIENTED_EDGE('',*,*,#3778,.T.);
#3778 = EDGE_CURVE('',#2071,#2686,#3779,.T.);
#3779 = LINE('',#3780,#3781);
#3780 = CARTESIAN_POINT('',(-1.,26.49,15.15));
#3781 = VECTOR('',#3782,1.);
#3782 = DIRECTION('',(1.,0.,0.));
#3783 = ORIENTED_EDGE('',*,*,#2694,.T.);
#3784 = ORIENTED_EDGE('',*,*,#3785,.F.);
#3785 = EDGE_CURVE('',#2069,#2695,#3786,.T.);
#3786 = LINE('',#3787,#3788);
#3787 = CARTESIAN_POINT('',(-1.,26.49,34.2));
#3788 = VECTOR('',#3789,1.);
#3789 = DIRECTION('',(1.,0.,0.));
#3790 = PLANE('',#3791);
#3791 = AXIS2_PLACEMENT_3D('',#3792,#3793,#3794);
#3792 = CARTESIAN_POINT('',(-1.,26.49,15.15));
#3793 = DIRECTION('',(0.,-1.,0.));
#3794 = DIRECTION('',(0.,0.,1.));
#3795 = ADVANCED_FACE('',(#3796),#3809,.T.);
#3796 = FACE_BOUND('',#3797,.T.);
#3797 = EDGE_LOOP('',(#3798,#3799,#3800,#3801,#3802,#3803));
#3798 = ORIENTED_EDGE('',*,*,#2094,.T.);
#3799 = ORIENTED_EDGE('',*,*,#3785,.T.);
#3800 = ORIENTED_EDGE('',*,*,#2702,.T.);
#3801 = ORIENTED_EDGE('',*,*,#2620,.T.);
#3802 = ORIENTED_EDGE('',*,*,#2569,.T.);
#3803 = ORIENTED_EDGE('',*,*,#3804,.F.);
#3804 = EDGE_CURVE('',#2087,#2570,#3805,.T.);
#3805 = LINE('',#3806,#3807);
#3806 = CARTESIAN_POINT('',(-1.,7.18,34.2));
#3807 = VECTOR('',#3808,1.);
#3808 = DIRECTION('',(1.,0.,0.));
#3809 = PLANE('',#3810);
#3810 = AXIS2_PLACEMENT_3D('',#3811,#3812,#3813);
#3811 = CARTESIAN_POINT('',(-1.,26.49,34.2));
#3812 = DIRECTION('',(0.,0.,-1.));
#3813 = DIRECTION('',(0.,-1.,0.));
#3814 = ADVANCED_FACE('',(#3815),#3850,.T.);
#3815 = FACE_BOUND('',#3816,.T.);
#3816 = EDGE_LOOP('',(#3817,#3818,#3819,#3827,#3833,#3834,#3843,#3849));
#3817 = ORIENTED_EDGE('',*,*,#3778,.F.);
#3818 = ORIENTED_EDGE('',*,*,#2078,.T.);
#3819 = ORIENTED_EDGE('',*,*,#3820,.T.);
#3820 = EDGE_CURVE('',#2079,#3821,#3823,.T.);
#3821 = VERTEX_POINT('',#3822);
#3822 = CARTESIAN_POINT('',(2.4,7.18,15.15));
#3823 = LINE('',#3824,#3825);
#3824 = CARTESIAN_POINT('',(-1.,7.18,15.15));
#3825 = VECTOR('',#3826,1.);
#3826 = DIRECTION('',(1.,0.,0.));
#3827 = ORIENTED_EDGE('',*,*,#3828,.T.);
#3828 = EDGE_CURVE('',#3821,#3485,#3829,.T.);
#3829 = LINE('',#3830,#3831);
#3830 = CARTESIAN_POINT('',(2.4,7.24,15.15));
#3831 = VECTOR('',#3832,1.);
#3832 = DIRECTION('',(0.,1.,0.));
#3833 = ORIENTED_EDGE('',*,*,#3492,.T.);
#3834 = ORIENTED_EDGE('',*,*,#3835,.F.);
#3835 = EDGE_CURVE('',#3836,#3493,#3838,.T.);
#3836 = VERTEX_POINT('',#3837);
#3837 = CARTESIAN_POINT('',(2.4,7.9,15.15));
#3838 = CIRCLE('',#3839,2.);
#3839 = AXIS2_PLACEMENT_3D('',#3840,#3841,#3842);
#3840 = CARTESIAN_POINT('',(4.4,7.9,15.15));
#3841 = DIRECTION('',(0.,0.,1.));
#3842 = DIRECTION('',(1.,0.,0.));
#3843 = ORIENTED_EDGE('',*,*,#3844,.T.);
#3844 = EDGE_CURVE('',#3836,#2678,#3845,.T.);
#3845 = LINE('',#3846,#3847);
#3846 = CARTESIAN_POINT('',(2.4,16.54,15.15));
#3847 = VECTOR('',#3848,1.);
#3848 = DIRECTION('',(0.,1.,0.));
#3849 = ORIENTED_EDGE('',*,*,#2685,.F.);
#3850 = PLANE('',#3851);
#3851 = AXIS2_PLACEMENT_3D('',#3852,#3853,#3854);
#3852 = CARTESIAN_POINT('',(-1.,7.18,15.15));
#3853 = DIRECTION('',(0.,0.,1.));
#3854 = DIRECTION('',(0.,1.,0.));
#3855 = ADVANCED_FACE('',(#3856),#3876,.T.);
#3856 = FACE_BOUND('',#3857,.T.);
#3857 = EDGE_LOOP('',(#3858,#3859,#3860,#3861,#3862,#3870));
#3858 = ORIENTED_EDGE('',*,*,#3820,.F.);
#3859 = ORIENTED_EDGE('',*,*,#2086,.T.);
#3860 = ORIENTED_EDGE('',*,*,#3804,.T.);
#3861 = ORIENTED_EDGE('',*,*,#2578,.F.);
#3862 = ORIENTED_EDGE('',*,*,#3863,.F.);
#3863 = EDGE_CURVE('',#3864,#2579,#3866,.T.);
#3864 = VERTEX_POINT('',#3865);
#3865 = CARTESIAN_POINT('',(2.4,7.18,19.2));
#3866 = LINE('',#3867,#3868);
#3867 = CARTESIAN_POINT('',(0.9375,7.18,19.2));
#3868 = VECTOR('',#3869,1.);
#3869 = DIRECTION('',(1.,0.,0.));
#3870 = ORIENTED_EDGE('',*,*,#3871,.T.);
#3871 = EDGE_CURVE('',#3864,#3821,#3872,.T.);
#3872 = LINE('',#3873,#3874);
#3873 = CARTESIAN_POINT('',(2.4,7.18,17.1));
#3874 = VECTOR('',#3875,1.);
#3875 = DIRECTION('',(0.,0.,-1.));
#3876 = PLANE('',#3877);
#3877 = AXIS2_PLACEMENT_3D('',#3878,#3879,#3880);
#3878 = CARTESIAN_POINT('',(-1.,7.18,34.2));
#3879 = DIRECTION('',(0.,1.,0.));
#3880 = DIRECTION('',(0.,0.,-1.));
#3881 = ADVANCED_FACE('',(#3882),#3907,.T.);
#3882 = FACE_BOUND('',#3883,.T.);
#3883 = EDGE_LOOP('',(#3884,#3892,#3893,#3901));
#3884 = ORIENTED_EDGE('',*,*,#3885,.F.);
#3885 = EDGE_CURVE('',#2103,#3886,#3888,.T.);
#3886 = VERTEX_POINT('',#3887);
#3887 = CARTESIAN_POINT('',(2.4,26.9,13.5));
#3888 = LINE('',#3889,#3890);
#3889 = CARTESIAN_POINT('',(-1.,26.9,13.5));
#3890 = VECTOR('',#3891,1.);
#3891 = DIRECTION('',(1.,0.,0.));
#3892 = ORIENTED_EDGE('',*,*,#2102,.T.);
#3893 = ORIENTED_EDGE('',*,*,#3894,.T.);
#3894 = EDGE_CURVE('',#2105,#3895,#3897,.T.);
#3895 = VERTEX_POINT('',#3896);
#3896 = CARTESIAN_POINT('',(2.4,26.9,11.5));
#3897 = LINE('',#3898,#3899);
#3898 = CARTESIAN_POINT('',(-1.,26.9,11.5));
#3899 = VECTOR('',#3900,1.);
#3900 = DIRECTION('',(1.,0.,0.));
#3901 = ORIENTED_EDGE('',*,*,#3902,.T.);
#3902 = EDGE_CURVE('',#3895,#3886,#3903,.T.);
#3903 = LINE('',#3904,#3905);
#3904 = CARTESIAN_POINT('',(2.4,26.9,5.75));
#3905 = VECTOR('',#3906,1.);
#3906 = DIRECTION('',(0.,0.,1.));
#3907 = PLANE('',#3908);
#3908 = AXIS2_PLACEMENT_3D('',#3909,#3910,#3911);
#3909 = CARTESIAN_POINT('',(-1.,26.9,11.5));
#3910 = DIRECTION('',(0.,-1.,0.));
#3911 = DIRECTION('',(0.,0.,1.));
#3912 = ADVANCED_FACE('',(#3913),#3955,.T.);
#3913 = FACE_BOUND('',#3914,.T.);
#3914 = EDGE_LOOP('',(#3915,#3923,#3924,#3925,#3931,#3932,#3933,#3941,
    #3948,#3949));
#3915 = ORIENTED_EDGE('',*,*,#3916,.F.);
#3916 = EDGE_CURVE('',#2121,#3917,#3919,.T.);
#3917 = VERTEX_POINT('',#3918);
#3918 = CARTESIAN_POINT('',(2.4,6.9,13.5));
#3919 = LINE('',#3920,#3921);
#3920 = CARTESIAN_POINT('',(-1.,6.9,13.5));
#3921 = VECTOR('',#3922,1.);
#3922 = DIRECTION('',(1.,0.,0.));
#3923 = ORIENTED_EDGE('',*,*,#2128,.T.);
#3924 = ORIENTED_EDGE('',*,*,#3885,.T.);
#3925 = ORIENTED_EDGE('',*,*,#3926,.T.);
#3926 = EDGE_CURVE('',#3886,#3357,#3927,.T.);
#3927 = LINE('',#3928,#3929);
#3928 = CARTESIAN_POINT('',(2.4,27.4,13.5));
#3929 = VECTOR('',#3930,1.);
#3930 = DIRECTION('',(0.,-1.,0.));
#3931 = ORIENTED_EDGE('',*,*,#3364,.T.);
#3932 = ORIENTED_EDGE('',*,*,#2668,.T.);
#3933 = ORIENTED_EDGE('',*,*,#3934,.T.);
#3934 = EDGE_CURVE('',#2669,#3935,#3937,.T.);
#3935 = VERTEX_POINT('',#3936);
#3936 = CARTESIAN_POINT('',(2.4,7.9,13.5));
#3937 = LINE('',#3938,#3939);
#3938 = CARTESIAN_POINT('',(2.4,26.4,13.5));
#3939 = VECTOR('',#3940,1.);
#3940 = DIRECTION('',(-0.,-1.,-0.));
#3941 = ORIENTED_EDGE('',*,*,#3942,.T.);
#3942 = EDGE_CURVE('',#3935,#3501,#3943,.T.);
#3943 = CIRCLE('',#3944,2.);
#3944 = AXIS2_PLACEMENT_3D('',#3945,#3946,#3947);
#3945 = CARTESIAN_POINT('',(4.4,7.9,13.5));
#3946 = DIRECTION('',(0.,0.,1.));
#3947 = DIRECTION('',(1.,0.,0.));
#3948 = ORIENTED_EDGE('',*,*,#3508,.T.);
#3949 = ORIENTED_EDGE('',*,*,#3950,.T.);
#3950 = EDGE_CURVE('',#3509,#3917,#3951,.T.);
#3951 = LINE('',#3952,#3953);
#3952 = CARTESIAN_POINT('',(2.4,17.1,13.5));
#3953 = VECTOR('',#3954,1.);
#3954 = DIRECTION('',(0.,-1.,0.));
#3955 = PLANE('',#3956);
#3956 = AXIS2_PLACEMENT_3D('',#3957,#3958,#3959);
#3957 = CARTESIAN_POINT('',(-1.,26.9,13.5));
#3958 = DIRECTION('',(0.,0.,-1.));
#3959 = DIRECTION('',(0.,-1.,0.));
#3960 = ADVANCED_FACE('',(#3961),#3979,.T.);
#3961 = FACE_BOUND('',#3962,.T.);
#3962 = EDGE_LOOP('',(#3963,#3971,#3972,#3973));
#3963 = ORIENTED_EDGE('',*,*,#3964,.F.);
#3964 = EDGE_CURVE('',#2113,#3965,#3967,.T.);
#3965 = VERTEX_POINT('',#3966);
#3966 = CARTESIAN_POINT('',(2.4,6.9,11.5));
#3967 = LINE('',#3968,#3969);
#3968 = CARTESIAN_POINT('',(-1.,6.9,11.5));
#3969 = VECTOR('',#3970,1.);
#3970 = DIRECTION('',(1.,0.,0.));
#3971 = ORIENTED_EDGE('',*,*,#2120,.T.);
#3972 = ORIENTED_EDGE('',*,*,#3916,.T.);
#3973 = ORIENTED_EDGE('',*,*,#3974,.T.);
#3974 = EDGE_CURVE('',#3917,#3965,#3975,.T.);
#3975 = LINE('',#3976,#3977);
#3976 = CARTESIAN_POINT('',(2.4,6.9,6.75));
#3977 = VECTOR('',#3978,1.);
#3978 = DIRECTION('',(0.,0.,-1.));
#3979 = PLANE('',#3980);
#3980 = AXIS2_PLACEMENT_3D('',#3981,#3982,#3983);
#3981 = CARTESIAN_POINT('',(-1.,6.9,13.5));
#3982 = DIRECTION('',(0.,1.,0.));
#3983 = DIRECTION('',(0.,0.,-1.));
#3984 = ADVANCED_FACE('',(#3985),#4028,.T.);
#3985 = FACE_BOUND('',#3986,.T.);
#3986 = EDGE_LOOP('',(#3987,#3988,#3989,#3990,#3996,#3997,#4006,#4014,
    #4021,#4022));
#3987 = ORIENTED_EDGE('',*,*,#3894,.F.);
#3988 = ORIENTED_EDGE('',*,*,#2112,.T.);
#3989 = ORIENTED_EDGE('',*,*,#3964,.T.);
#3990 = ORIENTED_EDGE('',*,*,#3991,.T.);
#3991 = EDGE_CURVE('',#3965,#3517,#3992,.T.);
#3992 = LINE('',#3993,#3994);
#3993 = CARTESIAN_POINT('',(2.4,7.1,11.5));
#3994 = VECTOR('',#3995,1.);
#3995 = DIRECTION('',(0.,1.,0.));
#3996 = ORIENTED_EDGE('',*,*,#3524,.T.);
#3997 = ORIENTED_EDGE('',*,*,#3998,.F.);
#3998 = EDGE_CURVE('',#3999,#3525,#4001,.T.);
#3999 = VERTEX_POINT('',#4000);
#4000 = CARTESIAN_POINT('',(2.4,7.9,11.5));
#4001 = CIRCLE('',#4002,2.);
#4002 = AXIS2_PLACEMENT_3D('',#4003,#4004,#4005);
#4003 = CARTESIAN_POINT('',(4.4,7.9,11.5));
#4004 = DIRECTION('',(0.,0.,1.));
#4005 = DIRECTION('',(1.,0.,0.));
#4006 = ORIENTED_EDGE('',*,*,#4007,.T.);
#4007 = EDGE_CURVE('',#3999,#4008,#4010,.T.);
#4008 = VERTEX_POINT('',#4009);
#4009 = CARTESIAN_POINT('',(2.4,25.9,11.5));
#4010 = LINE('',#4011,#4012);
#4011 = CARTESIAN_POINT('',(2.4,16.4,11.5));
#4012 = VECTOR('',#4013,1.);
#4013 = DIRECTION('',(0.,1.,0.));
#4014 = ORIENTED_EDGE('',*,*,#4015,.F.);
#4015 = EDGE_CURVE('',#3341,#4008,#4016,.T.);
#4016 = CIRCLE('',#4017,2.);
#4017 = AXIS2_PLACEMENT_3D('',#4018,#4019,#4020);
#4018 = CARTESIAN_POINT('',(4.4,25.9,11.5));
#4019 = DIRECTION('',(0.,0.,1.));
#4020 = DIRECTION('',(1.,0.,0.));
#4021 = ORIENTED_EDGE('',*,*,#3348,.T.);
#4022 = ORIENTED_EDGE('',*,*,#4023,.T.);
#4023 = EDGE_CURVE('',#3349,#3895,#4024,.T.);
#4024 = LINE('',#4025,#4026);
#4025 = CARTESIAN_POINT('',(2.4,17.4,11.5));
#4026 = VECTOR('',#4027,1.);
#4027 = DIRECTION('',(0.,1.,0.));
#4028 = PLANE('',#4029);
#4029 = AXIS2_PLACEMENT_3D('',#4030,#4031,#4032);
#4030 = CARTESIAN_POINT('',(-1.,6.9,11.5));
#4031 = DIRECTION('',(0.,0.,1.));
#4032 = DIRECTION('',(0.,1.,0.));
#4033 = ADVANCED_FACE('',(#4034),#4059,.T.);
#4034 = FACE_BOUND('',#4035,.T.);
#4035 = EDGE_LOOP('',(#4036,#4044,#4045,#4053));
#4036 = ORIENTED_EDGE('',*,*,#4037,.F.);
#4037 = EDGE_CURVE('',#2137,#4038,#4040,.T.);
#4038 = VERTEX_POINT('',#4039);
#4039 = CARTESIAN_POINT('',(2.4,26.9,9.5));
#4040 = LINE('',#4041,#4042);
#4041 = CARTESIAN_POINT('',(-1.,26.9,9.5));
#4042 = VECTOR('',#4043,1.);
#4043 = DIRECTION('',(1.,0.,0.));
#4044 = ORIENTED_EDGE('',*,*,#2136,.T.);
#4045 = ORIENTED_EDGE('',*,*,#4046,.T.);
#4046 = EDGE_CURVE('',#2139,#4047,#4049,.T.);
#4047 = VERTEX_POINT('',#4048);
#4048 = CARTESIAN_POINT('',(2.4,26.9,7.5));
#4049 = LINE('',#4050,#4051);
#4050 = CARTESIAN_POINT('',(-1.,26.9,7.5));
#4051 = VECTOR('',#4052,1.);
#4052 = DIRECTION('',(1.,0.,0.));
#4053 = ORIENTED_EDGE('',*,*,#4054,.T.);
#4054 = EDGE_CURVE('',#4047,#4038,#4055,.T.);
#4055 = LINE('',#4056,#4057);
#4056 = CARTESIAN_POINT('',(2.4,26.9,3.75));
#4057 = VECTOR('',#4058,1.);
#4058 = DIRECTION('',(0.,0.,1.));
#4059 = PLANE('',#4060);
#4060 = AXIS2_PLACEMENT_3D('',#4061,#4062,#4063);
#4061 = CARTESIAN_POINT('',(-1.,26.9,7.5));
#4062 = DIRECTION('',(0.,-1.,0.));
#4063 = DIRECTION('',(0.,0.,1.));
#4064 = ADVANCED_FACE('',(#4065),#4115,.T.);
#4065 = FACE_BOUND('',#4066,.T.);
#4066 = EDGE_LOOP('',(#4067,#4075,#4076,#4077,#4083,#4084,#4093,#4101,
    #4108,#4109));
#4067 = ORIENTED_EDGE('',*,*,#4068,.F.);
#4068 = EDGE_CURVE('',#2155,#4069,#4071,.T.);
#4069 = VERTEX_POINT('',#4070);
#4070 = CARTESIAN_POINT('',(2.4,6.9,9.5));
#4071 = LINE('',#4072,#4073);
#4072 = CARTESIAN_POINT('',(-1.,6.9,9.5));
#4073 = VECTOR('',#4074,1.);
#4074 = DIRECTION('',(1.,0.,0.));
#4075 = ORIENTED_EDGE('',*,*,#2162,.T.);
#4076 = ORIENTED_EDGE('',*,*,#4037,.T.);
#4077 = ORIENTED_EDGE('',*,*,#4078,.T.);
#4078 = EDGE_CURVE('',#4038,#3325,#4079,.T.);
#4079 = LINE('',#4080,#4081);
#4080 = CARTESIAN_POINT('',(2.4,27.4,9.5));
#4081 = VECTOR('',#4082,1.);
#4082 = DIRECTION('',(0.,-1.,0.));
#4083 = ORIENTED_EDGE('',*,*,#3332,.T.);
#4084 = ORIENTED_EDGE('',*,*,#4085,.T.);
#4085 = EDGE_CURVE('',#3333,#4086,#4088,.T.);
#4086 = VERTEX_POINT('',#4087);
#4087 = CARTESIAN_POINT('',(2.4,25.9,9.5));
#4088 = CIRCLE('',#4089,2.);
#4089 = AXIS2_PLACEMENT_3D('',#4090,#4091,#4092);
#4090 = CARTESIAN_POINT('',(4.4,25.9,9.5));
#4091 = DIRECTION('',(0.,0.,1.));
#4092 = DIRECTION('',(1.,0.,0.));
#4093 = ORIENTED_EDGE('',*,*,#4094,.T.);
#4094 = EDGE_CURVE('',#4086,#4095,#4097,.T.);
#4095 = VERTEX_POINT('',#4096);
#4096 = CARTESIAN_POINT('',(2.4,7.9,9.5));
#4097 = LINE('',#4098,#4099);
#4098 = CARTESIAN_POINT('',(2.4,26.4,9.5));
#4099 = VECTOR('',#4100,1.);
#4100 = DIRECTION('',(-0.,-1.,-0.));
#4101 = ORIENTED_EDGE('',*,*,#4102,.T.);
#4102 = EDGE_CURVE('',#4095,#3533,#4103,.T.);
#4103 = CIRCLE('',#4104,2.);
#4104 = AXIS2_PLACEMENT_3D('',#4105,#4106,#4107);
#4105 = CARTESIAN_POINT('',(4.4,7.9,9.5));
#4106 = DIRECTION('',(0.,0.,1.));
#4107 = DIRECTION('',(1.,0.,0.));
#4108 = ORIENTED_EDGE('',*,*,#3540,.T.);
#4109 = ORIENTED_EDGE('',*,*,#4110,.T.);
#4110 = EDGE_CURVE('',#3541,#4069,#4111,.T.);
#4111 = LINE('',#4112,#4113);
#4112 = CARTESIAN_POINT('',(2.4,17.1,9.5));
#4113 = VECTOR('',#4114,1.);
#4114 = DIRECTION('',(0.,-1.,0.));
#4115 = PLANE('',#4116);
#4116 = AXIS2_PLACEMENT_3D('',#4117,#4118,#4119);
#4117 = CARTESIAN_POINT('',(-1.,26.9,9.5));
#4118 = DIRECTION('',(0.,0.,-1.));
#4119 = DIRECTION('',(0.,-1.,0.));
#4120 = ADVANCED_FACE('',(#4121),#4139,.T.);
#4121 = FACE_BOUND('',#4122,.T.);
#4122 = EDGE_LOOP('',(#4123,#4131,#4132,#4133));
#4123 = ORIENTED_EDGE('',*,*,#4124,.F.);
#4124 = EDGE_CURVE('',#2147,#4125,#4127,.T.);
#4125 = VERTEX_POINT('',#4126);
#4126 = CARTESIAN_POINT('',(2.4,6.9,7.5));
#4127 = LINE('',#4128,#4129);
#4128 = CARTESIAN_POINT('',(-1.,6.9,7.5));
#4129 = VECTOR('',#4130,1.);
#4130 = DIRECTION('',(1.,0.,0.));
#4131 = ORIENTED_EDGE('',*,*,#2154,.T.);
#4132 = ORIENTED_EDGE('',*,*,#4068,.T.);
#4133 = ORIENTED_EDGE('',*,*,#4134,.T.);
#4134 = EDGE_CURVE('',#4069,#4125,#4135,.T.);
#4135 = LINE('',#4136,#4137);
#4136 = CARTESIAN_POINT('',(2.4,6.9,4.75));
#4137 = VECTOR('',#4138,1.);
#4138 = DIRECTION('',(0.,0.,-1.));
#4139 = PLANE('',#4140);
#4140 = AXIS2_PLACEMENT_3D('',#4141,#4142,#4143);
#4141 = CARTESIAN_POINT('',(-1.,6.9,9.5));
#4142 = DIRECTION('',(0.,1.,0.));
#4143 = DIRECTION('',(0.,0.,-1.));
#4144 = ADVANCED_FACE('',(#4145),#4188,.T.);
#4145 = FACE_BOUND('',#4146,.T.);
#4146 = EDGE_LOOP('',(#4147,#4148,#4149,#4150,#4156,#4157,#4166,#4174,
    #4181,#4182));
#4147 = ORIENTED_EDGE('',*,*,#4046,.F.);
#4148 = ORIENTED_EDGE('',*,*,#2146,.T.);
#4149 = ORIENTED_EDGE('',*,*,#4124,.T.);
#4150 = ORIENTED_EDGE('',*,*,#4151,.T.);
#4151 = EDGE_CURVE('',#4125,#3549,#4152,.T.);
#4152 = LINE('',#4153,#4154);
#4153 = CARTESIAN_POINT('',(2.4,7.1,7.5));
#4154 = VECTOR('',#4155,1.);
#4155 = DIRECTION('',(0.,1.,0.));
#4156 = ORIENTED_EDGE('',*,*,#3556,.T.);
#4157 = ORIENTED_EDGE('',*,*,#4158,.F.);
#4158 = EDGE_CURVE('',#4159,#3557,#4161,.T.);
#4159 = VERTEX_POINT('',#4160);
#4160 = CARTESIAN_POINT('',(2.4,7.9,7.5));
#4161 = CIRCLE('',#4162,2.);
#4162 = AXIS2_PLACEMENT_3D('',#4163,#4164,#4165);
#4163 = CARTESIAN_POINT('',(4.4,7.9,7.5));
#4164 = DIRECTION('',(0.,0.,1.));
#4165 = DIRECTION('',(1.,0.,0.));
#4166 = ORIENTED_EDGE('',*,*,#4167,.T.);
#4167 = EDGE_CURVE('',#4159,#4168,#4170,.T.);
#4168 = VERTEX_POINT('',#4169);
#4169 = CARTESIAN_POINT('',(2.4,25.9,7.5));
#4170 = LINE('',#4171,#4172);
#4171 = CARTESIAN_POINT('',(2.4,16.4,7.5));
#4172 = VECTOR('',#4173,1.);
#4173 = DIRECTION('',(0.,1.,0.));
#4174 = ORIENTED_EDGE('',*,*,#4175,.F.);
#4175 = EDGE_CURVE('',#3309,#4168,#4176,.T.);
#4176 = CIRCLE('',#4177,2.);
#4177 = AXIS2_PLACEMENT_3D('',#4178,#4179,#4180);
#4178 = CARTESIAN_POINT('',(4.4,25.9,7.5));
#4179 = DIRECTION('',(0.,0.,1.));
#4180 = DIRECTION('',(1.,0.,0.));
#4181 = ORIENTED_EDGE('',*,*,#3316,.T.);
#4182 = ORIENTED_EDGE('',*,*,#4183,.T.);
#4183 = EDGE_CURVE('',#3317,#4047,#4184,.T.);
#4184 = LINE('',#4185,#4186);
#4185 = CARTESIAN_POINT('',(2.4,17.4,7.5));
#4186 = VECTOR('',#4187,1.);
#4187 = DIRECTION('',(0.,1.,0.));
#4188 = PLANE('',#4189);
#4189 = AXIS2_PLACEMENT_3D('',#4190,#4191,#4192);
#4190 = CARTESIAN_POINT('',(-1.,6.9,7.5));
#4191 = DIRECTION('',(0.,0.,1.));
#4192 = DIRECTION('',(0.,1.,0.));
#4193 = ADVANCED_FACE('',(#4194),#4219,.T.);
#4194 = FACE_BOUND('',#4195,.T.);
#4195 = EDGE_LOOP('',(#4196,#4204,#4205,#4213));
#4196 = ORIENTED_EDGE('',*,*,#4197,.F.);
#4197 = EDGE_CURVE('',#2171,#4198,#4200,.T.);
#4198 = VERTEX_POINT('',#4199);
#4199 = CARTESIAN_POINT('',(2.4,26.9,5.5));
#4200 = LINE('',#4201,#4202);
#4201 = CARTESIAN_POINT('',(-1.,26.9,5.5));
#4202 = VECTOR('',#4203,1.);
#4203 = DIRECTION('',(1.,0.,0.));
#4204 = ORIENTED_EDGE('',*,*,#2170,.T.);
#4205 = ORIENTED_EDGE('',*,*,#4206,.T.);
#4206 = EDGE_CURVE('',#2173,#4207,#4209,.T.);
#4207 = VERTEX_POINT('',#4208);
#4208 = CARTESIAN_POINT('',(2.4,26.9,3.5));
#4209 = LINE('',#4210,#4211);
#4210 = CARTESIAN_POINT('',(-1.,26.9,3.5));
#4211 = VECTOR('',#4212,1.);
#4212 = DIRECTION('',(1.,0.,0.));
#4213 = ORIENTED_EDGE('',*,*,#4214,.T.);
#4214 = EDGE_CURVE('',#4207,#4198,#4215,.T.);
#4215 = LINE('',#4216,#4217);
#4216 = CARTESIAN_POINT('',(2.4,26.9,1.75));
#4217 = VECTOR('',#4218,1.);
#4218 = DIRECTION('',(0.,0.,1.));
#4219 = PLANE('',#4220);
#4220 = AXIS2_PLACEMENT_3D('',#4221,#4222,#4223);
#4221 = CARTESIAN_POINT('',(-1.,26.9,3.5));
#4222 = DIRECTION('',(0.,-1.,0.));
#4223 = DIRECTION('',(0.,0.,1.));
#4224 = ADVANCED_FACE('',(#4225),#4275,.T.);
#4225 = FACE_BOUND('',#4226,.T.);
#4226 = EDGE_LOOP('',(#4227,#4235,#4236,#4237,#4243,#4244,#4253,#4261,
    #4268,#4269));
#4227 = ORIENTED_EDGE('',*,*,#4228,.F.);
#4228 = EDGE_CURVE('',#2189,#4229,#4231,.T.);
#4229 = VERTEX_POINT('',#4230);
#4230 = CARTESIAN_POINT('',(2.4,6.9,5.5));
#4231 = LINE('',#4232,#4233);
#4232 = CARTESIAN_POINT('',(-1.,6.9,5.5));
#4233 = VECTOR('',#4234,1.);
#4234 = DIRECTION('',(1.,0.,0.));
#4235 = ORIENTED_EDGE('',*,*,#2196,.T.);
#4236 = ORIENTED_EDGE('',*,*,#4197,.T.);
#4237 = ORIENTED_EDGE('',*,*,#4238,.T.);
#4238 = EDGE_CURVE('',#4198,#3293,#4239,.T.);
#4239 = LINE('',#4240,#4241);
#4240 = CARTESIAN_POINT('',(2.4,27.4,5.5));
#4241 = VECTOR('',#4242,1.);
#4242 = DIRECTION('',(0.,-1.,0.));
#4243 = ORIENTED_EDGE('',*,*,#3300,.T.);
#4244 = ORIENTED_EDGE('',*,*,#4245,.T.);
#4245 = EDGE_CURVE('',#3301,#4246,#4248,.T.);
#4246 = VERTEX_POINT('',#4247);
#4247 = CARTESIAN_POINT('',(2.4,25.9,5.5));
#4248 = CIRCLE('',#4249,2.);
#4249 = AXIS2_PLACEMENT_3D('',#4250,#4251,#4252);
#4250 = CARTESIAN_POINT('',(4.4,25.9,5.5));
#4251 = DIRECTION('',(0.,0.,1.));
#4252 = DIRECTION('',(1.,0.,0.));
#4253 = ORIENTED_EDGE('',*,*,#4254,.T.);
#4254 = EDGE_CURVE('',#4246,#4255,#4257,.T.);
#4255 = VERTEX_POINT('',#4256);
#4256 = CARTESIAN_POINT('',(2.4,7.9,5.5));
#4257 = LINE('',#4258,#4259);
#4258 = CARTESIAN_POINT('',(2.4,26.4,5.5));
#4259 = VECTOR('',#4260,1.);
#4260 = DIRECTION('',(-0.,-1.,-0.));
#4261 = ORIENTED_EDGE('',*,*,#4262,.T.);
#4262 = EDGE_CURVE('',#4255,#3565,#4263,.T.);
#4263 = CIRCLE('',#4264,2.);
#4264 = AXIS2_PLACEMENT_3D('',#4265,#4266,#4267);
#4265 = CARTESIAN_POINT('',(4.4,7.9,5.5));
#4266 = DIRECTION('',(0.,0.,1.));
#4267 = DIRECTION('',(1.,0.,0.));
#4268 = ORIENTED_EDGE('',*,*,#3572,.T.);
#4269 = ORIENTED_EDGE('',*,*,#4270,.T.);
#4270 = EDGE_CURVE('',#3573,#4229,#4271,.T.);
#4271 = LINE('',#4272,#4273);
#4272 = CARTESIAN_POINT('',(2.4,17.1,5.5));
#4273 = VECTOR('',#4274,1.);
#4274 = DIRECTION('',(0.,-1.,0.));
#4275 = PLANE('',#4276);
#4276 = AXIS2_PLACEMENT_3D('',#4277,#4278,#4279);
#4277 = CARTESIAN_POINT('',(-1.,26.9,5.5));
#4278 = DIRECTION('',(0.,0.,-1.));
#4279 = DIRECTION('',(0.,-1.,0.));
#4280 = ADVANCED_FACE('',(#4281),#4310,.T.);
#4281 = FACE_BOUND('',#4282,.T.);
#4282 = EDGE_LOOP('',(#4283,#4284,#4285,#4293,#4299,#4300,#4301,#4302,
    #4303,#4304));
#4283 = ORIENTED_EDGE('',*,*,#4206,.F.);
#4284 = ORIENTED_EDGE('',*,*,#2180,.T.);
#4285 = ORIENTED_EDGE('',*,*,#4286,.T.);
#4286 = EDGE_CURVE('',#2181,#4287,#4289,.T.);
#4287 = VERTEX_POINT('',#4288);
#4288 = CARTESIAN_POINT('',(2.4,6.9,3.5));
#4289 = LINE('',#4290,#4291);
#4290 = CARTESIAN_POINT('',(-1.,6.9,3.5));
#4291 = VECTOR('',#4292,1.);
#4292 = DIRECTION('',(1.,0.,0.));
#4293 = ORIENTED_EDGE('',*,*,#4294,.T.);
#4294 = EDGE_CURVE('',#4287,#3581,#4295,.T.);
#4295 = LINE('',#4296,#4297);
#4296 = CARTESIAN_POINT('',(2.4,7.1,3.5));
#4297 = VECTOR('',#4298,1.);
#4298 = DIRECTION('',(0.,1.,0.));
#4299 = ORIENTED_EDGE('',*,*,#3588,.T.);
#4300 = ORIENTED_EDGE('',*,*,#3451,.F.);
#4301 = ORIENTED_EDGE('',*,*,#3426,.T.);
#4302 = ORIENTED_EDGE('',*,*,#3403,.F.);
#4303 = ORIENTED_EDGE('',*,*,#3282,.T.);
#4304 = ORIENTED_EDGE('',*,*,#4305,.T.);
#4305 = EDGE_CURVE('',#3285,#4207,#4306,.T.);
#4306 = LINE('',#4307,#4308);
#4307 = CARTESIAN_POINT('',(2.4,17.4,3.5));
#4308 = VECTOR('',#4309,1.);
#4309 = DIRECTION('',(0.,1.,0.));
#4310 = PLANE('',#4311);
#4311 = AXIS2_PLACEMENT_3D('',#4312,#4313,#4314);
#4312 = CARTESIAN_POINT('',(-1.,6.9,3.5));
#4313 = DIRECTION('',(0.,0.,1.));
#4314 = DIRECTION('',(0.,1.,0.));
#4315 = ADVANCED_FACE('',(#4316),#4327,.T.);
#4316 = FACE_BOUND('',#4317,.T.);
#4317 = EDGE_LOOP('',(#4318,#4319,#4320,#4321));
#4318 = ORIENTED_EDGE('',*,*,#4286,.F.);
#4319 = ORIENTED_EDGE('',*,*,#2188,.T.);
#4320 = ORIENTED_EDGE('',*,*,#4228,.T.);
#4321 = ORIENTED_EDGE('',*,*,#4322,.T.);
#4322 = EDGE_CURVE('',#4229,#4287,#4323,.T.);
#4323 = LINE('',#4324,#4325);
#4324 = CARTESIAN_POINT('',(2.4,6.9,2.75));
#4325 = VECTOR('',#4326,1.);
#4326 = DIRECTION('',(0.,0.,-1.));
#4327 = PLANE('',#4328);
#4328 = AXIS2_PLACEMENT_3D('',#4329,#4330,#4331);
#4329 = CARTESIAN_POINT('',(-1.,6.9,5.5));
#4330 = DIRECTION('',(0.,1.,0.));
#4331 = DIRECTION('',(0.,0.,-1.));
#4332 = ADVANCED_FACE('',(#4333),#4339,.F.);
#4333 = FACE_BOUND('',#4334,.F.);
#4334 = EDGE_LOOP('',(#4335,#4336,#4337,#4338));
#4335 = ORIENTED_EDGE('',*,*,#2306,.T.);
#4336 = ORIENTED_EDGE('',*,*,#2339,.F.);
#4337 = ORIENTED_EDGE('',*,*,#3188,.F.);
#4338 = ORIENTED_EDGE('',*,*,#2284,.T.);
#4339 = PLANE('',#4340);
#4340 = AXIS2_PLACEMENT_3D('',#4341,#4342,#4343);
#4341 = CARTESIAN_POINT('',(33.095591647332,20.112877030162,19.3));
#4342 = DIRECTION('',(0.,0.,1.));
#4343 = DIRECTION('',(1.,0.,0.));
#4344 = ADVANCED_FACE('',(#4345),#4363,.T.);
#4345 = FACE_BOUND('',#4346,.T.);
#4346 = EDGE_LOOP('',(#4347,#4355,#4361,#4362));
#4347 = ORIENTED_EDGE('',*,*,#4348,.F.);
#4348 = EDGE_CURVE('',#4349,#3621,#4351,.T.);
#4349 = VERTEX_POINT('',#4350);
#4350 = CARTESIAN_POINT('',(14.4,2.9,19.5));
#4351 = LINE('',#4352,#4353);
#4352 = CARTESIAN_POINT('',(14.4,3.65,19.5));
#4353 = VECTOR('',#4354,1.);
#4354 = DIRECTION('',(0.,1.,0.));
#4355 = ORIENTED_EDGE('',*,*,#4356,.T.);
#4356 = EDGE_CURVE('',#4349,#2372,#4357,.T.);
#4357 = LINE('',#4358,#4359);
#4358 = CARTESIAN_POINT('',(11.4,2.9,19.5));
#4359 = VECTOR('',#4360,1.);
#4360 = DIRECTION('',(1.,0.,0.));
#4361 = ORIENTED_EDGE('',*,*,#2371,.T.);
#4362 = ORIENTED_EDGE('',*,*,#3620,.F.);
#4363 = PLANE('',#4364);
#4364 = AXIS2_PLACEMENT_3D('',#4365,#4366,#4367);
#4365 = CARTESIAN_POINT('',(43.,4.4,19.5));
#4366 = DIRECTION('',(0.,0.,1.));
#4367 = DIRECTION('',(1.,0.,0.));
#4368 = ADVANCED_FACE('',(#4369),#4387,.F.);
#4369 = FACE_BOUND('',#4370,.F.);
#4370 = EDGE_LOOP('',(#4371,#4372,#4373,#4381));
#4371 = ORIENTED_EDGE('',*,*,#2387,.T.);
#4372 = ORIENTED_EDGE('',*,*,#2435,.T.);
#4373 = ORIENTED_EDGE('',*,*,#4374,.F.);
#4374 = EDGE_CURVE('',#4375,#2428,#4377,.T.);
#4375 = VERTEX_POINT('',#4376);
#4376 = CARTESIAN_POINT('',(71.6,2.9,30.));
#4377 = LINE('',#4378,#4379);
#4378 = CARTESIAN_POINT('',(71.6,2.9,30.));
#4379 = VECTOR('',#4380,1.);
#4380 = DIRECTION('',(0.,1.,-2.22044604925E-16));
#4381 = ORIENTED_EDGE('',*,*,#4382,.F.);
#4382 = EDGE_CURVE('',#2380,#4375,#4383,.T.);
#4383 = LINE('',#4384,#4385);
#4384 = CARTESIAN_POINT('',(74.6,2.9,30.));
#4385 = VECTOR('',#4386,1.);
#4386 = DIRECTION('',(-1.,0.,0.));
#4387 = PLANE('',#4388);
#4388 = AXIS2_PLACEMENT_3D('',#4389,#4390,#4391);
#4389 = CARTESIAN_POINT('',(74.6,2.9,30.));
#4390 = DIRECTION('',(0.,2.22044604925E-16,1.));
#4391 = DIRECTION('',(-1.,0.,0.));
#4392 = ADVANCED_FACE('',(#4393),#4411,.F.);
#4393 = FACE_BOUND('',#4394,.F.);
#4394 = EDGE_LOOP('',(#4395,#4403,#4404,#4405));
#4395 = ORIENTED_EDGE('',*,*,#4396,.F.);
#4396 = EDGE_CURVE('',#4375,#4397,#4399,.T.);
#4397 = VERTEX_POINT('',#4398);
#4398 = CARTESIAN_POINT('',(71.6,2.9,22.5));
#4399 = LINE('',#4400,#4401);
#4400 = CARTESIAN_POINT('',(71.6,2.9,30.));
#4401 = VECTOR('',#4402,1.);
#4402 = DIRECTION('',(0.,-2.22044604925E-16,-1.));
#4403 = ORIENTED_EDGE('',*,*,#4374,.T.);
#4404 = ORIENTED_EDGE('',*,*,#2427,.T.);
#4405 = ORIENTED_EDGE('',*,*,#4406,.T.);
#4406 = EDGE_CURVE('',#2420,#4397,#4407,.T.);
#4407 = LINE('',#4408,#4409);
#4408 = CARTESIAN_POINT('',(71.6,2.9,22.5));
#4409 = VECTOR('',#4410,1.);
#4410 = DIRECTION('',(0.,-1.,2.22044604925E-16));
#4411 = PLANE('',#4412);
#4412 = AXIS2_PLACEMENT_3D('',#4413,#4414,#4415);
#4413 = CARTESIAN_POINT('',(71.6,2.9,30.));
#4414 = DIRECTION('',(-1.,0.,0.));
#4415 = DIRECTION('',(0.,-2.22044604925E-16,-1.));
#4416 = ADVANCED_FACE('',(#4417),#4423,.F.);
#4417 = FACE_BOUND('',#4418,.F.);
#4418 = EDGE_LOOP('',(#4419,#4420,#4421,#4422));
#4419 = ORIENTED_EDGE('',*,*,#2543,.T.);
#4420 = ORIENTED_EDGE('',*,*,#2466,.F.);
#4421 = ORIENTED_EDGE('',*,*,#2495,.T.);
#4422 = ORIENTED_EDGE('',*,*,#2529,.T.);
#4423 = PLANE('',#4424);
#4424 = AXIS2_PLACEMENT_3D('',#4425,#4426,#4427);
#4425 = CARTESIAN_POINT('',(33.095591647332,20.112877030162,19.3));
#4426 = DIRECTION('',(0.,0.,1.));
#4427 = DIRECTION('',(1.,0.,0.));
#4428 = ADVANCED_FACE('',(#4429),#4441,.T.);
#4429 = FACE_BOUND('',#4430,.T.);
#4430 = EDGE_LOOP('',(#4431,#4437,#4438,#4439,#4440));
#4431 = ORIENTED_EDGE('',*,*,#4432,.T.);
#4432 = EDGE_CURVE('',#3477,#3864,#4433,.T.);
#4433 = LINE('',#4434,#4435);
#4434 = CARTESIAN_POINT('',(2.4,7.3,19.2));
#4435 = VECTOR('',#4436,1.);
#4436 = DIRECTION('',(0.,-1.,0.));
#4437 = ORIENTED_EDGE('',*,*,#3863,.T.);
#4438 = ORIENTED_EDGE('',*,*,#2586,.T.);
#4439 = ORIENTED_EDGE('',*,*,#3605,.T.);
#4440 = ORIENTED_EDGE('',*,*,#3476,.T.);
#4441 = PLANE('',#4442);
#4442 = AXIS2_PLACEMENT_3D('',#4443,#4444,#4445);
#4443 = CARTESIAN_POINT('',(2.875,16.9,19.2));
#4444 = DIRECTION('',(0.,0.,1.));
#4445 = DIRECTION('',(1.,0.,0.));
#4446 = ADVANCED_FACE('',(#4447),#4458,.F.);
#4447 = FACE_BOUND('',#4448,.F.);
#4448 = EDGE_LOOP('',(#4449,#4455,#4456,#4457));
#4449 = ORIENTED_EDGE('',*,*,#4450,.F.);
#4450 = EDGE_CURVE('',#3836,#3935,#4451,.T.);
#4451 = LINE('',#4452,#4453);
#4452 = CARTESIAN_POINT('',(2.4,7.9,36.));
#4453 = VECTOR('',#4454,1.);
#4454 = DIRECTION('',(-0.,-0.,-1.));
#4455 = ORIENTED_EDGE('',*,*,#3844,.T.);
#4456 = ORIENTED_EDGE('',*,*,#2677,.T.);
#4457 = ORIENTED_EDGE('',*,*,#3934,.T.);
#4458 = PLANE('',#4459);
#4459 = AXIS2_PLACEMENT_3D('',#4460,#4461,#4462);
#4460 = CARTESIAN_POINT('',(2.4,25.9,36.));
#4461 = DIRECTION('',(-1.,0.,0.));
#4462 = DIRECTION('',(0.,-1.,0.));
#4463 = ADVANCED_FACE('',(#4464),#4469,.T.);
#4464 = FACE_BOUND('',#4465,.T.);
#4465 = EDGE_LOOP('',(#4466,#4467,#4468));
#4466 = ORIENTED_EDGE('',*,*,#2651,.T.);
#4467 = ORIENTED_EDGE('',*,*,#3371,.T.);
#4468 = ORIENTED_EDGE('',*,*,#3267,.T.);
#4469 = PLANE('',#4470);
#4470 = AXIS2_PLACEMENT_3D('',#4471,#4472,#4473);
#4471 = CARTESIAN_POINT('',(2.875,16.9,19.2));
#4472 = DIRECTION('',(0.,0.,1.));
#4473 = DIRECTION('',(1.,0.,0.));
#4474 = ADVANCED_FACE('',(#4475),#4483,.F.);
#4475 = FACE_BOUND('',#4476,.F.);
#4476 = EDGE_LOOP('',(#4477,#4478,#4479,#4480,#4481,#4482));
#4477 = ORIENTED_EDGE('',*,*,#2751,.T.);
#4478 = ORIENTED_EDGE('',*,*,#2785,.T.);
#4479 = ORIENTED_EDGE('',*,*,#2809,.T.);
#4480 = ORIENTED_EDGE('',*,*,#2839,.T.);
#4481 = ORIENTED_EDGE('',*,*,#3662,.F.);
#4482 = ORIENTED_EDGE('',*,*,#2729,.F.);
#4483 = PLANE('',#4484);
#4484 = AXIS2_PLACEMENT_3D('',#4485,#4486,#4487);
#4485 = CARTESIAN_POINT('',(33.095591647332,20.112877030162,19.3));
#4486 = DIRECTION('',(0.,0.,1.));
#4487 = DIRECTION('',(1.,0.,0.));
#4488 = ADVANCED_FACE('',(#4489),#4495,.F.);
#4489 = FACE_BOUND('',#4490,.F.);
#4490 = EDGE_LOOP('',(#4491,#4492,#4493,#4494));
#4491 = ORIENTED_EDGE('',*,*,#2904,.T.);
#4492 = ORIENTED_EDGE('',*,*,#2928,.T.);
#4493 = ORIENTED_EDGE('',*,*,#3205,.F.);
#4494 = ORIENTED_EDGE('',*,*,#2882,.F.);
#4495 = PLANE('',#4496);
#4496 = AXIS2_PLACEMENT_3D('',#4497,#4498,#4499);
#4497 = CARTESIAN_POINT('',(33.095591647332,20.112877030162,19.3));
#4498 = DIRECTION('',(0.,0.,1.));
#4499 = DIRECTION('',(1.,0.,0.));
#4500 = ADVANCED_FACE('',(#4501),#4504,.T.);
#4501 = FACE_BOUND('',#4502,.T.);
#4502 = EDGE_LOOP('',(#4503));
#4503 = ORIENTED_EDGE('',*,*,#3008,.T.);
#4504 = PLANE('',#4505);
#4505 = AXIS2_PLACEMENT_3D('',#4506,#4507,#4508);
#4506 = CARTESIAN_POINT('',(43.,16.9,32.4));
#4507 = DIRECTION('',(0.,0.,1.));
#4508 = DIRECTION('',(1.,0.,0.));
#4509 = ADVANCED_FACE('',(#4510),#4513,.T.);
#4510 = FACE_BOUND('',#4511,.T.);
#4511 = EDGE_LOOP('',(#4512));
#4512 = ORIENTED_EDGE('',*,*,#3033,.T.);
#4513 = PLANE('',#4514);
#4514 = AXIS2_PLACEMENT_3D('',#4515,#4516,#4517);
#4515 = CARTESIAN_POINT('',(43.,16.9,32.4));
#4516 = DIRECTION('',(0.,0.,1.));
#4517 = DIRECTION('',(1.,0.,0.));
#4518 = ADVANCED_FACE('',(#4519),#4522,.T.);
#4519 = FACE_BOUND('',#4520,.T.);
#4520 = EDGE_LOOP('',(#4521));
#4521 = ORIENTED_EDGE('',*,*,#3058,.T.);
#4522 = PLANE('',#4523);
#4523 = AXIS2_PLACEMENT_3D('',#4524,#4525,#4526);
#4524 = CARTESIAN_POINT('',(43.,16.9,32.4));
#4525 = DIRECTION('',(0.,0.,1.));
#4526 = DIRECTION('',(1.,0.,0.));
#4527 = ADVANCED_FACE('',(#4528),#4531,.T.);
#4528 = FACE_BOUND('',#4529,.T.);
#4529 = EDGE_LOOP('',(#4530));
#4530 = ORIENTED_EDGE('',*,*,#3083,.T.);
#4531 = PLANE('',#4532);
#4532 = AXIS2_PLACEMENT_3D('',#4533,#4534,#4535);
#4533 = CARTESIAN_POINT('',(43.,16.9,32.4));
#4534 = DIRECTION('',(0.,0.,1.));
#4535 = DIRECTION('',(1.,0.,0.));
#4536 = ADVANCED_FACE('',(#4537),#4543,.F.);
#4537 = FACE_BOUND('',#4538,.F.);
#4538 = EDGE_LOOP('',(#4539,#4540,#4541,#4542));
#4539 = ORIENTED_EDGE('',*,*,#3926,.T.);
#4540 = ORIENTED_EDGE('',*,*,#3356,.F.);
#4541 = ORIENTED_EDGE('',*,*,#4023,.T.);
#4542 = ORIENTED_EDGE('',*,*,#3902,.T.);
#4543 = PLANE('',#4544);
#4544 = AXIS2_PLACEMENT_3D('',#4545,#4546,#4547);
#4545 = CARTESIAN_POINT('',(2.4,27.9,0.));
#4546 = DIRECTION('',(1.,0.,0.));
#4547 = DIRECTION('',(0.,-1.,0.));
#4548 = ADVANCED_FACE('',(#4549),#4560,.F.);
#4549 = FACE_BOUND('',#4550,.F.);
#4550 = EDGE_LOOP('',(#4551,#4552,#4553,#4554));
#4551 = ORIENTED_EDGE('',*,*,#4015,.F.);
#4552 = ORIENTED_EDGE('',*,*,#3340,.F.);
#4553 = ORIENTED_EDGE('',*,*,#4085,.T.);
#4554 = ORIENTED_EDGE('',*,*,#4555,.F.);
#4555 = EDGE_CURVE('',#4008,#4086,#4556,.T.);
#4556 = LINE('',#4557,#4558);
#4557 = CARTESIAN_POINT('',(2.4,25.9,36.));
#4558 = VECTOR('',#4559,1.);
#4559 = DIRECTION('',(-0.,-0.,-1.));
#4560 = CYLINDRICAL_SURFACE('',#4561,2.);
#4561 = AXIS2_PLACEMENT_3D('',#4562,#4563,#4564);
#4562 = CARTESIAN_POINT('',(4.4,25.9,36.));
#4563 = DIRECTION('',(0.,0.,1.));
#4564 = DIRECTION('',(1.,0.,0.));
#4565 = ADVANCED_FACE('',(#4566),#4572,.F.);
#4566 = FACE_BOUND('',#4567,.F.);
#4567 = EDGE_LOOP('',(#4568,#4569,#4570,#4571));
#4568 = ORIENTED_EDGE('',*,*,#3324,.F.);
#4569 = ORIENTED_EDGE('',*,*,#4183,.T.);
#4570 = ORIENTED_EDGE('',*,*,#4054,.T.);
#4571 = ORIENTED_EDGE('',*,*,#4078,.T.);
#4572 = PLANE('',#4573);
#4573 = AXIS2_PLACEMENT_3D('',#4574,#4575,#4576);
#4574 = CARTESIAN_POINT('',(2.4,27.9,0.));
#4575 = DIRECTION('',(1.,0.,0.));
#4576 = DIRECTION('',(0.,-1.,0.));
#4577 = ADVANCED_FACE('',(#4578),#4589,.F.);
#4578 = FACE_BOUND('',#4579,.F.);
#4579 = EDGE_LOOP('',(#4580,#4581,#4582,#4588));
#4580 = ORIENTED_EDGE('',*,*,#3308,.F.);
#4581 = ORIENTED_EDGE('',*,*,#4245,.T.);
#4582 = ORIENTED_EDGE('',*,*,#4583,.F.);
#4583 = EDGE_CURVE('',#4168,#4246,#4584,.T.);
#4584 = LINE('',#4585,#4586);
#4585 = CARTESIAN_POINT('',(2.4,25.9,36.));
#4586 = VECTOR('',#4587,1.);
#4587 = DIRECTION('',(-0.,-0.,-1.));
#4588 = ORIENTED_EDGE('',*,*,#4175,.F.);
#4589 = CYLINDRICAL_SURFACE('',#4590,2.);
#4590 = AXIS2_PLACEMENT_3D('',#4591,#4592,#4593);
#4591 = CARTESIAN_POINT('',(4.4,25.9,36.));
#4592 = DIRECTION('',(0.,0.,1.));
#4593 = DIRECTION('',(1.,0.,0.));
#4594 = ADVANCED_FACE('',(#4595),#4601,.F.);
#4595 = FACE_BOUND('',#4596,.F.);
#4596 = EDGE_LOOP('',(#4597,#4598,#4599,#4600));
#4597 = ORIENTED_EDGE('',*,*,#3292,.F.);
#4598 = ORIENTED_EDGE('',*,*,#4305,.T.);
#4599 = ORIENTED_EDGE('',*,*,#4214,.T.);
#4600 = ORIENTED_EDGE('',*,*,#4238,.T.);
#4601 = PLANE('',#4602);
#4602 = AXIS2_PLACEMENT_3D('',#4603,#4604,#4605);
#4603 = CARTESIAN_POINT('',(2.4,27.9,0.));
#4604 = DIRECTION('',(1.,0.,0.));
#4605 = DIRECTION('',(0.,-1.,0.));
#4606 = ADVANCED_FACE('',(#4607),#4613,.F.);
#4607 = FACE_BOUND('',#4608,.F.);
#4608 = EDGE_LOOP('',(#4609,#4610,#4611,#4612));
#4609 = ORIENTED_EDGE('',*,*,#4294,.T.);
#4610 = ORIENTED_EDGE('',*,*,#3580,.T.);
#4611 = ORIENTED_EDGE('',*,*,#4270,.T.);
#4612 = ORIENTED_EDGE('',*,*,#4322,.T.);
#4613 = PLANE('',#4614);
#4614 = AXIS2_PLACEMENT_3D('',#4615,#4616,#4617);
#4615 = CARTESIAN_POINT('',(2.4,7.3,0.));
#4616 = DIRECTION('',(1.,0.,0.));
#4617 = DIRECTION('',(0.,-1.,0.));
#4618 = ADVANCED_FACE('',(#4619),#4630,.F.);
#4619 = FACE_BOUND('',#4620,.F.);
#4620 = EDGE_LOOP('',(#4621,#4622,#4623,#4624));
#4621 = ORIENTED_EDGE('',*,*,#4262,.T.);
#4622 = ORIENTED_EDGE('',*,*,#3564,.T.);
#4623 = ORIENTED_EDGE('',*,*,#4158,.F.);
#4624 = ORIENTED_EDGE('',*,*,#4625,.T.);
#4625 = EDGE_CURVE('',#4159,#4255,#4626,.T.);
#4626 = LINE('',#4627,#4628);
#4627 = CARTESIAN_POINT('',(2.4,7.9,36.));
#4628 = VECTOR('',#4629,1.);
#4629 = DIRECTION('',(-0.,-0.,-1.));
#4630 = CYLINDRICAL_SURFACE('',#4631,2.);
#4631 = AXIS2_PLACEMENT_3D('',#4632,#4633,#4634);
#4632 = CARTESIAN_POINT('',(4.4,7.9,36.));
#4633 = DIRECTION('',(0.,0.,1.));
#4634 = DIRECTION('',(1.,0.,0.));
#4635 = ADVANCED_FACE('',(#4636),#4642,.F.);
#4636 = FACE_BOUND('',#4637,.F.);
#4637 = EDGE_LOOP('',(#4638,#4639,#4640,#4641));
#4638 = ORIENTED_EDGE('',*,*,#4151,.T.);
#4639 = ORIENTED_EDGE('',*,*,#3548,.T.);
#4640 = ORIENTED_EDGE('',*,*,#4110,.T.);
#4641 = ORIENTED_EDGE('',*,*,#4134,.T.);
#4642 = PLANE('',#4643);
#4643 = AXIS2_PLACEMENT_3D('',#4644,#4645,#4646);
#4644 = CARTESIAN_POINT('',(2.4,7.3,0.));
#4645 = DIRECTION('',(1.,0.,0.));
#4646 = DIRECTION('',(0.,-1.,0.));
#4647 = ADVANCED_FACE('',(#4648),#4659,.F.);
#4648 = FACE_BOUND('',#4649,.F.);
#4649 = EDGE_LOOP('',(#4650,#4651,#4652,#4658));
#4650 = ORIENTED_EDGE('',*,*,#3532,.T.);
#4651 = ORIENTED_EDGE('',*,*,#3998,.F.);
#4652 = ORIENTED_EDGE('',*,*,#4653,.T.);
#4653 = EDGE_CURVE('',#3999,#4095,#4654,.T.);
#4654 = LINE('',#4655,#4656);
#4655 = CARTESIAN_POINT('',(2.4,7.9,36.));
#4656 = VECTOR('',#4657,1.);
#4657 = DIRECTION('',(-0.,-0.,-1.));
#4658 = ORIENTED_EDGE('',*,*,#4102,.T.);
#4659 = CYLINDRICAL_SURFACE('',#4660,2.);
#4660 = AXIS2_PLACEMENT_3D('',#4661,#4662,#4663);
#4661 = CARTESIAN_POINT('',(4.4,7.9,36.));
#4662 = DIRECTION('',(0.,0.,1.));
#4663 = DIRECTION('',(1.,0.,0.));
#4664 = ADVANCED_FACE('',(#4665),#4671,.F.);
#4665 = FACE_BOUND('',#4666,.F.);
#4666 = EDGE_LOOP('',(#4667,#4668,#4669,#4670));
#4667 = ORIENTED_EDGE('',*,*,#3991,.T.);
#4668 = ORIENTED_EDGE('',*,*,#3516,.T.);
#4669 = ORIENTED_EDGE('',*,*,#3950,.T.);
#4670 = ORIENTED_EDGE('',*,*,#3974,.T.);
#4671 = PLANE('',#4672);
#4672 = AXIS2_PLACEMENT_3D('',#4673,#4674,#4675);
#4673 = CARTESIAN_POINT('',(2.4,7.3,0.));
#4674 = DIRECTION('',(1.,0.,0.));
#4675 = DIRECTION('',(0.,-1.,0.));
#4676 = ADVANCED_FACE('',(#4677),#4683,.F.);
#4677 = FACE_BOUND('',#4678,.F.);
#4678 = EDGE_LOOP('',(#4679,#4680,#4681,#4682));
#4679 = ORIENTED_EDGE('',*,*,#3500,.T.);
#4680 = ORIENTED_EDGE('',*,*,#3835,.F.);
#4681 = ORIENTED_EDGE('',*,*,#4450,.T.);
#4682 = ORIENTED_EDGE('',*,*,#3942,.T.);
#4683 = CYLINDRICAL_SURFACE('',#4684,2.);
#4684 = AXIS2_PLACEMENT_3D('',#4685,#4686,#4687);
#4685 = CARTESIAN_POINT('',(4.4,7.9,36.));
#4686 = DIRECTION('',(0.,0.,1.));
#4687 = DIRECTION('',(1.,0.,0.));
#4688 = ADVANCED_FACE('',(#4689),#4695,.F.);
#4689 = FACE_BOUND('',#4690,.F.);
#4690 = EDGE_LOOP('',(#4691,#4692,#4693,#4694));
#4691 = ORIENTED_EDGE('',*,*,#4432,.T.);
#4692 = ORIENTED_EDGE('',*,*,#3871,.T.);
#4693 = ORIENTED_EDGE('',*,*,#3828,.T.);
#4694 = ORIENTED_EDGE('',*,*,#3484,.T.);
#4695 = PLANE('',#4696);
#4696 = AXIS2_PLACEMENT_3D('',#4697,#4698,#4699);
#4697 = CARTESIAN_POINT('',(2.4,7.3,0.));
#4698 = DIRECTION('',(1.,0.,0.));
#4699 = DIRECTION('',(0.,-1.,0.));
#4700 = ADVANCED_FACE('',(#4701),#4726,.F.);
#4701 = FACE_BOUND('',#4702,.F.);
#4702 = EDGE_LOOP('',(#4703,#4711,#4712,#4720));
#4703 = ORIENTED_EDGE('',*,*,#4704,.T.);
#4704 = EDGE_CURVE('',#4705,#3637,#4707,.T.);
#4705 = VERTEX_POINT('',#4706);
#4706 = CARTESIAN_POINT('',(11.4,2.9,4.));
#4707 = LINE('',#4708,#4709);
#4708 = CARTESIAN_POINT('',(11.4,2.9,4.));
#4709 = VECTOR('',#4710,1.);
#4710 = DIRECTION('',(0.,1.,-2.22044604925E-16));
#4711 = ORIENTED_EDGE('',*,*,#3636,.T.);
#4712 = ORIENTED_EDGE('',*,*,#4713,.F.);
#4713 = EDGE_CURVE('',#4714,#3629,#4716,.T.);
#4714 = VERTEX_POINT('',#4715);
#4715 = CARTESIAN_POINT('',(14.4,2.9,4.));
#4716 = LINE('',#4717,#4718);
#4717 = CARTESIAN_POINT('',(14.4,2.9,4.));
#4718 = VECTOR('',#4719,1.);
#4719 = DIRECTION('',(0.,1.,-2.22044604925E-16));
#4720 = ORIENTED_EDGE('',*,*,#4721,.F.);
#4721 = EDGE_CURVE('',#4705,#4714,#4722,.T.);
#4722 = LINE('',#4723,#4724);
#4723 = CARTESIAN_POINT('',(11.4,2.9,4.));
#4724 = VECTOR('',#4725,1.);
#4725 = DIRECTION('',(1.,0.,0.));
#4726 = PLANE('',#4727);
#4727 = AXIS2_PLACEMENT_3D('',#4728,#4729,#4730);
#4728 = CARTESIAN_POINT('',(11.4,2.9,4.));
#4729 = DIRECTION('',(0.,-2.22044604925E-16,-1.));
#4730 = DIRECTION('',(1.,0.,0.));
#4731 = ADVANCED_FACE('',(#4732),#4743,.F.);
#4732 = FACE_BOUND('',#4733,.F.);
#4733 = EDGE_LOOP('',(#4734,#4740,#4741,#4742));
#4734 = ORIENTED_EDGE('',*,*,#4735,.F.);
#4735 = EDGE_CURVE('',#4714,#4349,#4736,.T.);
#4736 = LINE('',#4737,#4738);
#4737 = CARTESIAN_POINT('',(14.4,2.9,4.));
#4738 = VECTOR('',#4739,1.);
#4739 = DIRECTION('',(0.,2.22044604925E-16,1.));
#4740 = ORIENTED_EDGE('',*,*,#4713,.T.);
#4741 = ORIENTED_EDGE('',*,*,#3628,.T.);
#4742 = ORIENTED_EDGE('',*,*,#4348,.F.);
#4743 = PLANE('',#4744);
#4744 = AXIS2_PLACEMENT_3D('',#4745,#4746,#4747);
#4745 = CARTESIAN_POINT('',(14.4,2.9,4.));
#4746 = DIRECTION('',(1.,0.,0.));
#4747 = DIRECTION('',(0.,2.22044604925E-16,1.));
#4748 = ADVANCED_FACE('',(#4749),#4752,.F.);
#4749 = FACE_BOUND('',#4750,.F.);
#4750 = EDGE_LOOP('',(#4751));
#4751 = ORIENTED_EDGE('',*,*,#3685,.T.);
#4752 = PLANE('',#4753);
#4753 = AXIS2_PLACEMENT_3D('',#4754,#4755,#4756);
#4754 = CARTESIAN_POINT('',(43.,16.9,3.6));
#4755 = DIRECTION('',(0.,0.,1.));
#4756 = DIRECTION('',(1.,0.,0.));
#4757 = ADVANCED_FACE('',(#4758),#4761,.F.);
#4758 = FACE_BOUND('',#4759,.F.);
#4759 = EDGE_LOOP('',(#4760));
#4760 = ORIENTED_EDGE('',*,*,#3710,.T.);
#4761 = PLANE('',#4762);
#4762 = AXIS2_PLACEMENT_3D('',#4763,#4764,#4765);
#4763 = CARTESIAN_POINT('',(43.,16.9,3.6));
#4764 = DIRECTION('',(0.,0.,1.));
#4765 = DIRECTION('',(1.,0.,0.));
#4766 = ADVANCED_FACE('',(#4767),#4770,.F.);
#4767 = FACE_BOUND('',#4768,.F.);
#4768 = EDGE_LOOP('',(#4769));
#4769 = ORIENTED_EDGE('',*,*,#3735,.T.);
#4770 = PLANE('',#4771);
#4771 = AXIS2_PLACEMENT_3D('',#4772,#4773,#4774);
#4772 = CARTESIAN_POINT('',(43.,16.9,3.6));
#4773 = DIRECTION('',(0.,0.,1.));
#4774 = DIRECTION('',(1.,0.,0.));
#4775 = ADVANCED_FACE('',(#4776),#4779,.F.);
#4776 = FACE_BOUND('',#4777,.F.);
#4777 = EDGE_LOOP('',(#4778));
#4778 = ORIENTED_EDGE('',*,*,#3760,.T.);
#4779 = PLANE('',#4780);
#4780 = AXIS2_PLACEMENT_3D('',#4781,#4782,#4783);
#4781 = CARTESIAN_POINT('',(43.,16.9,3.6));
#4782 = DIRECTION('',(0.,0.,1.));
#4783 = DIRECTION('',(1.,0.,0.));
#4784 = ADVANCED_FACE('',(#4785),#4791,.F.);
#4785 = FACE_BOUND('',#4786,.F.);
#4786 = EDGE_LOOP('',(#4787,#4788,#4789,#4790));
#4787 = ORIENTED_EDGE('',*,*,#4653,.F.);
#4788 = ORIENTED_EDGE('',*,*,#4007,.T.);
#4789 = ORIENTED_EDGE('',*,*,#4555,.T.);
#4790 = ORIENTED_EDGE('',*,*,#4094,.T.);
#4791 = PLANE('',#4792);
#4792 = AXIS2_PLACEMENT_3D('',#4793,#4794,#4795);
#4793 = CARTESIAN_POINT('',(2.4,25.9,36.));
#4794 = DIRECTION('',(-1.,0.,0.));
#4795 = DIRECTION('',(0.,-1.,0.));
#4796 = ADVANCED_FACE('',(#4797),#4803,.F.);
#4797 = FACE_BOUND('',#4798,.F.);
#4798 = EDGE_LOOP('',(#4799,#4800,#4801,#4802));
#4799 = ORIENTED_EDGE('',*,*,#4625,.F.);
#4800 = ORIENTED_EDGE('',*,*,#4167,.T.);
#4801 = ORIENTED_EDGE('',*,*,#4583,.T.);
#4802 = ORIENTED_EDGE('',*,*,#4254,.T.);
#4803 = PLANE('',#4804);
#4804 = AXIS2_PLACEMENT_3D('',#4805,#4806,#4807);
#4805 = CARTESIAN_POINT('',(2.4,25.9,36.));
#4806 = DIRECTION('',(-1.,0.,0.));
#4807 = DIRECTION('',(0.,-1.,0.));
#4808 = ADVANCED_FACE('',(#4809),#4831,.T.);
#4809 = FACE_BOUND('',#4810,.T.);
#4810 = EDGE_LOOP('',(#4811,#4812,#4813,#4814,#4815,#4816,#4824,#4830));
#4811 = ORIENTED_EDGE('',*,*,#3644,.T.);
#4812 = ORIENTED_EDGE('',*,*,#1488,.T.);
#4813 = ORIENTED_EDGE('',*,*,#2451,.T.);
#4814 = ORIENTED_EDGE('',*,*,#744,.F.);
#4815 = ORIENTED_EDGE('',*,*,#2411,.T.);
#4816 = ORIENTED_EDGE('',*,*,#4817,.F.);
#4817 = EDGE_CURVE('',#4818,#2412,#4820,.T.);
#4818 = VERTEX_POINT('',#4819);
#4819 = CARTESIAN_POINT('',(11.4,2.9,22.5));
#4820 = LINE('',#4821,#4822);
#4821 = CARTESIAN_POINT('',(11.4,2.9,22.5));
#4822 = VECTOR('',#4823,1.);
#4823 = DIRECTION('',(0.,1.,-2.22044604925E-16));
#4824 = ORIENTED_EDGE('',*,*,#4825,.T.);
#4825 = EDGE_CURVE('',#4818,#4705,#4826,.T.);
#4826 = LINE('',#4827,#4828);
#4827 = CARTESIAN_POINT('',(11.4,2.9,22.5));
#4828 = VECTOR('',#4829,1.);
#4829 = DIRECTION('',(0.,-2.22044604925E-16,-1.));
#4830 = ORIENTED_EDGE('',*,*,#4704,.T.);
#4831 = PLANE('',#4832);
#4832 = AXIS2_PLACEMENT_3D('',#4833,#4834,#4835);
#4833 = CARTESIAN_POINT('',(11.4,5.121355498721,17.635549872123));
#4834 = DIRECTION('',(1.,0.,0.));
#4835 = DIRECTION('',(0.,0.,1.));
#4836 = ADVANCED_FACE('',(#4837),#4852,.T.);
#4837 = FACE_BOUND('',#4838,.T.);
#4838 = EDGE_LOOP('',(#4839,#4840,#4841,#4842,#4843,#4849,#4850,#4851));
#4839 = ORIENTED_EDGE('',*,*,#4356,.F.);
#4840 = ORIENTED_EDGE('',*,*,#4735,.F.);
#4841 = ORIENTED_EDGE('',*,*,#4721,.F.);
#4842 = ORIENTED_EDGE('',*,*,#4825,.F.);
#4843 = ORIENTED_EDGE('',*,*,#4844,.F.);
#4844 = EDGE_CURVE('',#4397,#4818,#4845,.T.);
#4845 = LINE('',#4846,#4847);
#4846 = CARTESIAN_POINT('',(74.6,2.9,22.5));
#4847 = VECTOR('',#4848,1.);
#4848 = DIRECTION('',(-1.,0.,0.));
#4849 = ORIENTED_EDGE('',*,*,#4396,.F.);
#4850 = ORIENTED_EDGE('',*,*,#4382,.F.);
#4851 = ORIENTED_EDGE('',*,*,#2379,.F.);
#4852 = PLANE('',#4853);
#4853 = AXIS2_PLACEMENT_3D('',#4854,#4855,#4856);
#4854 = CARTESIAN_POINT('',(40.300448430493,2.9,19.699551569507));
#4855 = DIRECTION('',(0.,1.,0.));
#4856 = DIRECTION('',(0.,0.,1.));
#4857 = ADVANCED_FACE('',(#4858),#4864,.T.);
#4858 = FACE_BOUND('',#4859,.T.);
#4859 = EDGE_LOOP('',(#4860,#4861,#4862,#4863));
#4860 = ORIENTED_EDGE('',*,*,#4844,.T.);
#4861 = ORIENTED_EDGE('',*,*,#4817,.T.);
#4862 = ORIENTED_EDGE('',*,*,#2419,.F.);
#4863 = ORIENTED_EDGE('',*,*,#4406,.T.);
#4864 = PLANE('',#4865);
#4865 = AXIS2_PLACEMENT_3D('',#4866,#4867,#4868);
#4866 = CARTESIAN_POINT('',(41.5,4.4,22.5));
#4867 = DIRECTION('',(-0.,-0.,-1.));
#4868 = DIRECTION('',(-1.,0.,0.));
#4869 = ( GEOMETRIC_REPRESENTATION_CONTEXT(3) 
GLOBAL_UNCERTAINTY_ASSIGNED_CONTEXT((#4873)) 
GLOBAL_UNIT_ASSIGNED_CONTEXT((#4870,#4871,#4872)) REPRESENTATION_CONTEXT
('Context #1','3D Context with UNIT and UNCERTAINTY') );
#4870 = ( LENGTH_UNIT() NAMED_UNIT(*) SI_UNIT(.MILLI.,.METRE.) );
#4871 = ( NAMED_UNIT(*) PLANE_ANGLE_UNIT() SI_UNIT($,.RADIAN.) );
#4872 = ( NAMED_UNIT(*) SI_UNIT($,.STERADIAN.) SOLID_ANGLE_UNIT() );
#4873 = UNCERTAINTY_MEASURE_WITH_UNIT(LENGTH_MEASURE(5.E-05),#4870,
  'distance_accuracy_value','confusion accuracy');
#4874 = PRODUCT_RELATED_PRODUCT_CATEGORY('part',$,(#7));
ENDSEC;
END-ISO-10303-21;
