ISO-10303-21;
HEADER;
FILE_DESCRIPTION(('FreeCAD Model'),'2;1');
FILE_NAME('Open CASCADE Shape Model','2026-09-14T19:03:55',(''),(''),
  'Open CASCADE STEP processor 7.8','FreeCAD','Unknown');
FILE_SCHEMA(('AUTOMOTIVE_DESIGN { 1 0 10303 214 1 1 1 1 }'));
ENDSEC;
DATA;
#1 = APPLICATION_PROTOCOL_DEFINITION('international standard',
  'automotive_design',2000,#2);
#2 = APPLICATION_CONTEXT(
  'core data for automotive mechanical design processes');
#3 = SHAPE_DEFINITION_REPRESENTATION(#4,#10);
#4 = PRODUCT_DEFINITION_SHAPE('','',#5);
#5 = PRODUCT_DEFINITION('design','',#6,#9);
#6 = PRODUCT_DEFINITION_FORMATION('','',#7);
#7 = PRODUCT('DinMount','DinMount','',(#8));
#8 = PRODUCT_CONTEXT('',#2,'mechanical');
#9 = PRODUCT_DEFINITION_CONTEXT('part definition',#2,'design');
#10 = ADVANCED_BREP_SHAPE_REPRESENTATION('',(#11,#15),#3971);
#11 = AXIS2_PLACEMENT_3D('',#12,#13,#14);
#12 = CARTESIAN_POINT('',(0.,0.,0.));
#13 = DIRECTION('',(0.,0.,1.));
#14 = DIRECTION('',(1.,0.,-0.));
#15 = MANIFOLD_SOLID_BREP('',#16);
#16 = CLOSED_SHELL('',(#17,#137,#808,#833,#897,#921,#962,#986,#1010,
    #1034,#1122,#1146,#1170,#1194,#1258,#1275,#1292,#1309,#1378,#1403,
    #1435,#1476,#1500,#1524,#1548,#1572,#1596,#1620,#1644,#1668,#1692,
    #1716,#1771,#1795,#1843,#1867,#1891,#1915,#1939,#1963,#1987,#2011,
    #2035,#2059,#2083,#2107,#2131,#2155,#2194,#2207,#2232,#2257,#2280,
    #2299,#2320,#2337,#2354,#2387,#2404,#2428,#2445,#2469,#2486,#2510,
    #2527,#2551,#2600,#2624,#2650,#2674,#2698,#2738,#2762,#2786,#2810,
    #2850,#2874,#2898,#2922,#2946,#3018,#3042,#3066,#3090,#3162,#3186,
    #3210,#3234,#3258,#3282,#3306,#3323,#3340,#3357,#3382,#3407,#3424,
    #3441,#3460,#3477,#3499,#3516,#3597,#3614,#3659,#3676,#3714,#3726,
    #3738,#3750,#3767,#3784,#3801,#3818,#3835,#3847,#3880,#3904,#3930,
    #3947,#3959));
#17 = ADVANCED_FACE('',(#18),#132,.T.);
#18 = FACE_BOUND('',#19,.T.);
#19 = EDGE_LOOP('',(#20,#30,#38,#46,#54,#62,#70,#78,#86,#94,#102,#110,
    #118,#126));
#20 = ORIENTED_EDGE('',*,*,#21,.F.);
#21 = EDGE_CURVE('',#22,#24,#26,.T.);
#22 = VERTEX_POINT('',#23);
#23 = CARTESIAN_POINT('',(2.,0.,-1.6));
#24 = VERTEX_POINT('',#25);
#25 = CARTESIAN_POINT('',(84.,0.,-1.6));
#26 = LINE('',#27,#28);
#27 = CARTESIAN_POINT('',(2.,0.,-1.6));
#28 = VECTOR('',#29,1.);
#29 = DIRECTION('',(1.,0.,0.));
#30 = ORIENTED_EDGE('',*,*,#31,.T.);
#31 = EDGE_CURVE('',#22,#32,#34,.T.);
#32 = VERTEX_POINT('',#33);
#33 = CARTESIAN_POINT('',(2.,0.,-10.2));
#34 = LINE('',#35,#36);
#35 = CARTESIAN_POINT('',(2.,0.,-1.6));
#36 = VECTOR('',#37,1.);
#37 = DIRECTION('',(-0.,-0.,-1.));
#38 = ORIENTED_EDGE('',*,*,#39,.T.);
#39 = EDGE_CURVE('',#32,#40,#42,.T.);
#40 = VERTEX_POINT('',#41);
#41 = CARTESIAN_POINT('',(26.7,0.,-10.2));
#42 = LINE('',#43,#44);
#43 = CARTESIAN_POINT('',(2.,0.,-10.2));
#44 = VECTOR('',#45,1.);
#45 = DIRECTION('',(1.,0.,0.));
#46 = ORIENTED_EDGE('',*,*,#47,.T.);
#47 = EDGE_CURVE('',#40,#48,#50,.T.);
#48 = VERTEX_POINT('',#49);
#49 = CARTESIAN_POINT('',(26.7,0.,-7.4));
#50 = LINE('',#51,#52);
#51 = CARTESIAN_POINT('',(26.7,0.,-10.2));
#52 = VECTOR('',#53,1.);
#53 = DIRECTION('',(0.,0.,1.));
#54 = ORIENTED_EDGE('',*,*,#55,.F.);
#55 = EDGE_CURVE('',#56,#48,#58,.T.);
#56 = VERTEX_POINT('',#57);
#57 = CARTESIAN_POINT('',(25.3,0.,-7.4));
#58 = LINE('',#59,#60);
#59 = CARTESIAN_POINT('',(25.3,0.,-7.4));
#60 = VECTOR('',#61,1.);
#61 = DIRECTION('',(1.,0.,0.));
#62 = ORIENTED_EDGE('',*,*,#63,.T.);
#63 = EDGE_CURVE('',#56,#64,#66,.T.);
#64 = VERTEX_POINT('',#65);
#65 = CARTESIAN_POINT('',(25.3,0.,-4.7));
#66 = LINE('',#67,#68);
#67 = CARTESIAN_POINT('',(25.3,0.,-7.4));
#68 = VECTOR('',#69,1.);
#69 = DIRECTION('',(0.,0.,1.));
#70 = ORIENTED_EDGE('',*,*,#71,.T.);
#71 = EDGE_CURVE('',#64,#72,#74,.T.);
#72 = VERTEX_POINT('',#73);
#73 = CARTESIAN_POINT('',(60.7,0.,-4.7));
#74 = LINE('',#75,#76);
#75 = CARTESIAN_POINT('',(25.3,0.,-4.7));
#76 = VECTOR('',#77,1.);
#77 = DIRECTION('',(1.,0.,0.));
#78 = ORIENTED_EDGE('',*,*,#79,.F.);
#79 = EDGE_CURVE('',#80,#72,#82,.T.);
#80 = VERTEX_POINT('',#81);
#81 = CARTESIAN_POINT('',(60.7,0.,-10.2));
#82 = LINE('',#83,#84);
#83 = CARTESIAN_POINT('',(60.7,0.,-7.4));
#84 = VECTOR('',#85,1.);
#85 = DIRECTION('',(0.,0.,1.));
#86 = ORIENTED_EDGE('',*,*,#87,.T.);
#87 = EDGE_CURVE('',#80,#88,#90,.T.);
#88 = VERTEX_POINT('',#89);
#89 = CARTESIAN_POINT('',(64.5,0.,-10.2));
#90 = LINE('',#91,#92);
#91 = CARTESIAN_POINT('',(2.,0.,-10.2));
#92 = VECTOR('',#93,1.);
#93 = DIRECTION('',(1.,0.,0.));
#94 = ORIENTED_EDGE('',*,*,#95,.T.);
#95 = EDGE_CURVE('',#88,#96,#98,.T.);
#96 = VERTEX_POINT('',#97);
#97 = CARTESIAN_POINT('',(64.5,0.,-8.7));
#98 = LINE('',#99,#100);
#99 = CARTESIAN_POINT('',(64.5,0.,-10.2));
#100 = VECTOR('',#101,1.);
#101 = DIRECTION('',(0.,0.,1.));
#102 = ORIENTED_EDGE('',*,*,#103,.T.);
#103 = EDGE_CURVE('',#96,#104,#106,.T.);
#104 = VERTEX_POINT('',#105);
#105 = CARTESIAN_POINT('',(82.5,0.,-8.7));
#106 = LINE('',#107,#108);
#107 = CARTESIAN_POINT('',(64.5,0.,-8.7));
#108 = VECTOR('',#109,1.);
#109 = DIRECTION('',(1.,0.,0.));
#110 = ORIENTED_EDGE('',*,*,#111,.F.);
#111 = EDGE_CURVE('',#112,#104,#114,.T.);
#112 = VERTEX_POINT('',#113);
#113 = CARTESIAN_POINT('',(82.5,0.,-10.2));
#114 = LINE('',#115,#116);
#115 = CARTESIAN_POINT('',(82.5,0.,-10.2));
#116 = VECTOR('',#117,1.);
#117 = DIRECTION('',(0.,0.,1.));
#118 = ORIENTED_EDGE('',*,*,#119,.T.);
#119 = EDGE_CURVE('',#112,#120,#122,.T.);
#120 = VERTEX_POINT('',#121);
#121 = CARTESIAN_POINT('',(84.,0.,-10.2));
#122 = LINE('',#123,#124);
#123 = CARTESIAN_POINT('',(2.,0.,-10.2));
#124 = VECTOR('',#125,1.);
#125 = DIRECTION('',(1.,0.,0.));
#126 = ORIENTED_EDGE('',*,*,#127,.F.);
#127 = EDGE_CURVE('',#24,#120,#128,.T.);
#128 = LINE('',#129,#130);
#129 = CARTESIAN_POINT('',(84.,0.,-1.6));
#130 = VECTOR('',#131,1.);
#131 = DIRECTION('',(-0.,-0.,-1.));
#132 = PLANE('',#133);
#133 = AXIS2_PLACEMENT_3D('',#134,#135,#136);
#134 = CARTESIAN_POINT('',(2.,0.,-1.6));
#135 = DIRECTION('',(0.,-1.,0.));
#136 = DIRECTION('',(1.,0.,0.));
#137 = ADVANCED_FACE('',(#138,#439,#450,#461),#803,.T.);
#138 = FACE_BOUND('',#139,.T.);
#139 = EDGE_LOOP('',(#140,#149,#150,#159,#167,#175,#183,#191,#199,#207,
    #215,#223,#231,#239,#247,#255,#263,#271,#279,#287,#295,#303,#311,
    #319,#327,#335,#343,#351,#359,#367,#375,#383,#391,#399,#407,#416,
    #424,#433));
#140 = ORIENTED_EDGE('',*,*,#141,.T.);
#141 = EDGE_CURVE('',#142,#22,#144,.T.);
#142 = VERTEX_POINT('',#143);
#143 = CARTESIAN_POINT('',(0.,2.,-1.6));
#144 = CIRCLE('',#145,2.);
#145 = AXIS2_PLACEMENT_3D('',#146,#147,#148);
#146 = CARTESIAN_POINT('',(2.,2.,-1.6));
#147 = DIRECTION('',(0.,0.,1.));
#148 = DIRECTION('',(1.,0.,0.));
#149 = ORIENTED_EDGE('',*,*,#21,.T.);
#150 = ORIENTED_EDGE('',*,*,#151,.T.);
#151 = EDGE_CURVE('',#24,#152,#154,.T.);
#152 = VERTEX_POINT('',#153);
#153 = CARTESIAN_POINT('',(86.,2.,-1.6));
#154 = CIRCLE('',#155,2.);
#155 = AXIS2_PLACEMENT_3D('',#156,#157,#158);
#156 = CARTESIAN_POINT('',(84.,2.,-1.6));
#157 = DIRECTION('',(0.,0.,1.));
#158 = DIRECTION('',(1.,0.,0.));
#159 = ORIENTED_EDGE('',*,*,#160,.T.);
#160 = EDGE_CURVE('',#152,#161,#163,.T.);
#161 = VERTEX_POINT('',#162);
#162 = CARTESIAN_POINT('',(86.,13.,-1.6));
#163 = LINE('',#164,#165);
#164 = CARTESIAN_POINT('',(86.,2.,-1.6));
#165 = VECTOR('',#166,1.);
#166 = DIRECTION('',(0.,1.,0.));
#167 = ORIENTED_EDGE('',*,*,#168,.T.);
#168 = EDGE_CURVE('',#161,#169,#171,.T.);
#169 = VERTEX_POINT('',#170);
#170 = CARTESIAN_POINT('',(81.5,13.,-1.6));
#171 = LINE('',#172,#173);
#172 = CARTESIAN_POINT('',(53.75,13.,-1.6));
#173 = VECTOR('',#174,1.);
#174 = DIRECTION('',(-1.,0.,0.));
#175 = ORIENTED_EDGE('',*,*,#176,.F.);
#176 = EDGE_CURVE('',#177,#169,#179,.T.);
#177 = VERTEX_POINT('',#178);
#178 = CARTESIAN_POINT('',(81.5,6.5,-1.6));
#179 = LINE('',#180,#181);
#180 = CARTESIAN_POINT('',(81.5,6.5,-1.6));
#181 = VECTOR('',#182,1.);
#182 = DIRECTION('',(0.,1.,0.));
#183 = ORIENTED_EDGE('',*,*,#184,.F.);
#184 = EDGE_CURVE('',#185,#177,#187,.T.);
#185 = VERTEX_POINT('',#186);
#186 = CARTESIAN_POINT('',(79.5,6.5,-1.6));
#187 = LINE('',#188,#189);
#188 = CARTESIAN_POINT('',(79.5,6.5,-1.6));
#189 = VECTOR('',#190,1.);
#190 = DIRECTION('',(1.,0.,0.));
#191 = ORIENTED_EDGE('',*,*,#192,.F.);
#192 = EDGE_CURVE('',#193,#185,#195,.T.);
#193 = VERTEX_POINT('',#194);
#194 = CARTESIAN_POINT('',(79.5,13.,-1.6));
#195 = LINE('',#196,#197);
#196 = CARTESIAN_POINT('',(79.5,13.,-1.6));
#197 = VECTOR('',#198,1.);
#198 = DIRECTION('',(0.,-1.,0.));
#199 = ORIENTED_EDGE('',*,*,#200,.T.);
#200 = EDGE_CURVE('',#193,#201,#203,.T.);
#201 = VERTEX_POINT('',#202);
#202 = CARTESIAN_POINT('',(75.5,13.,-1.6));
#203 = LINE('',#204,#205);
#204 = CARTESIAN_POINT('',(53.75,13.,-1.6));
#205 = VECTOR('',#206,1.);
#206 = DIRECTION('',(-1.,0.,0.));
#207 = ORIENTED_EDGE('',*,*,#208,.F.);
#208 = EDGE_CURVE('',#209,#201,#211,.T.);
#209 = VERTEX_POINT('',#210);
#210 = CARTESIAN_POINT('',(75.5,6.5,-1.6));
#211 = LINE('',#212,#213);
#212 = CARTESIAN_POINT('',(75.5,6.5,-1.6));
#213 = VECTOR('',#214,1.);
#214 = DIRECTION('',(0.,1.,0.));
#215 = ORIENTED_EDGE('',*,*,#216,.F.);
#216 = EDGE_CURVE('',#217,#209,#219,.T.);
#217 = VERTEX_POINT('',#218);
#218 = CARTESIAN_POINT('',(73.5,6.5,-1.6));
#219 = LINE('',#220,#221);
#220 = CARTESIAN_POINT('',(73.5,6.5,-1.6));
#221 = VECTOR('',#222,1.);
#222 = DIRECTION('',(1.,0.,0.));
#223 = ORIENTED_EDGE('',*,*,#224,.F.);
#224 = EDGE_CURVE('',#225,#217,#227,.T.);
#225 = VERTEX_POINT('',#226);
#226 = CARTESIAN_POINT('',(73.5,13.,-1.6));
#227 = LINE('',#228,#229);
#228 = CARTESIAN_POINT('',(73.5,13.,-1.6));
#229 = VECTOR('',#230,1.);
#230 = DIRECTION('',(0.,-1.,0.));
#231 = ORIENTED_EDGE('',*,*,#232,.T.);
#232 = EDGE_CURVE('',#225,#233,#235,.T.);
#233 = VERTEX_POINT('',#234);
#234 = CARTESIAN_POINT('',(69.5,13.,-1.6));
#235 = LINE('',#236,#237);
#236 = CARTESIAN_POINT('',(53.75,13.,-1.6));
#237 = VECTOR('',#238,1.);
#238 = DIRECTION('',(-1.,0.,0.));
#239 = ORIENTED_EDGE('',*,*,#240,.F.);
#240 = EDGE_CURVE('',#241,#233,#243,.T.);
#241 = VERTEX_POINT('',#242);
#242 = CARTESIAN_POINT('',(69.5,6.5,-1.6));
#243 = LINE('',#244,#245);
#244 = CARTESIAN_POINT('',(69.5,6.5,-1.6));
#245 = VECTOR('',#246,1.);
#246 = DIRECTION('',(0.,1.,0.));
#247 = ORIENTED_EDGE('',*,*,#248,.F.);
#248 = EDGE_CURVE('',#249,#241,#251,.T.);
#249 = VERTEX_POINT('',#250);
#250 = CARTESIAN_POINT('',(67.5,6.5,-1.6));
#251 = LINE('',#252,#253);
#252 = CARTESIAN_POINT('',(67.5,6.5,-1.6));
#253 = VECTOR('',#254,1.);
#254 = DIRECTION('',(1.,0.,0.));
#255 = ORIENTED_EDGE('',*,*,#256,.F.);
#256 = EDGE_CURVE('',#257,#249,#259,.T.);
#257 = VERTEX_POINT('',#258);
#258 = CARTESIAN_POINT('',(67.5,13.,-1.6));
#259 = LINE('',#260,#261);
#260 = CARTESIAN_POINT('',(67.5,13.,-1.6));
#261 = VECTOR('',#262,1.);
#262 = DIRECTION('',(0.,-1.,0.));
#263 = ORIENTED_EDGE('',*,*,#264,.T.);
#264 = EDGE_CURVE('',#257,#265,#267,.T.);
#265 = VERTEX_POINT('',#266);
#266 = CARTESIAN_POINT('',(64.5,13.,-1.6));
#267 = LINE('',#268,#269);
#268 = CARTESIAN_POINT('',(53.75,13.,-1.6));
#269 = VECTOR('',#270,1.);
#270 = DIRECTION('',(-1.,0.,0.));
#271 = ORIENTED_EDGE('',*,*,#272,.T.);
#272 = EDGE_CURVE('',#265,#273,#275,.T.);
#273 = VERTEX_POINT('',#274);
#274 = CARTESIAN_POINT('',(64.5,14.,-1.6));
#275 = LINE('',#276,#277);
#276 = CARTESIAN_POINT('',(64.5,15.45,-1.6));
#277 = VECTOR('',#278,1.);
#278 = DIRECTION('',(0.,1.,0.));
#279 = ORIENTED_EDGE('',*,*,#280,.T.);
#280 = EDGE_CURVE('',#273,#281,#283,.T.);
#281 = VERTEX_POINT('',#282);
#282 = CARTESIAN_POINT('',(86.,14.,-1.6));
#283 = LINE('',#284,#285);
#284 = CARTESIAN_POINT('',(64.5,14.,-1.6));
#285 = VECTOR('',#286,1.);
#286 = DIRECTION('',(1.,0.,0.));
#287 = ORIENTED_EDGE('',*,*,#288,.T.);
#288 = EDGE_CURVE('',#281,#289,#291,.T.);
#289 = VERTEX_POINT('',#290);
#290 = CARTESIAN_POINT('',(86.,19.8,-1.6));
#291 = LINE('',#292,#293);
#292 = CARTESIAN_POINT('',(86.,2.,-1.6));
#293 = VECTOR('',#294,1.);
#294 = DIRECTION('',(0.,1.,0.));
#295 = ORIENTED_EDGE('',*,*,#296,.T.);
#296 = EDGE_CURVE('',#289,#297,#299,.T.);
#297 = VERTEX_POINT('',#298);
#298 = CARTESIAN_POINT('',(64.5,19.8,-1.6));
#299 = LINE('',#300,#301);
#300 = CARTESIAN_POINT('',(53.75,19.8,-1.6));
#301 = VECTOR('',#302,1.);
#302 = DIRECTION('',(-1.,0.,0.));
#303 = ORIENTED_EDGE('',*,*,#304,.T.);
#304 = EDGE_CURVE('',#297,#305,#307,.T.);
#305 = VERTEX_POINT('',#306);
#306 = CARTESIAN_POINT('',(64.5,27.3,-1.6));
#307 = LINE('',#308,#309);
#308 = CARTESIAN_POINT('',(64.5,18.85,-1.6));
#309 = VECTOR('',#310,1.);
#310 = DIRECTION('',(0.,1.,0.));
#311 = ORIENTED_EDGE('',*,*,#312,.F.);
#312 = EDGE_CURVE('',#313,#305,#315,.T.);
#313 = VERTEX_POINT('',#314);
#314 = CARTESIAN_POINT('',(66.5,27.3,-1.6));
#315 = LINE('',#316,#317);
#316 = CARTESIAN_POINT('',(66.5,27.3,-1.6));
#317 = VECTOR('',#318,1.);
#318 = DIRECTION('',(-1.,0.,0.));
#319 = ORIENTED_EDGE('',*,*,#320,.F.);
#320 = EDGE_CURVE('',#321,#313,#323,.T.);
#321 = VERTEX_POINT('',#322);
#322 = CARTESIAN_POINT('',(66.5,20.8,-1.6));
#323 = LINE('',#324,#325);
#324 = CARTESIAN_POINT('',(66.5,20.8,-1.6));
#325 = VECTOR('',#326,1.);
#326 = DIRECTION('',(0.,1.,0.));
#327 = ORIENTED_EDGE('',*,*,#328,.T.);
#328 = EDGE_CURVE('',#321,#329,#331,.T.);
#329 = VERTEX_POINT('',#330);
#330 = CARTESIAN_POINT('',(70.5,20.8,-1.6));
#331 = LINE('',#332,#333);
#332 = CARTESIAN_POINT('',(64.5,20.8,-1.6));
#333 = VECTOR('',#334,1.);
#334 = DIRECTION('',(1.,0.,0.));
#335 = ORIENTED_EDGE('',*,*,#336,.F.);
#336 = EDGE_CURVE('',#337,#329,#339,.T.);
#337 = VERTEX_POINT('',#338);
#338 = CARTESIAN_POINT('',(70.5,27.3,-1.6));
#339 = LINE('',#340,#341);
#340 = CARTESIAN_POINT('',(70.5,27.3,-1.6));
#341 = VECTOR('',#342,1.);
#342 = DIRECTION('',(0.,-1.,0.));
#343 = ORIENTED_EDGE('',*,*,#344,.F.);
#344 = EDGE_CURVE('',#345,#337,#347,.T.);
#345 = VERTEX_POINT('',#346);
#346 = CARTESIAN_POINT('',(72.5,27.3,-1.6));
#347 = LINE('',#348,#349);
#348 = CARTESIAN_POINT('',(72.5,27.3,-1.6));
#349 = VECTOR('',#350,1.);
#350 = DIRECTION('',(-1.,0.,0.));
#351 = ORIENTED_EDGE('',*,*,#352,.F.);
#352 = EDGE_CURVE('',#353,#345,#355,.T.);
#353 = VERTEX_POINT('',#354);
#354 = CARTESIAN_POINT('',(72.5,20.8,-1.6));
#355 = LINE('',#356,#357);
#356 = CARTESIAN_POINT('',(72.5,20.8,-1.6));
#357 = VECTOR('',#358,1.);
#358 = DIRECTION('',(0.,1.,0.));
#359 = ORIENTED_EDGE('',*,*,#360,.T.);
#360 = EDGE_CURVE('',#353,#361,#363,.T.);
#361 = VERTEX_POINT('',#362);
#362 = CARTESIAN_POINT('',(76.5,20.8,-1.6));
#363 = LINE('',#364,#365);
#364 = CARTESIAN_POINT('',(64.5,20.8,-1.6));
#365 = VECTOR('',#366,1.);
#366 = DIRECTION('',(1.,0.,0.));
#367 = ORIENTED_EDGE('',*,*,#368,.F.);
#368 = EDGE_CURVE('',#369,#361,#371,.T.);
#369 = VERTEX_POINT('',#370);
#370 = CARTESIAN_POINT('',(76.5,27.3,-1.6));
#371 = LINE('',#372,#373);
#372 = CARTESIAN_POINT('',(76.5,27.3,-1.6));
#373 = VECTOR('',#374,1.);
#374 = DIRECTION('',(0.,-1.,0.));
#375 = ORIENTED_EDGE('',*,*,#376,.F.);
#376 = EDGE_CURVE('',#377,#369,#379,.T.);
#377 = VERTEX_POINT('',#378);
#378 = CARTESIAN_POINT('',(78.5,27.3,-1.6));
#379 = LINE('',#380,#381);
#380 = CARTESIAN_POINT('',(78.5,27.3,-1.6));
#381 = VECTOR('',#382,1.);
#382 = DIRECTION('',(-1.,0.,0.));
#383 = ORIENTED_EDGE('',*,*,#384,.F.);
#384 = EDGE_CURVE('',#385,#377,#387,.T.);
#385 = VERTEX_POINT('',#386);
#386 = CARTESIAN_POINT('',(78.5,20.8,-1.6));
#387 = LINE('',#388,#389);
#388 = CARTESIAN_POINT('',(78.5,20.8,-1.6));
#389 = VECTOR('',#390,1.);
#390 = DIRECTION('',(0.,1.,0.));
#391 = ORIENTED_EDGE('',*,*,#392,.T.);
#392 = EDGE_CURVE('',#385,#393,#395,.T.);
#393 = VERTEX_POINT('',#394);
#394 = CARTESIAN_POINT('',(86.,20.8,-1.6));
#395 = LINE('',#396,#397);
#396 = CARTESIAN_POINT('',(64.5,20.8,-1.6));
#397 = VECTOR('',#398,1.);
#398 = DIRECTION('',(1.,0.,0.));
#399 = ORIENTED_EDGE('',*,*,#400,.T.);
#400 = EDGE_CURVE('',#393,#401,#403,.T.);
#401 = VERTEX_POINT('',#402);
#402 = CARTESIAN_POINT('',(86.,31.8,-1.6));
#403 = LINE('',#404,#405);
#404 = CARTESIAN_POINT('',(86.,2.,-1.6));
#405 = VECTOR('',#406,1.);
#406 = DIRECTION('',(0.,1.,0.));
#407 = ORIENTED_EDGE('',*,*,#408,.T.);
#408 = EDGE_CURVE('',#401,#409,#411,.T.);
#409 = VERTEX_POINT('',#410);
#410 = CARTESIAN_POINT('',(84.,33.8,-1.6));
#411 = CIRCLE('',#412,2.);
#412 = AXIS2_PLACEMENT_3D('',#413,#414,#415);
#413 = CARTESIAN_POINT('',(84.,31.8,-1.6));
#414 = DIRECTION('',(0.,0.,1.));
#415 = DIRECTION('',(1.,0.,0.));
#416 = ORIENTED_EDGE('',*,*,#417,.T.);
#417 = EDGE_CURVE('',#409,#418,#420,.T.);
#418 = VERTEX_POINT('',#419);
#419 = CARTESIAN_POINT('',(2.,33.8,-1.6));
#420 = LINE('',#421,#422);
#421 = CARTESIAN_POINT('',(84.,33.8,-1.6));
#422 = VECTOR('',#423,1.);
#423 = DIRECTION('',(-1.,0.,0.));
#424 = ORIENTED_EDGE('',*,*,#425,.T.);
#425 = EDGE_CURVE('',#418,#426,#428,.T.);
#426 = VERTEX_POINT('',#427);
#427 = CARTESIAN_POINT('',(0.,31.8,-1.6));
#428 = CIRCLE('',#429,2.);
#429 = AXIS2_PLACEMENT_3D('',#430,#431,#432);
#430 = CARTESIAN_POINT('',(2.,31.8,-1.6));
#431 = DIRECTION('',(0.,0.,1.));
#432 = DIRECTION('',(1.,0.,0.));
#433 = ORIENTED_EDGE('',*,*,#434,.T.);
#434 = EDGE_CURVE('',#426,#142,#435,.T.);
#435 = LINE('',#436,#437);
#436 = CARTESIAN_POINT('',(0.,31.8,-1.6));
#437 = VECTOR('',#438,1.);
#438 = DIRECTION('',(0.,-1.,0.));
#439 = FACE_BOUND('',#440,.T.);
#440 = EDGE_LOOP('',(#441));
#441 = ORIENTED_EDGE('',*,*,#442,.F.);
#442 = EDGE_CURVE('',#443,#443,#445,.T.);
#443 = VERTEX_POINT('',#444);
#444 = CARTESIAN_POINT('',(5.75,3.,-1.6));
#445 = CIRCLE('',#446,1.15);
#446 = AXIS2_PLACEMENT_3D('',#447,#448,#449);
#447 = CARTESIAN_POINT('',(6.9,3.,-1.6));
#448 = DIRECTION('',(0.,0.,1.));
#449 = DIRECTION('',(-1.,0.,0.));
#450 = FACE_BOUND('',#451,.T.);
#451 = EDGE_LOOP('',(#452));
#452 = ORIENTED_EDGE('',*,*,#453,.F.);
#453 = EDGE_CURVE('',#454,#454,#456,.T.);
#454 = VERTEX_POINT('',#455);
#455 = CARTESIAN_POINT('',(5.75,30.8,-1.6));
#456 = CIRCLE('',#457,1.15);
#457 = AXIS2_PLACEMENT_3D('',#458,#459,#460);
#458 = CARTESIAN_POINT('',(6.9,30.8,-1.6));
#459 = DIRECTION('',(0.,0.,1.));
#460 = DIRECTION('',(-1.,0.,0.));
#461 = FACE_BOUND('',#462,.T.);
#462 = EDGE_LOOP('',(#463,#474,#483,#491,#499,#507,#515,#523,#531,#539,
    #548,#557,#565,#573,#581,#589,#597,#605,#613,#621,#629,#637,#645,
    #653,#661,#669,#677,#685,#693,#701,#709,#717,#725,#733,#741,#749,
    #757,#765,#773,#781,#789,#797));
#463 = ORIENTED_EDGE('',*,*,#464,.F.);
#464 = EDGE_CURVE('',#465,#467,#469,.T.);
#465 = VERTEX_POINT('',#466);
#466 = CARTESIAN_POINT('',(77.95,3.,-1.6));
#467 = VERTEX_POINT('',#468);
#468 = CARTESIAN_POINT('',(79.66789083458,4.,-1.6));
#469 = CIRCLE('',#470,1.15);
#470 = AXIS2_PLACEMENT_3D('',#471,#472,#473);
#471 = CARTESIAN_POINT('',(79.1,3.,-1.6));
#472 = DIRECTION('',(0.,0.,1.));
#473 = DIRECTION('',(-1.,0.,0.));
#474 = ORIENTED_EDGE('',*,*,#475,.F.);
#475 = EDGE_CURVE('',#476,#465,#478,.T.);
#476 = VERTEX_POINT('',#477);
#477 = CARTESIAN_POINT('',(78.53210916542,4.,-1.6));
#478 = CIRCLE('',#479,1.15);
#479 = AXIS2_PLACEMENT_3D('',#480,#481,#482);
#480 = CARTESIAN_POINT('',(79.1,3.,-1.6));
#481 = DIRECTION('',(0.,0.,1.));
#482 = DIRECTION('',(-1.,0.,0.));
#483 = ORIENTED_EDGE('',*,*,#484,.T.);
#484 = EDGE_CURVE('',#476,#485,#487,.T.);
#485 = VERTEX_POINT('',#486);
#486 = CARTESIAN_POINT('',(54.,4.,-1.6));
#487 = LINE('',#488,#489);
#488 = CARTESIAN_POINT('',(48.5,4.,-1.6));
#489 = VECTOR('',#490,1.);
#490 = DIRECTION('',(-1.,0.,0.));
#491 = ORIENTED_EDGE('',*,*,#492,.T.);
#492 = EDGE_CURVE('',#485,#493,#495,.T.);
#493 = VERTEX_POINT('',#494);
#494 = CARTESIAN_POINT('',(54.,5.,-1.6));
#495 = LINE('',#496,#497);
#496 = CARTESIAN_POINT('',(54.,10.95,-1.6));
#497 = VECTOR('',#498,1.);
#498 = DIRECTION('',(0.,1.,0.));
#499 = ORIENTED_EDGE('',*,*,#500,.F.);
#500 = EDGE_CURVE('',#501,#493,#503,.T.);
#501 = VERTEX_POINT('',#502);
#502 = CARTESIAN_POINT('',(52.,5.,-1.6));
#503 = LINE('',#504,#505);
#504 = CARTESIAN_POINT('',(52.,5.,-1.6));
#505 = VECTOR('',#506,1.);
#506 = DIRECTION('',(1.,0.,0.));
#507 = ORIENTED_EDGE('',*,*,#508,.F.);
#508 = EDGE_CURVE('',#509,#501,#511,.T.);
#509 = VERTEX_POINT('',#510);
#510 = CARTESIAN_POINT('',(52.,28.8,-1.6));
#511 = LINE('',#512,#513);
#512 = CARTESIAN_POINT('',(52.,28.8,-1.6));
#513 = VECTOR('',#514,1.);
#514 = DIRECTION('',(0.,-1.,0.));
#515 = ORIENTED_EDGE('',*,*,#516,.F.);
#516 = EDGE_CURVE('',#517,#509,#519,.T.);
#517 = VERTEX_POINT('',#518);
#518 = CARTESIAN_POINT('',(54.,28.8,-1.6));
#519 = LINE('',#520,#521);
#520 = CARTESIAN_POINT('',(59.3,28.8,-1.6));
#521 = VECTOR('',#522,1.);
#522 = DIRECTION('',(-1.,0.,0.));
#523 = ORIENTED_EDGE('',*,*,#524,.T.);
#524 = EDGE_CURVE('',#517,#525,#527,.T.);
#525 = VERTEX_POINT('',#526);
#526 = CARTESIAN_POINT('',(54.,29.8,-1.6));
#527 = LINE('',#528,#529);
#528 = CARTESIAN_POINT('',(54.,23.35,-1.6));
#529 = VECTOR('',#530,1.);
#530 = DIRECTION('',(0.,1.,0.));
#531 = ORIENTED_EDGE('',*,*,#532,.T.);
#532 = EDGE_CURVE('',#525,#533,#535,.T.);
#533 = VERTEX_POINT('',#534);
#534 = CARTESIAN_POINT('',(78.53210916542,29.8,-1.6));
#535 = LINE('',#536,#537);
#536 = CARTESIAN_POINT('',(63.5,29.8,-1.6));
#537 = VECTOR('',#538,1.);
#538 = DIRECTION('',(1.,0.,0.));
#539 = ORIENTED_EDGE('',*,*,#540,.F.);
#540 = EDGE_CURVE('',#541,#533,#543,.T.);
#541 = VERTEX_POINT('',#542);
#542 = CARTESIAN_POINT('',(77.95,30.8,-1.6));
#543 = CIRCLE('',#544,1.15);
#544 = AXIS2_PLACEMENT_3D('',#545,#546,#547);
#545 = CARTESIAN_POINT('',(79.1,30.8,-1.6));
#546 = DIRECTION('',(0.,0.,1.));
#547 = DIRECTION('',(-1.,0.,0.));
#548 = ORIENTED_EDGE('',*,*,#549,.F.);
#549 = EDGE_CURVE('',#550,#541,#552,.T.);
#550 = VERTEX_POINT('',#551);
#551 = CARTESIAN_POINT('',(79.66789083458,29.8,-1.6));
#552 = CIRCLE('',#553,1.15);
#553 = AXIS2_PLACEMENT_3D('',#554,#555,#556);
#554 = CARTESIAN_POINT('',(79.1,30.8,-1.6));
#555 = DIRECTION('',(0.,0.,1.));
#556 = DIRECTION('',(-1.,0.,0.));
#557 = ORIENTED_EDGE('',*,*,#558,.T.);
#558 = EDGE_CURVE('',#550,#559,#561,.T.);
#559 = VERTEX_POINT('',#560);
#560 = CARTESIAN_POINT('',(84.,29.8,-1.6));
#561 = LINE('',#562,#563);
#562 = CARTESIAN_POINT('',(63.5,29.8,-1.6));
#563 = VECTOR('',#564,1.);
#564 = DIRECTION('',(1.,0.,0.));
#565 = ORIENTED_EDGE('',*,*,#566,.T.);
#566 = EDGE_CURVE('',#559,#567,#569,.T.);
#567 = VERTEX_POINT('',#568);
#568 = CARTESIAN_POINT('',(84.,28.8,-1.6));
#569 = LINE('',#570,#571);
#570 = CARTESIAN_POINT('',(84.,22.85,-1.6));
#571 = VECTOR('',#572,1.);
#572 = DIRECTION('',(0.,-1.,0.));
#573 = ORIENTED_EDGE('',*,*,#574,.T.);
#574 = EDGE_CURVE('',#567,#575,#577,.T.);
#575 = VERTEX_POINT('',#576);
#576 = CARTESIAN_POINT('',(81.5,28.8,-1.6));
#577 = LINE('',#578,#579);
#578 = CARTESIAN_POINT('',(48.5,28.8,-1.6));
#579 = VECTOR('',#580,1.);
#580 = DIRECTION('',(-1.,0.,0.));
#581 = ORIENTED_EDGE('',*,*,#582,.F.);
#582 = EDGE_CURVE('',#583,#575,#585,.T.);
#583 = VERTEX_POINT('',#584);
#584 = CARTESIAN_POINT('',(81.5,22.3,-1.6));
#585 = LINE('',#586,#587);
#586 = CARTESIAN_POINT('',(81.5,22.3,-1.6));
#587 = VECTOR('',#588,1.);
#588 = DIRECTION('',(0.,1.,0.));
#589 = ORIENTED_EDGE('',*,*,#590,.F.);
#590 = EDGE_CURVE('',#591,#583,#593,.T.);
#591 = VERTEX_POINT('',#592);
#592 = CARTESIAN_POINT('',(79.5,22.3,-1.6));
#593 = LINE('',#594,#595);
#594 = CARTESIAN_POINT('',(79.5,22.3,-1.6));
#595 = VECTOR('',#596,1.);
#596 = DIRECTION('',(1.,0.,0.));
#597 = ORIENTED_EDGE('',*,*,#598,.F.);
#598 = EDGE_CURVE('',#599,#591,#601,.T.);
#599 = VERTEX_POINT('',#600);
#600 = CARTESIAN_POINT('',(79.5,28.8,-1.6));
#601 = LINE('',#602,#603);
#602 = CARTESIAN_POINT('',(79.5,28.8,-1.6));
#603 = VECTOR('',#604,1.);
#604 = DIRECTION('',(0.,-1.,0.));
#605 = ORIENTED_EDGE('',*,*,#606,.T.);
#606 = EDGE_CURVE('',#599,#607,#609,.T.);
#607 = VERTEX_POINT('',#608);
#608 = CARTESIAN_POINT('',(75.5,28.8,-1.6));
#609 = LINE('',#610,#611);
#610 = CARTESIAN_POINT('',(48.5,28.8,-1.6));
#611 = VECTOR('',#612,1.);
#612 = DIRECTION('',(-1.,0.,0.));
#613 = ORIENTED_EDGE('',*,*,#614,.F.);
#614 = EDGE_CURVE('',#615,#607,#617,.T.);
#615 = VERTEX_POINT('',#616);
#616 = CARTESIAN_POINT('',(75.5,22.3,-1.6));
#617 = LINE('',#618,#619);
#618 = CARTESIAN_POINT('',(75.5,22.3,-1.6));
#619 = VECTOR('',#620,1.);
#620 = DIRECTION('',(0.,1.,0.));
#621 = ORIENTED_EDGE('',*,*,#622,.F.);
#622 = EDGE_CURVE('',#623,#615,#625,.T.);
#623 = VERTEX_POINT('',#624);
#624 = CARTESIAN_POINT('',(73.5,22.3,-1.6));
#625 = LINE('',#626,#627);
#626 = CARTESIAN_POINT('',(73.5,22.3,-1.6));
#627 = VECTOR('',#628,1.);
#628 = DIRECTION('',(1.,0.,0.));
#629 = ORIENTED_EDGE('',*,*,#630,.F.);
#630 = EDGE_CURVE('',#631,#623,#633,.T.);
#631 = VERTEX_POINT('',#632);
#632 = CARTESIAN_POINT('',(73.5,28.8,-1.6));
#633 = LINE('',#634,#635);
#634 = CARTESIAN_POINT('',(73.5,28.8,-1.6));
#635 = VECTOR('',#636,1.);
#636 = DIRECTION('',(0.,-1.,0.));
#637 = ORIENTED_EDGE('',*,*,#638,.T.);
#638 = EDGE_CURVE('',#631,#639,#641,.T.);
#639 = VERTEX_POINT('',#640);
#640 = CARTESIAN_POINT('',(69.5,28.8,-1.6));
#641 = LINE('',#642,#643);
#642 = CARTESIAN_POINT('',(48.5,28.8,-1.6));
#643 = VECTOR('',#644,1.);
#644 = DIRECTION('',(-1.,0.,0.));
#645 = ORIENTED_EDGE('',*,*,#646,.F.);
#646 = EDGE_CURVE('',#647,#639,#649,.T.);
#647 = VERTEX_POINT('',#648);
#648 = CARTESIAN_POINT('',(69.5,22.3,-1.6));
#649 = LINE('',#650,#651);
#650 = CARTESIAN_POINT('',(69.5,22.3,-1.6));
#651 = VECTOR('',#652,1.);
#652 = DIRECTION('',(0.,1.,0.));
#653 = ORIENTED_EDGE('',*,*,#654,.F.);
#654 = EDGE_CURVE('',#655,#647,#657,.T.);
#655 = VERTEX_POINT('',#656);
#656 = CARTESIAN_POINT('',(67.5,22.3,-1.6));
#657 = LINE('',#658,#659);
#658 = CARTESIAN_POINT('',(67.5,22.3,-1.6));
#659 = VECTOR('',#660,1.);
#660 = DIRECTION('',(1.,0.,0.));
#661 = ORIENTED_EDGE('',*,*,#662,.F.);
#662 = EDGE_CURVE('',#663,#655,#665,.T.);
#663 = VERTEX_POINT('',#664);
#664 = CARTESIAN_POINT('',(67.5,28.8,-1.6));
#665 = LINE('',#666,#667);
#666 = CARTESIAN_POINT('',(67.5,28.8,-1.6));
#667 = VECTOR('',#668,1.);
#668 = DIRECTION('',(0.,-1.,0.));
#669 = ORIENTED_EDGE('',*,*,#670,.T.);
#670 = EDGE_CURVE('',#663,#671,#673,.T.);
#671 = VERTEX_POINT('',#672);
#672 = CARTESIAN_POINT('',(59.3,28.8,-1.6));
#673 = LINE('',#674,#675);
#674 = CARTESIAN_POINT('',(48.5,28.8,-1.6));
#675 = VECTOR('',#676,1.);
#676 = DIRECTION('',(-1.,0.,0.));
#677 = ORIENTED_EDGE('',*,*,#678,.F.);
#678 = EDGE_CURVE('',#679,#671,#681,.T.);
#679 = VERTEX_POINT('',#680);
#680 = CARTESIAN_POINT('',(59.3,5.,-1.6));
#681 = LINE('',#682,#683);
#682 = CARTESIAN_POINT('',(59.3,5.,-1.6));
#683 = VECTOR('',#684,1.);
#684 = DIRECTION('',(0.,1.,0.));
#685 = ORIENTED_EDGE('',*,*,#686,.T.);
#686 = EDGE_CURVE('',#679,#687,#689,.T.);
#687 = VERTEX_POINT('',#688);
#688 = CARTESIAN_POINT('',(64.5,5.,-1.6));
#689 = LINE('',#690,#691);
#690 = CARTESIAN_POINT('',(63.5,5.,-1.6));
#691 = VECTOR('',#692,1.);
#692 = DIRECTION('',(1.,0.,0.));
#693 = ORIENTED_EDGE('',*,*,#694,.F.);
#694 = EDGE_CURVE('',#695,#687,#697,.T.);
#695 = VERTEX_POINT('',#696);
#696 = CARTESIAN_POINT('',(64.5,11.5,-1.6));
#697 = LINE('',#698,#699);
#698 = CARTESIAN_POINT('',(64.5,11.5,-1.6));
#699 = VECTOR('',#700,1.);
#700 = DIRECTION('',(0.,-1.,0.));
#701 = ORIENTED_EDGE('',*,*,#702,.F.);
#702 = EDGE_CURVE('',#703,#695,#705,.T.);
#703 = VERTEX_POINT('',#704);
#704 = CARTESIAN_POINT('',(66.5,11.5,-1.6));
#705 = LINE('',#706,#707);
#706 = CARTESIAN_POINT('',(66.5,11.5,-1.6));
#707 = VECTOR('',#708,1.);
#708 = DIRECTION('',(-1.,0.,0.));
#709 = ORIENTED_EDGE('',*,*,#710,.F.);
#710 = EDGE_CURVE('',#711,#703,#713,.T.);
#711 = VERTEX_POINT('',#712);
#712 = CARTESIAN_POINT('',(66.5,5.,-1.6));
#713 = LINE('',#714,#715);
#714 = CARTESIAN_POINT('',(66.5,5.,-1.6));
#715 = VECTOR('',#716,1.);
#716 = DIRECTION('',(0.,1.,0.));
#717 = ORIENTED_EDGE('',*,*,#718,.T.);
#718 = EDGE_CURVE('',#711,#719,#721,.T.);
#719 = VERTEX_POINT('',#720);
#720 = CARTESIAN_POINT('',(70.5,5.,-1.6));
#721 = LINE('',#722,#723);
#722 = CARTESIAN_POINT('',(63.5,5.,-1.6));
#723 = VECTOR('',#724,1.);
#724 = DIRECTION('',(1.,0.,0.));
#725 = ORIENTED_EDGE('',*,*,#726,.F.);
#726 = EDGE_CURVE('',#727,#719,#729,.T.);
#727 = VERTEX_POINT('',#728);
#728 = CARTESIAN_POINT('',(70.5,11.5,-1.6));
#729 = LINE('',#730,#731);
#730 = CARTESIAN_POINT('',(70.5,11.5,-1.6));
#731 = VECTOR('',#732,1.);
#732 = DIRECTION('',(0.,-1.,0.));
#733 = ORIENTED_EDGE('',*,*,#734,.F.);
#734 = EDGE_CURVE('',#735,#727,#737,.T.);
#735 = VERTEX_POINT('',#736);
#736 = CARTESIAN_POINT('',(72.5,11.5,-1.6));
#737 = LINE('',#738,#739);
#738 = CARTESIAN_POINT('',(72.5,11.5,-1.6));
#739 = VECTOR('',#740,1.);
#740 = DIRECTION('',(-1.,0.,0.));
#741 = ORIENTED_EDGE('',*,*,#742,.F.);
#742 = EDGE_CURVE('',#743,#735,#745,.T.);
#743 = VERTEX_POINT('',#744);
#744 = CARTESIAN_POINT('',(72.5,5.,-1.6));
#745 = LINE('',#746,#747);
#746 = CARTESIAN_POINT('',(72.5,5.,-1.6));
#747 = VECTOR('',#748,1.);
#748 = DIRECTION('',(0.,1.,0.));
#749 = ORIENTED_EDGE('',*,*,#750,.T.);
#750 = EDGE_CURVE('',#743,#751,#753,.T.);
#751 = VERTEX_POINT('',#752);
#752 = CARTESIAN_POINT('',(76.5,5.,-1.6));
#753 = LINE('',#754,#755);
#754 = CARTESIAN_POINT('',(63.5,5.,-1.6));
#755 = VECTOR('',#756,1.);
#756 = DIRECTION('',(1.,0.,0.));
#757 = ORIENTED_EDGE('',*,*,#758,.F.);
#758 = EDGE_CURVE('',#759,#751,#761,.T.);
#759 = VERTEX_POINT('',#760);
#760 = CARTESIAN_POINT('',(76.5,11.5,-1.6));
#761 = LINE('',#762,#763);
#762 = CARTESIAN_POINT('',(76.5,11.5,-1.6));
#763 = VECTOR('',#764,1.);
#764 = DIRECTION('',(0.,-1.,0.));
#765 = ORIENTED_EDGE('',*,*,#766,.F.);
#766 = EDGE_CURVE('',#767,#759,#769,.T.);
#767 = VERTEX_POINT('',#768);
#768 = CARTESIAN_POINT('',(78.5,11.5,-1.6));
#769 = LINE('',#770,#771);
#770 = CARTESIAN_POINT('',(78.5,11.5,-1.6));
#771 = VECTOR('',#772,1.);
#772 = DIRECTION('',(-1.,0.,0.));
#773 = ORIENTED_EDGE('',*,*,#774,.F.);
#774 = EDGE_CURVE('',#775,#767,#777,.T.);
#775 = VERTEX_POINT('',#776);
#776 = CARTESIAN_POINT('',(78.5,5.,-1.6));
#777 = LINE('',#778,#779);
#778 = CARTESIAN_POINT('',(78.5,5.,-1.6));
#779 = VECTOR('',#780,1.);
#780 = DIRECTION('',(0.,1.,0.));
#781 = ORIENTED_EDGE('',*,*,#782,.T.);
#782 = EDGE_CURVE('',#775,#783,#785,.T.);
#783 = VERTEX_POINT('',#784);
#784 = CARTESIAN_POINT('',(84.,5.,-1.6));
#785 = LINE('',#786,#787);
#786 = CARTESIAN_POINT('',(63.5,5.,-1.6));
#787 = VECTOR('',#788,1.);
#788 = DIRECTION('',(1.,0.,0.));
#789 = ORIENTED_EDGE('',*,*,#790,.T.);
#790 = EDGE_CURVE('',#783,#791,#793,.T.);
#791 = VERTEX_POINT('',#792);
#792 = CARTESIAN_POINT('',(84.,4.,-1.6));
#793 = LINE('',#794,#795);
#794 = CARTESIAN_POINT('',(84.,10.45,-1.6));
#795 = VECTOR('',#796,1.);
#796 = DIRECTION('',(0.,-1.,0.));
#797 = ORIENTED_EDGE('',*,*,#798,.T.);
#798 = EDGE_CURVE('',#791,#467,#799,.T.);
#799 = LINE('',#800,#801);
#800 = CARTESIAN_POINT('',(48.5,4.,-1.6));
#801 = VECTOR('',#802,1.);
#802 = DIRECTION('',(-1.,0.,0.));
#803 = PLANE('',#804);
#804 = AXIS2_PLACEMENT_3D('',#805,#806,#807);
#805 = CARTESIAN_POINT('',(43.,16.9,-1.6));
#806 = DIRECTION('',(0.,0.,1.));
#807 = DIRECTION('',(1.,0.,0.));
#808 = ADVANCED_FACE('',(#809),#828,.T.);
#809 = FACE_BOUND('',#810,.T.);
#810 = EDGE_LOOP('',(#811,#812,#821,#827));
#811 = ORIENTED_EDGE('',*,*,#127,.T.);
#812 = ORIENTED_EDGE('',*,*,#813,.T.);
#813 = EDGE_CURVE('',#120,#814,#816,.T.);
#814 = VERTEX_POINT('',#815);
#815 = CARTESIAN_POINT('',(86.,2.,-10.2));
#816 = CIRCLE('',#817,2.);
#817 = AXIS2_PLACEMENT_3D('',#818,#819,#820);
#818 = CARTESIAN_POINT('',(84.,2.,-10.2));
#819 = DIRECTION('',(0.,0.,1.));
#820 = DIRECTION('',(1.,0.,0.));
#821 = ORIENTED_EDGE('',*,*,#822,.F.);
#822 = EDGE_CURVE('',#152,#814,#823,.T.);
#823 = LINE('',#824,#825);
#824 = CARTESIAN_POINT('',(86.,2.,-1.6));
#825 = VECTOR('',#826,1.);
#826 = DIRECTION('',(-0.,-0.,-1.));
#827 = ORIENTED_EDGE('',*,*,#151,.F.);
#828 = CYLINDRICAL_SURFACE('',#829,2.);
#829 = AXIS2_PLACEMENT_3D('',#830,#831,#832);
#830 = CARTESIAN_POINT('',(84.,2.,-1.6));
#831 = DIRECTION('',(0.,0.,1.));
#832 = DIRECTION('',(1.,0.,0.));
#833 = ADVANCED_FACE('',(#834),#892,.T.);
#834 = FACE_BOUND('',#835,.T.);
#835 = EDGE_LOOP('',(#836,#846,#854,#862,#870,#878,#884,#885,#886));
#836 = ORIENTED_EDGE('',*,*,#837,.T.);
#837 = EDGE_CURVE('',#838,#840,#842,.T.);
#838 = VERTEX_POINT('',#839);
#839 = CARTESIAN_POINT('',(82.5,4.,-10.2));
#840 = VERTEX_POINT('',#841);
#841 = CARTESIAN_POINT('',(84.,4.,-10.2));
#842 = LINE('',#843,#844);
#843 = CARTESIAN_POINT('',(54.,4.,-10.2));
#844 = VECTOR('',#845,1.);
#845 = DIRECTION('',(1.,0.,0.));
#846 = ORIENTED_EDGE('',*,*,#847,.T.);
#847 = EDGE_CURVE('',#840,#848,#850,.T.);
#848 = VERTEX_POINT('',#849);
#849 = CARTESIAN_POINT('',(84.,5.,-10.2));
#850 = LINE('',#851,#852);
#851 = CARTESIAN_POINT('',(84.,4.,-10.2));
#852 = VECTOR('',#853,1.);
#853 = DIRECTION('',(0.,1.,0.));
#854 = ORIENTED_EDGE('',*,*,#855,.T.);
#855 = EDGE_CURVE('',#848,#856,#858,.T.);
#856 = VERTEX_POINT('',#857);
#857 = CARTESIAN_POINT('',(82.5,5.,-10.2));
#858 = LINE('',#859,#860);
#859 = CARTESIAN_POINT('',(84.,5.,-10.2));
#860 = VECTOR('',#861,1.);
#861 = DIRECTION('',(-1.,0.,0.));
#862 = ORIENTED_EDGE('',*,*,#863,.T.);
#863 = EDGE_CURVE('',#856,#864,#866,.T.);
#864 = VERTEX_POINT('',#865);
#865 = CARTESIAN_POINT('',(82.5,13.,-10.2));
#866 = LINE('',#867,#868);
#867 = CARTESIAN_POINT('',(82.5,5.,-10.2));
#868 = VECTOR('',#869,1.);
#869 = DIRECTION('',(0.,1.,0.));
#870 = ORIENTED_EDGE('',*,*,#871,.T.);
#871 = EDGE_CURVE('',#864,#872,#874,.T.);
#872 = VERTEX_POINT('',#873);
#873 = CARTESIAN_POINT('',(86.,13.,-10.2));
#874 = LINE('',#875,#876);
#875 = CARTESIAN_POINT('',(64.5,13.,-10.2));
#876 = VECTOR('',#877,1.);
#877 = DIRECTION('',(1.,0.,0.));
#878 = ORIENTED_EDGE('',*,*,#879,.F.);
#879 = EDGE_CURVE('',#814,#872,#880,.T.);
#880 = LINE('',#881,#882);
#881 = CARTESIAN_POINT('',(86.,2.,-10.2));
#882 = VECTOR('',#883,1.);
#883 = DIRECTION('',(0.,1.,0.));
#884 = ORIENTED_EDGE('',*,*,#813,.F.);
#885 = ORIENTED_EDGE('',*,*,#119,.F.);
#886 = ORIENTED_EDGE('',*,*,#887,.T.);
#887 = EDGE_CURVE('',#112,#838,#888,.T.);
#888 = LINE('',#889,#890);
#889 = CARTESIAN_POINT('',(82.5,0.,-10.2));
#890 = VECTOR('',#891,1.);
#891 = DIRECTION('',(0.,1.,0.));
#892 = PLANE('',#893);
#893 = AXIS2_PLACEMENT_3D('',#894,#895,#896);
#894 = CARTESIAN_POINT('',(74.557136364006,16.9,-10.2));
#895 = DIRECTION('',(-0.,-0.,-1.));
#896 = DIRECTION('',(-1.,0.,0.));
#897 = ADVANCED_FACE('',(#898),#916,.T.);
#898 = FACE_BOUND('',#899,.T.);
#899 = EDGE_LOOP('',(#900,#901,#902,#910));
#900 = ORIENTED_EDGE('',*,*,#887,.F.);
#901 = ORIENTED_EDGE('',*,*,#111,.T.);
#902 = ORIENTED_EDGE('',*,*,#903,.T.);
#903 = EDGE_CURVE('',#104,#904,#906,.T.);
#904 = VERTEX_POINT('',#905);
#905 = CARTESIAN_POINT('',(82.5,4.,-8.7));
#906 = LINE('',#907,#908);
#907 = CARTESIAN_POINT('',(82.5,0.,-8.7));
#908 = VECTOR('',#909,1.);
#909 = DIRECTION('',(0.,1.,0.));
#910 = ORIENTED_EDGE('',*,*,#911,.F.);
#911 = EDGE_CURVE('',#838,#904,#912,.T.);
#912 = LINE('',#913,#914);
#913 = CARTESIAN_POINT('',(82.5,4.,-10.2));
#914 = VECTOR('',#915,1.);
#915 = DIRECTION('',(0.,0.,1.));
#916 = PLANE('',#917);
#917 = AXIS2_PLACEMENT_3D('',#918,#919,#920);
#918 = CARTESIAN_POINT('',(82.5,0.,-10.2));
#919 = DIRECTION('',(-1.,0.,0.));
#920 = DIRECTION('',(0.,1.,0.));
#921 = ADVANCED_FACE('',(#922),#957,.F.);
#922 = FACE_BOUND('',#923,.F.);
#923 = EDGE_LOOP('',(#924,#932,#933,#934,#942,#951));
#924 = ORIENTED_EDGE('',*,*,#925,.T.);
#925 = EDGE_CURVE('',#926,#96,#928,.T.);
#926 = VERTEX_POINT('',#927);
#927 = CARTESIAN_POINT('',(64.5,4.,-8.7));
#928 = LINE('',#929,#930);
#929 = CARTESIAN_POINT('',(64.5,5.,-8.7));
#930 = VECTOR('',#931,1.);
#931 = DIRECTION('',(0.,-1.,0.));
#932 = ORIENTED_EDGE('',*,*,#103,.T.);
#933 = ORIENTED_EDGE('',*,*,#903,.T.);
#934 = ORIENTED_EDGE('',*,*,#935,.F.);
#935 = EDGE_CURVE('',#936,#904,#938,.T.);
#936 = VERTEX_POINT('',#937);
#937 = CARTESIAN_POINT('',(79.66789083458,4.,-8.7));
#938 = LINE('',#939,#940);
#939 = CARTESIAN_POINT('',(63.75,4.,-8.7));
#940 = VECTOR('',#941,1.);
#941 = DIRECTION('',(1.,0.,0.));
#942 = ORIENTED_EDGE('',*,*,#943,.F.);
#943 = EDGE_CURVE('',#944,#936,#946,.T.);
#944 = VERTEX_POINT('',#945);
#945 = CARTESIAN_POINT('',(78.53210916542,4.,-8.7));
#946 = CIRCLE('',#947,1.15);
#947 = AXIS2_PLACEMENT_3D('',#948,#949,#950);
#948 = CARTESIAN_POINT('',(79.1,3.,-8.7));
#949 = DIRECTION('',(0.,0.,1.));
#950 = DIRECTION('',(-1.,0.,0.));
#951 = ORIENTED_EDGE('',*,*,#952,.F.);
#952 = EDGE_CURVE('',#926,#944,#953,.T.);
#953 = LINE('',#954,#955);
#954 = CARTESIAN_POINT('',(63.75,4.,-8.7));
#955 = VECTOR('',#956,1.);
#956 = DIRECTION('',(1.,0.,0.));
#957 = PLANE('',#958);
#958 = AXIS2_PLACEMENT_3D('',#959,#960,#961);
#959 = CARTESIAN_POINT('',(73.5,16.9,-8.7));
#960 = DIRECTION('',(0.,0.,1.));
#961 = DIRECTION('',(1.,0.,0.));
#962 = ADVANCED_FACE('',(#963),#981,.T.);
#963 = FACE_BOUND('',#964,.T.);
#964 = EDGE_LOOP('',(#965,#973,#979,#980));
#965 = ORIENTED_EDGE('',*,*,#966,.F.);
#966 = EDGE_CURVE('',#967,#88,#969,.T.);
#967 = VERTEX_POINT('',#968);
#968 = CARTESIAN_POINT('',(64.5,4.,-10.2));
#969 = LINE('',#970,#971);
#970 = CARTESIAN_POINT('',(64.5,5.,-10.2));
#971 = VECTOR('',#972,1.);
#972 = DIRECTION('',(0.,-1.,0.));
#973 = ORIENTED_EDGE('',*,*,#974,.F.);
#974 = EDGE_CURVE('',#926,#967,#975,.T.);
#975 = LINE('',#976,#977);
#976 = CARTESIAN_POINT('',(64.5,4.,-10.2));
#977 = VECTOR('',#978,1.);
#978 = DIRECTION('',(0.,0.,-1.));
#979 = ORIENTED_EDGE('',*,*,#925,.T.);
#980 = ORIENTED_EDGE('',*,*,#95,.F.);
#981 = PLANE('',#982);
#982 = AXIS2_PLACEMENT_3D('',#983,#984,#985);
#983 = CARTESIAN_POINT('',(64.5,5.,-10.2));
#984 = DIRECTION('',(1.,0.,0.));
#985 = DIRECTION('',(0.,-1.,0.));
#986 = ADVANCED_FACE('',(#987),#1005,.T.);
#987 = FACE_BOUND('',#988,.T.);
#988 = EDGE_LOOP('',(#989,#990,#991,#999));
#989 = ORIENTED_EDGE('',*,*,#966,.T.);
#990 = ORIENTED_EDGE('',*,*,#87,.F.);
#991 = ORIENTED_EDGE('',*,*,#992,.T.);
#992 = EDGE_CURVE('',#80,#993,#995,.T.);
#993 = VERTEX_POINT('',#994);
#994 = CARTESIAN_POINT('',(60.7,4.,-10.2));
#995 = LINE('',#996,#997);
#996 = CARTESIAN_POINT('',(60.7,0.,-10.2));
#997 = VECTOR('',#998,1.);
#998 = DIRECTION('',(0.,1.,0.));
#999 = ORIENTED_EDGE('',*,*,#1000,.T.);
#1000 = EDGE_CURVE('',#993,#967,#1001,.T.);
#1001 = LINE('',#1002,#1003);
#1002 = CARTESIAN_POINT('',(54.,4.,-10.2));
#1003 = VECTOR('',#1004,1.);
#1004 = DIRECTION('',(1.,0.,0.));
#1005 = PLANE('',#1006);
#1006 = AXIS2_PLACEMENT_3D('',#1007,#1008,#1009);
#1007 = CARTESIAN_POINT('',(74.557136364006,16.9,-10.2));
#1008 = DIRECTION('',(-0.,-0.,-1.));
#1009 = DIRECTION('',(-1.,0.,0.));
#1010 = ADVANCED_FACE('',(#1011),#1029,.T.);
#1011 = FACE_BOUND('',#1012,.T.);
#1012 = EDGE_LOOP('',(#1013,#1014,#1015,#1023));
#1013 = ORIENTED_EDGE('',*,*,#992,.F.);
#1014 = ORIENTED_EDGE('',*,*,#79,.T.);
#1015 = ORIENTED_EDGE('',*,*,#1016,.T.);
#1016 = EDGE_CURVE('',#72,#1017,#1019,.T.);
#1017 = VERTEX_POINT('',#1018);
#1018 = CARTESIAN_POINT('',(60.7,4.,-4.7));
#1019 = LINE('',#1020,#1021);
#1020 = CARTESIAN_POINT('',(60.7,0.,-4.7));
#1021 = VECTOR('',#1022,1.);
#1022 = DIRECTION('',(0.,1.,0.));
#1023 = ORIENTED_EDGE('',*,*,#1024,.T.);
#1024 = EDGE_CURVE('',#1017,#993,#1025,.T.);
#1025 = LINE('',#1026,#1027);
#1026 = CARTESIAN_POINT('',(60.7,4.,-8.474168646081));
#1027 = VECTOR('',#1028,1.);
#1028 = DIRECTION('',(0.,0.,-1.));
#1029 = PLANE('',#1030);
#1030 = AXIS2_PLACEMENT_3D('',#1031,#1032,#1033);
#1031 = CARTESIAN_POINT('',(60.7,16.9,-6.748337292162));
#1032 = DIRECTION('',(-1.,-0.,-0.));
#1033 = DIRECTION('',(0.,0.,-1.));
#1034 = ADVANCED_FACE('',(#1035),#1117,.T.);
#1035 = FACE_BOUND('',#1036,.T.);
#1036 = EDGE_LOOP('',(#1037,#1038,#1046,#1054,#1062,#1070,#1078,#1086,
    #1094,#1102,#1110,#1116));
#1037 = ORIENTED_EDGE('',*,*,#71,.F.);
#1038 = ORIENTED_EDGE('',*,*,#1039,.F.);
#1039 = EDGE_CURVE('',#1040,#64,#1042,.T.);
#1040 = VERTEX_POINT('',#1041);
#1041 = CARTESIAN_POINT('',(25.3,33.8,-4.7));
#1042 = LINE('',#1043,#1044);
#1043 = CARTESIAN_POINT('',(25.3,33.8,-4.7));
#1044 = VECTOR('',#1045,1.);
#1045 = DIRECTION('',(0.,-1.,0.));
#1046 = ORIENTED_EDGE('',*,*,#1047,.F.);
#1047 = EDGE_CURVE('',#1048,#1040,#1050,.T.);
#1048 = VERTEX_POINT('',#1049);
#1049 = CARTESIAN_POINT('',(60.7,33.8,-4.7));
#1050 = LINE('',#1051,#1052);
#1051 = CARTESIAN_POINT('',(60.7,33.8,-4.7));
#1052 = VECTOR('',#1053,1.);
#1053 = DIRECTION('',(-1.,0.,0.));
#1054 = ORIENTED_EDGE('',*,*,#1055,.F.);
#1055 = EDGE_CURVE('',#1056,#1048,#1058,.T.);
#1056 = VERTEX_POINT('',#1057);
#1057 = CARTESIAN_POINT('',(60.7,29.8,-4.7));
#1058 = LINE('',#1059,#1060);
#1059 = CARTESIAN_POINT('',(60.7,0.,-4.7));
#1060 = VECTOR('',#1061,1.);
#1061 = DIRECTION('',(0.,1.,0.));
#1062 = ORIENTED_EDGE('',*,*,#1063,.T.);
#1063 = EDGE_CURVE('',#1056,#1064,#1066,.T.);
#1064 = VERTEX_POINT('',#1065);
#1065 = CARTESIAN_POINT('',(54.,29.8,-4.7));
#1066 = LINE('',#1067,#1068);
#1067 = CARTESIAN_POINT('',(63.5,29.8,-4.7));
#1068 = VECTOR('',#1069,1.);
#1069 = DIRECTION('',(-1.,0.,0.));
#1070 = ORIENTED_EDGE('',*,*,#1071,.T.);
#1071 = EDGE_CURVE('',#1064,#1072,#1074,.T.);
#1072 = VERTEX_POINT('',#1073);
#1073 = CARTESIAN_POINT('',(54.,28.8,-4.7));
#1074 = LINE('',#1075,#1076);
#1075 = CARTESIAN_POINT('',(54.,23.35,-4.7));
#1076 = VECTOR('',#1077,1.);
#1077 = DIRECTION('',(0.,-1.,0.));
#1078 = ORIENTED_EDGE('',*,*,#1079,.F.);
#1079 = EDGE_CURVE('',#1080,#1072,#1082,.T.);
#1080 = VERTEX_POINT('',#1081);
#1081 = CARTESIAN_POINT('',(52.,28.8,-4.7));
#1082 = LINE('',#1083,#1084);
#1083 = CARTESIAN_POINT('',(51.15,28.8,-4.7));
#1084 = VECTOR('',#1085,1.);
#1085 = DIRECTION('',(1.,0.,0.));
#1086 = ORIENTED_EDGE('',*,*,#1087,.F.);
#1087 = EDGE_CURVE('',#1088,#1080,#1090,.T.);
#1088 = VERTEX_POINT('',#1089);
#1089 = CARTESIAN_POINT('',(52.,5.,-4.7));
#1090 = LINE('',#1091,#1092);
#1091 = CARTESIAN_POINT('',(52.,22.85,-4.7));
#1092 = VECTOR('',#1093,1.);
#1093 = DIRECTION('',(0.,1.,0.));
#1094 = ORIENTED_EDGE('',*,*,#1095,.F.);
#1095 = EDGE_CURVE('',#1096,#1088,#1098,.T.);
#1096 = VERTEX_POINT('',#1097);
#1097 = CARTESIAN_POINT('',(54.,5.,-4.7));
#1098 = LINE('',#1099,#1100);
#1099 = CARTESIAN_POINT('',(47.5,5.,-4.7));
#1100 = VECTOR('',#1101,1.);
#1101 = DIRECTION('',(-1.,0.,0.));
#1102 = ORIENTED_EDGE('',*,*,#1103,.T.);
#1103 = EDGE_CURVE('',#1096,#1104,#1106,.T.);
#1104 = VERTEX_POINT('',#1105);
#1105 = CARTESIAN_POINT('',(54.,4.,-4.7));
#1106 = LINE('',#1107,#1108);
#1107 = CARTESIAN_POINT('',(54.,10.95,-4.7));
#1108 = VECTOR('',#1109,1.);
#1109 = DIRECTION('',(0.,-1.,0.));
#1110 = ORIENTED_EDGE('',*,*,#1111,.T.);
#1111 = EDGE_CURVE('',#1104,#1017,#1112,.T.);
#1112 = LINE('',#1113,#1114);
#1113 = CARTESIAN_POINT('',(48.5,4.,-4.7));
#1114 = VECTOR('',#1115,1.);
#1115 = DIRECTION('',(1.,0.,0.));
#1116 = ORIENTED_EDGE('',*,*,#1016,.F.);
#1117 = PLANE('',#1118);
#1118 = AXIS2_PLACEMENT_3D('',#1119,#1120,#1121);
#1119 = CARTESIAN_POINT('',(43.,16.9,-4.7));
#1120 = DIRECTION('',(-0.,-0.,-1.));
#1121 = DIRECTION('',(-1.,0.,0.));
#1122 = ADVANCED_FACE('',(#1123),#1141,.T.);
#1123 = FACE_BOUND('',#1124,.T.);
#1124 = EDGE_LOOP('',(#1125,#1133,#1134,#1135));
#1125 = ORIENTED_EDGE('',*,*,#1126,.T.);
#1126 = EDGE_CURVE('',#1127,#1040,#1129,.T.);
#1127 = VERTEX_POINT('',#1128);
#1128 = CARTESIAN_POINT('',(25.3,33.8,-7.4));
#1129 = LINE('',#1130,#1131);
#1130 = CARTESIAN_POINT('',(25.3,33.8,-7.4));
#1131 = VECTOR('',#1132,1.);
#1132 = DIRECTION('',(0.,0.,1.));
#1133 = ORIENTED_EDGE('',*,*,#1039,.T.);
#1134 = ORIENTED_EDGE('',*,*,#63,.F.);
#1135 = ORIENTED_EDGE('',*,*,#1136,.F.);
#1136 = EDGE_CURVE('',#1127,#56,#1137,.T.);
#1137 = LINE('',#1138,#1139);
#1138 = CARTESIAN_POINT('',(25.3,33.8,-7.4));
#1139 = VECTOR('',#1140,1.);
#1140 = DIRECTION('',(0.,-1.,0.));
#1141 = PLANE('',#1142);
#1142 = AXIS2_PLACEMENT_3D('',#1143,#1144,#1145);
#1143 = CARTESIAN_POINT('',(25.3,33.8,-7.4));
#1144 = DIRECTION('',(1.,0.,0.));
#1145 = DIRECTION('',(0.,-1.,0.));
#1146 = ADVANCED_FACE('',(#1147),#1165,.T.);
#1147 = FACE_BOUND('',#1148,.T.);
#1148 = EDGE_LOOP('',(#1149,#1150,#1151,#1159));
#1149 = ORIENTED_EDGE('',*,*,#1136,.T.);
#1150 = ORIENTED_EDGE('',*,*,#55,.T.);
#1151 = ORIENTED_EDGE('',*,*,#1152,.F.);
#1152 = EDGE_CURVE('',#1153,#48,#1155,.T.);
#1153 = VERTEX_POINT('',#1154);
#1154 = CARTESIAN_POINT('',(26.7,33.8,-7.4));
#1155 = LINE('',#1156,#1157);
#1156 = CARTESIAN_POINT('',(26.7,25.35,-7.4));
#1157 = VECTOR('',#1158,1.);
#1158 = DIRECTION('',(0.,-1.,0.));
#1159 = ORIENTED_EDGE('',*,*,#1160,.T.);
#1160 = EDGE_CURVE('',#1153,#1127,#1161,.T.);
#1161 = LINE('',#1162,#1163);
#1162 = CARTESIAN_POINT('',(60.7,33.8,-7.4));
#1163 = VECTOR('',#1164,1.);
#1164 = DIRECTION('',(-1.,0.,0.));
#1165 = PLANE('',#1166);
#1166 = AXIS2_PLACEMENT_3D('',#1167,#1168,#1169);
#1167 = CARTESIAN_POINT('',(43.,16.9,-7.4));
#1168 = DIRECTION('',(0.,0.,1.));
#1169 = DIRECTION('',(1.,0.,0.));
#1170 = ADVANCED_FACE('',(#1171),#1189,.T.);
#1171 = FACE_BOUND('',#1172,.T.);
#1172 = EDGE_LOOP('',(#1173,#1181,#1187,#1188));
#1173 = ORIENTED_EDGE('',*,*,#1174,.F.);
#1174 = EDGE_CURVE('',#1175,#40,#1177,.T.);
#1175 = VERTEX_POINT('',#1176);
#1176 = CARTESIAN_POINT('',(26.7,33.8,-10.2));
#1177 = LINE('',#1178,#1179);
#1178 = CARTESIAN_POINT('',(26.7,33.8,-10.2));
#1179 = VECTOR('',#1180,1.);
#1180 = DIRECTION('',(0.,-1.,0.));
#1181 = ORIENTED_EDGE('',*,*,#1182,.T.);
#1182 = EDGE_CURVE('',#1175,#1153,#1183,.T.);
#1183 = LINE('',#1184,#1185);
#1184 = CARTESIAN_POINT('',(26.7,33.8,-10.2));
#1185 = VECTOR('',#1186,1.);
#1186 = DIRECTION('',(0.,0.,1.));
#1187 = ORIENTED_EDGE('',*,*,#1152,.T.);
#1188 = ORIENTED_EDGE('',*,*,#47,.F.);
#1189 = PLANE('',#1190);
#1190 = AXIS2_PLACEMENT_3D('',#1191,#1192,#1193);
#1191 = CARTESIAN_POINT('',(26.7,33.8,-10.2));
#1192 = DIRECTION('',(1.,0.,0.));
#1193 = DIRECTION('',(0.,-1.,0.));
#1194 = ADVANCED_FACE('',(#1195,#1231,#1242),#1253,.F.);
#1195 = FACE_BOUND('',#1196,.F.);
#1196 = EDGE_LOOP('',(#1197,#1206,#1207,#1208,#1216,#1225));
#1197 = ORIENTED_EDGE('',*,*,#1198,.T.);
#1198 = EDGE_CURVE('',#1199,#32,#1201,.T.);
#1199 = VERTEX_POINT('',#1200);
#1200 = CARTESIAN_POINT('',(0.,2.,-10.2));
#1201 = CIRCLE('',#1202,2.);
#1202 = AXIS2_PLACEMENT_3D('',#1203,#1204,#1205);
#1203 = CARTESIAN_POINT('',(2.,2.,-10.2));
#1204 = DIRECTION('',(0.,0.,1.));
#1205 = DIRECTION('',(1.,0.,0.));
#1206 = ORIENTED_EDGE('',*,*,#39,.T.);
#1207 = ORIENTED_EDGE('',*,*,#1174,.F.);
#1208 = ORIENTED_EDGE('',*,*,#1209,.T.);
#1209 = EDGE_CURVE('',#1175,#1210,#1212,.T.);
#1210 = VERTEX_POINT('',#1211);
#1211 = CARTESIAN_POINT('',(2.,33.8,-10.2));
#1212 = LINE('',#1213,#1214);
#1213 = CARTESIAN_POINT('',(84.,33.8,-10.2));
#1214 = VECTOR('',#1215,1.);
#1215 = DIRECTION('',(-1.,0.,0.));
#1216 = ORIENTED_EDGE('',*,*,#1217,.T.);
#1217 = EDGE_CURVE('',#1210,#1218,#1220,.T.);
#1218 = VERTEX_POINT('',#1219);
#1219 = CARTESIAN_POINT('',(0.,31.8,-10.2));
#1220 = CIRCLE('',#1221,2.);
#1221 = AXIS2_PLACEMENT_3D('',#1222,#1223,#1224);
#1222 = CARTESIAN_POINT('',(2.,31.8,-10.2));
#1223 = DIRECTION('',(0.,0.,1.));
#1224 = DIRECTION('',(1.,0.,0.));
#1225 = ORIENTED_EDGE('',*,*,#1226,.T.);
#1226 = EDGE_CURVE('',#1218,#1199,#1227,.T.);
#1227 = LINE('',#1228,#1229);
#1228 = CARTESIAN_POINT('',(0.,31.8,-10.2));
#1229 = VECTOR('',#1230,1.);
#1230 = DIRECTION('',(0.,-1.,0.));
#1231 = FACE_BOUND('',#1232,.F.);
#1232 = EDGE_LOOP('',(#1233));
#1233 = ORIENTED_EDGE('',*,*,#1234,.T.);
#1234 = EDGE_CURVE('',#1235,#1235,#1237,.T.);
#1235 = VERTEX_POINT('',#1236);
#1236 = CARTESIAN_POINT('',(4.9,3.,-10.2));
#1237 = CIRCLE('',#1238,2.);
#1238 = AXIS2_PLACEMENT_3D('',#1239,#1240,#1241);
#1239 = CARTESIAN_POINT('',(6.9,3.,-10.2));
#1240 = DIRECTION('',(0.,0.,-1.));
#1241 = DIRECTION('',(-1.,0.,0.));
#1242 = FACE_BOUND('',#1243,.F.);
#1243 = EDGE_LOOP('',(#1244));
#1244 = ORIENTED_EDGE('',*,*,#1245,.T.);
#1245 = EDGE_CURVE('',#1246,#1246,#1248,.T.);
#1246 = VERTEX_POINT('',#1247);
#1247 = CARTESIAN_POINT('',(4.9,30.8,-10.2));
#1248 = CIRCLE('',#1249,2.);
#1249 = AXIS2_PLACEMENT_3D('',#1250,#1251,#1252);
#1250 = CARTESIAN_POINT('',(6.9,30.8,-10.2));
#1251 = DIRECTION('',(0.,0.,-1.));
#1252 = DIRECTION('',(-1.,0.,0.));
#1253 = PLANE('',#1254);
#1254 = AXIS2_PLACEMENT_3D('',#1255,#1256,#1257);
#1255 = CARTESIAN_POINT('',(43.,16.9,-10.2));
#1256 = DIRECTION('',(0.,0.,1.));
#1257 = DIRECTION('',(1.,0.,0.));
#1258 = ADVANCED_FACE('',(#1259),#1270,.T.);
#1259 = FACE_BOUND('',#1260,.T.);
#1260 = EDGE_LOOP('',(#1261,#1267,#1268,#1269));
#1261 = ORIENTED_EDGE('',*,*,#1262,.T.);
#1262 = EDGE_CURVE('',#142,#1199,#1263,.T.);
#1263 = LINE('',#1264,#1265);
#1264 = CARTESIAN_POINT('',(0.,2.,-1.6));
#1265 = VECTOR('',#1266,1.);
#1266 = DIRECTION('',(-0.,-0.,-1.));
#1267 = ORIENTED_EDGE('',*,*,#1198,.T.);
#1268 = ORIENTED_EDGE('',*,*,#31,.F.);
#1269 = ORIENTED_EDGE('',*,*,#141,.F.);
#1270 = CYLINDRICAL_SURFACE('',#1271,2.);
#1271 = AXIS2_PLACEMENT_3D('',#1272,#1273,#1274);
#1272 = CARTESIAN_POINT('',(2.,2.,-1.6));
#1273 = DIRECTION('',(0.,0.,1.));
#1274 = DIRECTION('',(1.,0.,0.));
#1275 = ADVANCED_FACE('',(#1276),#1287,.T.);
#1276 = FACE_BOUND('',#1277,.T.);
#1277 = EDGE_LOOP('',(#1278,#1284,#1285,#1286));
#1278 = ORIENTED_EDGE('',*,*,#1279,.T.);
#1279 = EDGE_CURVE('',#426,#1218,#1280,.T.);
#1280 = LINE('',#1281,#1282);
#1281 = CARTESIAN_POINT('',(0.,31.8,-1.6));
#1282 = VECTOR('',#1283,1.);
#1283 = DIRECTION('',(-0.,-0.,-1.));
#1284 = ORIENTED_EDGE('',*,*,#1226,.T.);
#1285 = ORIENTED_EDGE('',*,*,#1262,.F.);
#1286 = ORIENTED_EDGE('',*,*,#434,.F.);
#1287 = PLANE('',#1288);
#1288 = AXIS2_PLACEMENT_3D('',#1289,#1290,#1291);
#1289 = CARTESIAN_POINT('',(0.,31.8,-1.6));
#1290 = DIRECTION('',(-1.,0.,0.));
#1291 = DIRECTION('',(0.,-1.,0.));
#1292 = ADVANCED_FACE('',(#1293),#1304,.T.);
#1293 = FACE_BOUND('',#1294,.T.);
#1294 = EDGE_LOOP('',(#1295,#1301,#1302,#1303));
#1295 = ORIENTED_EDGE('',*,*,#1296,.T.);
#1296 = EDGE_CURVE('',#418,#1210,#1297,.T.);
#1297 = LINE('',#1298,#1299);
#1298 = CARTESIAN_POINT('',(2.,33.8,-1.6));
#1299 = VECTOR('',#1300,1.);
#1300 = DIRECTION('',(-0.,-0.,-1.));
#1301 = ORIENTED_EDGE('',*,*,#1217,.T.);
#1302 = ORIENTED_EDGE('',*,*,#1279,.F.);
#1303 = ORIENTED_EDGE('',*,*,#425,.F.);
#1304 = CYLINDRICAL_SURFACE('',#1305,2.);
#1305 = AXIS2_PLACEMENT_3D('',#1306,#1307,#1308);
#1306 = CARTESIAN_POINT('',(2.,31.8,-1.6));
#1307 = DIRECTION('',(0.,0.,1.));
#1308 = DIRECTION('',(1.,0.,0.));
#1309 = ADVANCED_FACE('',(#1310),#1373,.T.);
#1310 = FACE_BOUND('',#1311,.T.);
#1311 = EDGE_LOOP('',(#1312,#1313,#1321,#1329,#1337,#1345,#1353,#1361,
    #1367,#1368,#1369,#1370,#1371,#1372));
#1312 = ORIENTED_EDGE('',*,*,#417,.F.);
#1313 = ORIENTED_EDGE('',*,*,#1314,.T.);
#1314 = EDGE_CURVE('',#409,#1315,#1317,.T.);
#1315 = VERTEX_POINT('',#1316);
#1316 = CARTESIAN_POINT('',(84.,33.8,-10.2));
#1317 = LINE('',#1318,#1319);
#1318 = CARTESIAN_POINT('',(84.,33.8,-1.6));
#1319 = VECTOR('',#1320,1.);
#1320 = DIRECTION('',(-0.,-0.,-1.));
#1321 = ORIENTED_EDGE('',*,*,#1322,.T.);
#1322 = EDGE_CURVE('',#1315,#1323,#1325,.T.);
#1323 = VERTEX_POINT('',#1324);
#1324 = CARTESIAN_POINT('',(82.5,33.8,-10.2));
#1325 = LINE('',#1326,#1327);
#1326 = CARTESIAN_POINT('',(84.,33.8,-10.2));
#1327 = VECTOR('',#1328,1.);
#1328 = DIRECTION('',(-1.,0.,0.));
#1329 = ORIENTED_EDGE('',*,*,#1330,.T.);
#1330 = EDGE_CURVE('',#1323,#1331,#1333,.T.);
#1331 = VERTEX_POINT('',#1332);
#1332 = CARTESIAN_POINT('',(82.5,33.8,-8.7));
#1333 = LINE('',#1334,#1335);
#1334 = CARTESIAN_POINT('',(82.5,33.8,-10.2));
#1335 = VECTOR('',#1336,1.);
#1336 = DIRECTION('',(0.,0.,1.));
#1337 = ORIENTED_EDGE('',*,*,#1338,.T.);
#1338 = EDGE_CURVE('',#1331,#1339,#1341,.T.);
#1339 = VERTEX_POINT('',#1340);
#1340 = CARTESIAN_POINT('',(64.5,33.8,-8.7));
#1341 = LINE('',#1342,#1343);
#1342 = CARTESIAN_POINT('',(82.5,33.8,-8.7));
#1343 = VECTOR('',#1344,1.);
#1344 = DIRECTION('',(-1.,0.,0.));
#1345 = ORIENTED_EDGE('',*,*,#1346,.F.);
#1346 = EDGE_CURVE('',#1347,#1339,#1349,.T.);
#1347 = VERTEX_POINT('',#1348);
#1348 = CARTESIAN_POINT('',(64.5,33.8,-10.2));
#1349 = LINE('',#1350,#1351);
#1350 = CARTESIAN_POINT('',(64.5,33.8,-10.2));
#1351 = VECTOR('',#1352,1.);
#1352 = DIRECTION('',(0.,0.,1.));
#1353 = ORIENTED_EDGE('',*,*,#1354,.T.);
#1354 = EDGE_CURVE('',#1347,#1355,#1357,.T.);
#1355 = VERTEX_POINT('',#1356);
#1356 = CARTESIAN_POINT('',(60.7,33.8,-10.2));
#1357 = LINE('',#1358,#1359);
#1358 = CARTESIAN_POINT('',(84.,33.8,-10.2));
#1359 = VECTOR('',#1360,1.);
#1360 = DIRECTION('',(-1.,0.,0.));
#1361 = ORIENTED_EDGE('',*,*,#1362,.T.);
#1362 = EDGE_CURVE('',#1355,#1048,#1363,.T.);
#1363 = LINE('',#1364,#1365);
#1364 = CARTESIAN_POINT('',(60.7,33.8,-10.2));
#1365 = VECTOR('',#1366,1.);
#1366 = DIRECTION('',(0.,0.,1.));
#1367 = ORIENTED_EDGE('',*,*,#1047,.T.);
#1368 = ORIENTED_EDGE('',*,*,#1126,.F.);
#1369 = ORIENTED_EDGE('',*,*,#1160,.F.);
#1370 = ORIENTED_EDGE('',*,*,#1182,.F.);
#1371 = ORIENTED_EDGE('',*,*,#1209,.T.);
#1372 = ORIENTED_EDGE('',*,*,#1296,.F.);
#1373 = PLANE('',#1374);
#1374 = AXIS2_PLACEMENT_3D('',#1375,#1376,#1377);
#1375 = CARTESIAN_POINT('',(84.,33.8,-1.6));
#1376 = DIRECTION('',(0.,1.,0.));
#1377 = DIRECTION('',(-1.,0.,0.));
#1378 = ADVANCED_FACE('',(#1379),#1398,.T.);
#1379 = FACE_BOUND('',#1380,.T.);
#1380 = EDGE_LOOP('',(#1381,#1389,#1396,#1397));
#1381 = ORIENTED_EDGE('',*,*,#1382,.T.);
#1382 = EDGE_CURVE('',#401,#1383,#1385,.T.);
#1383 = VERTEX_POINT('',#1384);
#1384 = CARTESIAN_POINT('',(86.,31.8,-10.2));
#1385 = LINE('',#1386,#1387);
#1386 = CARTESIAN_POINT('',(86.,31.8,-1.6));
#1387 = VECTOR('',#1388,1.);
#1388 = DIRECTION('',(-0.,-0.,-1.));
#1389 = ORIENTED_EDGE('',*,*,#1390,.T.);
#1390 = EDGE_CURVE('',#1383,#1315,#1391,.T.);
#1391 = CIRCLE('',#1392,2.);
#1392 = AXIS2_PLACEMENT_3D('',#1393,#1394,#1395);
#1393 = CARTESIAN_POINT('',(84.,31.8,-10.2));
#1394 = DIRECTION('',(0.,0.,1.));
#1395 = DIRECTION('',(1.,0.,0.));
#1396 = ORIENTED_EDGE('',*,*,#1314,.F.);
#1397 = ORIENTED_EDGE('',*,*,#408,.F.);
#1398 = CYLINDRICAL_SURFACE('',#1399,2.);
#1399 = AXIS2_PLACEMENT_3D('',#1400,#1401,#1402);
#1400 = CARTESIAN_POINT('',(84.,31.8,-1.6));
#1401 = DIRECTION('',(0.,0.,1.));
#1402 = DIRECTION('',(1.,0.,0.));
#1403 = ADVANCED_FACE('',(#1404),#1430,.T.);
#1404 = FACE_BOUND('',#1405,.T.);
#1405 = EDGE_LOOP('',(#1406,#1407,#1415,#1423,#1429));
#1406 = ORIENTED_EDGE('',*,*,#400,.F.);
#1407 = ORIENTED_EDGE('',*,*,#1408,.F.);
#1408 = EDGE_CURVE('',#1409,#393,#1411,.T.);
#1409 = VERTEX_POINT('',#1410);
#1410 = CARTESIAN_POINT('',(86.,20.8,-7.2));
#1411 = LINE('',#1412,#1413);
#1412 = CARTESIAN_POINT('',(86.,20.8,-10.2));
#1413 = VECTOR('',#1414,1.);
#1414 = DIRECTION('',(0.,0.,1.));
#1415 = ORIENTED_EDGE('',*,*,#1416,.F.);
#1416 = EDGE_CURVE('',#1417,#1409,#1419,.T.);
#1417 = VERTEX_POINT('',#1418);
#1418 = CARTESIAN_POINT('',(86.,20.8,-10.2));
#1419 = LINE('',#1420,#1421);
#1420 = CARTESIAN_POINT('',(86.,20.8,-10.2));
#1421 = VECTOR('',#1422,1.);
#1422 = DIRECTION('',(0.,0.,1.));
#1423 = ORIENTED_EDGE('',*,*,#1424,.T.);
#1424 = EDGE_CURVE('',#1417,#1383,#1425,.T.);
#1425 = LINE('',#1426,#1427);
#1426 = CARTESIAN_POINT('',(86.,2.,-10.2));
#1427 = VECTOR('',#1428,1.);
#1428 = DIRECTION('',(0.,1.,0.));
#1429 = ORIENTED_EDGE('',*,*,#1382,.F.);
#1430 = PLANE('',#1431);
#1431 = AXIS2_PLACEMENT_3D('',#1432,#1433,#1434);
#1432 = CARTESIAN_POINT('',(86.,2.,-1.6));
#1433 = DIRECTION('',(1.,0.,0.));
#1434 = DIRECTION('',(0.,1.,0.));
#1435 = ADVANCED_FACE('',(#1436),#1471,.T.);
#1436 = FACE_BOUND('',#1437,.T.);
#1437 = EDGE_LOOP('',(#1438,#1446,#1447,#1448,#1449,#1457,#1465));
#1438 = ORIENTED_EDGE('',*,*,#1439,.F.);
#1439 = EDGE_CURVE('',#1417,#1440,#1442,.T.);
#1440 = VERTEX_POINT('',#1441);
#1441 = CARTESIAN_POINT('',(82.5,20.8,-10.2));
#1442 = LINE('',#1443,#1444);
#1443 = CARTESIAN_POINT('',(86.,20.8,-10.2));
#1444 = VECTOR('',#1445,1.);
#1445 = DIRECTION('',(-1.,0.,0.));
#1446 = ORIENTED_EDGE('',*,*,#1416,.T.);
#1447 = ORIENTED_EDGE('',*,*,#1408,.T.);
#1448 = ORIENTED_EDGE('',*,*,#392,.F.);
#1449 = ORIENTED_EDGE('',*,*,#1450,.T.);
#1450 = EDGE_CURVE('',#385,#1451,#1453,.T.);
#1451 = VERTEX_POINT('',#1452);
#1452 = CARTESIAN_POINT('',(78.5,20.8,-8.5));
#1453 = LINE('',#1454,#1455);
#1454 = CARTESIAN_POINT('',(78.5,20.8,-1.6));
#1455 = VECTOR('',#1456,1.);
#1456 = DIRECTION('',(-0.,-0.,-1.));
#1457 = ORIENTED_EDGE('',*,*,#1458,.T.);
#1458 = EDGE_CURVE('',#1451,#1459,#1461,.T.);
#1459 = VERTEX_POINT('',#1460);
#1460 = CARTESIAN_POINT('',(82.5,20.8,-8.5));
#1461 = LINE('',#1462,#1463);
#1462 = CARTESIAN_POINT('',(78.8,20.8,-8.5));
#1463 = VECTOR('',#1464,1.);
#1464 = DIRECTION('',(1.,0.,0.));
#1465 = ORIENTED_EDGE('',*,*,#1466,.F.);
#1466 = EDGE_CURVE('',#1440,#1459,#1467,.T.);
#1467 = LINE('',#1468,#1469);
#1468 = CARTESIAN_POINT('',(82.5,20.8,-10.2));
#1469 = VECTOR('',#1470,1.);
#1470 = DIRECTION('',(0.,0.,1.));
#1471 = PLANE('',#1472);
#1472 = AXIS2_PLACEMENT_3D('',#1473,#1474,#1475);
#1473 = CARTESIAN_POINT('',(86.,20.8,-10.2));
#1474 = DIRECTION('',(0.,-1.,0.));
#1475 = DIRECTION('',(-1.,0.,0.));
#1476 = ADVANCED_FACE('',(#1477),#1495,.F.);
#1477 = FACE_BOUND('',#1478,.F.);
#1478 = EDGE_LOOP('',(#1479,#1480,#1481,#1489));
#1479 = ORIENTED_EDGE('',*,*,#384,.F.);
#1480 = ORIENTED_EDGE('',*,*,#1450,.T.);
#1481 = ORIENTED_EDGE('',*,*,#1482,.T.);
#1482 = EDGE_CURVE('',#1451,#1483,#1485,.T.);
#1483 = VERTEX_POINT('',#1484);
#1484 = CARTESIAN_POINT('',(78.5,27.3,-8.5));
#1485 = LINE('',#1486,#1487);
#1486 = CARTESIAN_POINT('',(78.5,18.85,-8.5));
#1487 = VECTOR('',#1488,1.);
#1488 = DIRECTION('',(0.,1.,0.));
#1489 = ORIENTED_EDGE('',*,*,#1490,.F.);
#1490 = EDGE_CURVE('',#377,#1483,#1491,.T.);
#1491 = LINE('',#1492,#1493);
#1492 = CARTESIAN_POINT('',(78.5,27.3,-1.6));
#1493 = VECTOR('',#1494,1.);
#1494 = DIRECTION('',(-0.,-0.,-1.));
#1495 = PLANE('',#1496);
#1496 = AXIS2_PLACEMENT_3D('',#1497,#1498,#1499);
#1497 = CARTESIAN_POINT('',(78.5,20.8,-1.6));
#1498 = DIRECTION('',(1.,0.,0.));
#1499 = DIRECTION('',(0.,1.,0.));
#1500 = ADVANCED_FACE('',(#1501),#1519,.F.);
#1501 = FACE_BOUND('',#1502,.F.);
#1502 = EDGE_LOOP('',(#1503,#1504,#1505,#1513));
#1503 = ORIENTED_EDGE('',*,*,#376,.F.);
#1504 = ORIENTED_EDGE('',*,*,#1490,.T.);
#1505 = ORIENTED_EDGE('',*,*,#1506,.T.);
#1506 = EDGE_CURVE('',#1483,#1507,#1509,.T.);
#1507 = VERTEX_POINT('',#1508);
#1508 = CARTESIAN_POINT('',(76.5,27.3,-8.5));
#1509 = LINE('',#1510,#1511);
#1510 = CARTESIAN_POINT('',(75.05,27.3,-8.5));
#1511 = VECTOR('',#1512,1.);
#1512 = DIRECTION('',(-1.,0.,0.));
#1513 = ORIENTED_EDGE('',*,*,#1514,.F.);
#1514 = EDGE_CURVE('',#369,#1507,#1515,.T.);
#1515 = LINE('',#1516,#1517);
#1516 = CARTESIAN_POINT('',(76.5,27.3,-1.6));
#1517 = VECTOR('',#1518,1.);
#1518 = DIRECTION('',(-0.,-0.,-1.));
#1519 = PLANE('',#1520);
#1520 = AXIS2_PLACEMENT_3D('',#1521,#1522,#1523);
#1521 = CARTESIAN_POINT('',(78.5,27.3,-1.6));
#1522 = DIRECTION('',(0.,1.,0.));
#1523 = DIRECTION('',(-1.,0.,0.));
#1524 = ADVANCED_FACE('',(#1525),#1543,.F.);
#1525 = FACE_BOUND('',#1526,.F.);
#1526 = EDGE_LOOP('',(#1527,#1528,#1529,#1537));
#1527 = ORIENTED_EDGE('',*,*,#368,.F.);
#1528 = ORIENTED_EDGE('',*,*,#1514,.T.);
#1529 = ORIENTED_EDGE('',*,*,#1530,.T.);
#1530 = EDGE_CURVE('',#1507,#1531,#1533,.T.);
#1531 = VERTEX_POINT('',#1532);
#1532 = CARTESIAN_POINT('',(76.5,20.8,-8.5));
#1533 = LINE('',#1534,#1535);
#1534 = CARTESIAN_POINT('',(76.5,22.1,-8.5));
#1535 = VECTOR('',#1536,1.);
#1536 = DIRECTION('',(0.,-1.,0.));
#1537 = ORIENTED_EDGE('',*,*,#1538,.F.);
#1538 = EDGE_CURVE('',#361,#1531,#1539,.T.);
#1539 = LINE('',#1540,#1541);
#1540 = CARTESIAN_POINT('',(76.5,20.8,-1.6));
#1541 = VECTOR('',#1542,1.);
#1542 = DIRECTION('',(-0.,-0.,-1.));
#1543 = PLANE('',#1544);
#1544 = AXIS2_PLACEMENT_3D('',#1545,#1546,#1547);
#1545 = CARTESIAN_POINT('',(76.5,27.3,-1.6));
#1546 = DIRECTION('',(-1.,0.,0.));
#1547 = DIRECTION('',(0.,-1.,0.));
#1548 = ADVANCED_FACE('',(#1549),#1567,.T.);
#1549 = FACE_BOUND('',#1550,.T.);
#1550 = EDGE_LOOP('',(#1551,#1552,#1553,#1561));
#1551 = ORIENTED_EDGE('',*,*,#1538,.F.);
#1552 = ORIENTED_EDGE('',*,*,#360,.F.);
#1553 = ORIENTED_EDGE('',*,*,#1554,.T.);
#1554 = EDGE_CURVE('',#353,#1555,#1557,.T.);
#1555 = VERTEX_POINT('',#1556);
#1556 = CARTESIAN_POINT('',(72.5,20.8,-8.5));
#1557 = LINE('',#1558,#1559);
#1558 = CARTESIAN_POINT('',(72.5,20.8,-1.6));
#1559 = VECTOR('',#1560,1.);
#1560 = DIRECTION('',(-0.,-0.,-1.));
#1561 = ORIENTED_EDGE('',*,*,#1562,.T.);
#1562 = EDGE_CURVE('',#1555,#1531,#1563,.T.);
#1563 = LINE('',#1564,#1565);
#1564 = CARTESIAN_POINT('',(78.8,20.8,-8.5));
#1565 = VECTOR('',#1566,1.);
#1566 = DIRECTION('',(1.,0.,0.));
#1567 = PLANE('',#1568);
#1568 = AXIS2_PLACEMENT_3D('',#1569,#1570,#1571);
#1569 = CARTESIAN_POINT('',(86.,20.8,-10.2));
#1570 = DIRECTION('',(0.,-1.,0.));
#1571 = DIRECTION('',(-1.,0.,0.));
#1572 = ADVANCED_FACE('',(#1573),#1591,.F.);
#1573 = FACE_BOUND('',#1574,.F.);
#1574 = EDGE_LOOP('',(#1575,#1576,#1577,#1585));
#1575 = ORIENTED_EDGE('',*,*,#352,.F.);
#1576 = ORIENTED_EDGE('',*,*,#1554,.T.);
#1577 = ORIENTED_EDGE('',*,*,#1578,.T.);
#1578 = EDGE_CURVE('',#1555,#1579,#1581,.T.);
#1579 = VERTEX_POINT('',#1580);
#1580 = CARTESIAN_POINT('',(72.5,27.3,-8.5));
#1581 = LINE('',#1582,#1583);
#1582 = CARTESIAN_POINT('',(72.5,18.85,-8.5));
#1583 = VECTOR('',#1584,1.);
#1584 = DIRECTION('',(0.,1.,0.));
#1585 = ORIENTED_EDGE('',*,*,#1586,.F.);
#1586 = EDGE_CURVE('',#345,#1579,#1587,.T.);
#1587 = LINE('',#1588,#1589);
#1588 = CARTESIAN_POINT('',(72.5,27.3,-1.6));
#1589 = VECTOR('',#1590,1.);
#1590 = DIRECTION('',(-0.,-0.,-1.));
#1591 = PLANE('',#1592);
#1592 = AXIS2_PLACEMENT_3D('',#1593,#1594,#1595);
#1593 = CARTESIAN_POINT('',(72.5,20.8,-1.6));
#1594 = DIRECTION('',(1.,0.,0.));
#1595 = DIRECTION('',(0.,1.,0.));
#1596 = ADVANCED_FACE('',(#1597),#1615,.F.);
#1597 = FACE_BOUND('',#1598,.F.);
#1598 = EDGE_LOOP('',(#1599,#1600,#1601,#1609));
#1599 = ORIENTED_EDGE('',*,*,#344,.F.);
#1600 = ORIENTED_EDGE('',*,*,#1586,.T.);
#1601 = ORIENTED_EDGE('',*,*,#1602,.T.);
#1602 = EDGE_CURVE('',#1579,#1603,#1605,.T.);
#1603 = VERTEX_POINT('',#1604);
#1604 = CARTESIAN_POINT('',(70.5,27.3,-8.5));
#1605 = LINE('',#1606,#1607);
#1606 = CARTESIAN_POINT('',(72.05,27.3,-8.5));
#1607 = VECTOR('',#1608,1.);
#1608 = DIRECTION('',(-1.,0.,0.));
#1609 = ORIENTED_EDGE('',*,*,#1610,.F.);
#1610 = EDGE_CURVE('',#337,#1603,#1611,.T.);
#1611 = LINE('',#1612,#1613);
#1612 = CARTESIAN_POINT('',(70.5,27.3,-1.6));
#1613 = VECTOR('',#1614,1.);
#1614 = DIRECTION('',(-0.,-0.,-1.));
#1615 = PLANE('',#1616);
#1616 = AXIS2_PLACEMENT_3D('',#1617,#1618,#1619);
#1617 = CARTESIAN_POINT('',(72.5,27.3,-1.6));
#1618 = DIRECTION('',(0.,1.,0.));
#1619 = DIRECTION('',(-1.,0.,0.));
#1620 = ADVANCED_FACE('',(#1621),#1639,.F.);
#1621 = FACE_BOUND('',#1622,.F.);
#1622 = EDGE_LOOP('',(#1623,#1624,#1625,#1633));
#1623 = ORIENTED_EDGE('',*,*,#336,.F.);
#1624 = ORIENTED_EDGE('',*,*,#1610,.T.);
#1625 = ORIENTED_EDGE('',*,*,#1626,.T.);
#1626 = EDGE_CURVE('',#1603,#1627,#1629,.T.);
#1627 = VERTEX_POINT('',#1628);
#1628 = CARTESIAN_POINT('',(70.5,20.8,-8.5));
#1629 = LINE('',#1630,#1631);
#1630 = CARTESIAN_POINT('',(70.5,22.1,-8.5));
#1631 = VECTOR('',#1632,1.);
#1632 = DIRECTION('',(0.,-1.,0.));
#1633 = ORIENTED_EDGE('',*,*,#1634,.F.);
#1634 = EDGE_CURVE('',#329,#1627,#1635,.T.);
#1635 = LINE('',#1636,#1637);
#1636 = CARTESIAN_POINT('',(70.5,20.8,-1.6));
#1637 = VECTOR('',#1638,1.);
#1638 = DIRECTION('',(-0.,-0.,-1.));
#1639 = PLANE('',#1640);
#1640 = AXIS2_PLACEMENT_3D('',#1641,#1642,#1643);
#1641 = CARTESIAN_POINT('',(70.5,27.3,-1.6));
#1642 = DIRECTION('',(-1.,0.,0.));
#1643 = DIRECTION('',(0.,-1.,0.));
#1644 = ADVANCED_FACE('',(#1645),#1663,.T.);
#1645 = FACE_BOUND('',#1646,.T.);
#1646 = EDGE_LOOP('',(#1647,#1655,#1661,#1662));
#1647 = ORIENTED_EDGE('',*,*,#1648,.T.);
#1648 = EDGE_CURVE('',#321,#1649,#1651,.T.);
#1649 = VERTEX_POINT('',#1650);
#1650 = CARTESIAN_POINT('',(66.5,20.8,-8.5));
#1651 = LINE('',#1652,#1653);
#1652 = CARTESIAN_POINT('',(66.5,20.8,-1.6));
#1653 = VECTOR('',#1654,1.);
#1654 = DIRECTION('',(-0.,-0.,-1.));
#1655 = ORIENTED_EDGE('',*,*,#1656,.T.);
#1656 = EDGE_CURVE('',#1649,#1627,#1657,.T.);
#1657 = LINE('',#1658,#1659);
#1658 = CARTESIAN_POINT('',(78.8,20.8,-8.5));
#1659 = VECTOR('',#1660,1.);
#1660 = DIRECTION('',(1.,0.,0.));
#1661 = ORIENTED_EDGE('',*,*,#1634,.F.);
#1662 = ORIENTED_EDGE('',*,*,#328,.F.);
#1663 = PLANE('',#1664);
#1664 = AXIS2_PLACEMENT_3D('',#1665,#1666,#1667);
#1665 = CARTESIAN_POINT('',(86.,20.8,-10.2));
#1666 = DIRECTION('',(0.,-1.,0.));
#1667 = DIRECTION('',(-1.,0.,0.));
#1668 = ADVANCED_FACE('',(#1669),#1687,.F.);
#1669 = FACE_BOUND('',#1670,.F.);
#1670 = EDGE_LOOP('',(#1671,#1672,#1673,#1681));
#1671 = ORIENTED_EDGE('',*,*,#320,.F.);
#1672 = ORIENTED_EDGE('',*,*,#1648,.T.);
#1673 = ORIENTED_EDGE('',*,*,#1674,.T.);
#1674 = EDGE_CURVE('',#1649,#1675,#1677,.T.);
#1675 = VERTEX_POINT('',#1676);
#1676 = CARTESIAN_POINT('',(66.5,27.3,-8.5));
#1677 = LINE('',#1678,#1679);
#1678 = CARTESIAN_POINT('',(66.5,18.85,-8.5));
#1679 = VECTOR('',#1680,1.);
#1680 = DIRECTION('',(0.,1.,0.));
#1681 = ORIENTED_EDGE('',*,*,#1682,.F.);
#1682 = EDGE_CURVE('',#313,#1675,#1683,.T.);
#1683 = LINE('',#1684,#1685);
#1684 = CARTESIAN_POINT('',(66.5,27.3,-1.6));
#1685 = VECTOR('',#1686,1.);
#1686 = DIRECTION('',(-0.,-0.,-1.));
#1687 = PLANE('',#1688);
#1688 = AXIS2_PLACEMENT_3D('',#1689,#1690,#1691);
#1689 = CARTESIAN_POINT('',(66.5,20.8,-1.6));
#1690 = DIRECTION('',(1.,0.,0.));
#1691 = DIRECTION('',(0.,1.,0.));
#1692 = ADVANCED_FACE('',(#1693),#1711,.F.);
#1693 = FACE_BOUND('',#1694,.F.);
#1694 = EDGE_LOOP('',(#1695,#1696,#1697,#1705));
#1695 = ORIENTED_EDGE('',*,*,#312,.F.);
#1696 = ORIENTED_EDGE('',*,*,#1682,.T.);
#1697 = ORIENTED_EDGE('',*,*,#1698,.T.);
#1698 = EDGE_CURVE('',#1675,#1699,#1701,.T.);
#1699 = VERTEX_POINT('',#1700);
#1700 = CARTESIAN_POINT('',(64.5,27.3,-8.5));
#1701 = LINE('',#1702,#1703);
#1702 = CARTESIAN_POINT('',(69.05,27.3,-8.5));
#1703 = VECTOR('',#1704,1.);
#1704 = DIRECTION('',(-1.,0.,0.));
#1705 = ORIENTED_EDGE('',*,*,#1706,.F.);
#1706 = EDGE_CURVE('',#305,#1699,#1707,.T.);
#1707 = LINE('',#1708,#1709);
#1708 = CARTESIAN_POINT('',(64.5,27.3,-1.6));
#1709 = VECTOR('',#1710,1.);
#1710 = DIRECTION('',(-0.,-0.,-1.));
#1711 = PLANE('',#1712);
#1712 = AXIS2_PLACEMENT_3D('',#1713,#1714,#1715);
#1713 = CARTESIAN_POINT('',(66.5,27.3,-1.6));
#1714 = DIRECTION('',(0.,1.,0.));
#1715 = DIRECTION('',(-1.,0.,0.));
#1716 = ADVANCED_FACE('',(#1717),#1766,.T.);
#1717 = FACE_BOUND('',#1718,.T.);
#1718 = EDGE_LOOP('',(#1719,#1729,#1735,#1736,#1744,#1752,#1760));
#1719 = ORIENTED_EDGE('',*,*,#1720,.T.);
#1720 = EDGE_CURVE('',#1721,#1723,#1725,.T.);
#1721 = VERTEX_POINT('',#1722);
#1722 = CARTESIAN_POINT('',(82.5,19.8,-8.5));
#1723 = VERTEX_POINT('',#1724);
#1724 = CARTESIAN_POINT('',(64.5,19.8,-8.5));
#1725 = LINE('',#1726,#1727);
#1726 = CARTESIAN_POINT('',(68.05,19.8,-8.5));
#1727 = VECTOR('',#1728,1.);
#1728 = DIRECTION('',(-1.,0.,0.));
#1729 = ORIENTED_EDGE('',*,*,#1730,.T.);
#1730 = EDGE_CURVE('',#1723,#297,#1731,.T.);
#1731 = LINE('',#1732,#1733);
#1732 = CARTESIAN_POINT('',(64.5,19.8,-10.2));
#1733 = VECTOR('',#1734,1.);
#1734 = DIRECTION('',(0.,0.,1.));
#1735 = ORIENTED_EDGE('',*,*,#296,.F.);
#1736 = ORIENTED_EDGE('',*,*,#1737,.F.);
#1737 = EDGE_CURVE('',#1738,#289,#1740,.T.);
#1738 = VERTEX_POINT('',#1739);
#1739 = CARTESIAN_POINT('',(86.,19.8,-7.2));
#1740 = LINE('',#1741,#1742);
#1741 = CARTESIAN_POINT('',(86.,19.8,-10.2));
#1742 = VECTOR('',#1743,1.);
#1743 = DIRECTION('',(0.,0.,1.));
#1744 = ORIENTED_EDGE('',*,*,#1745,.F.);
#1745 = EDGE_CURVE('',#1746,#1738,#1748,.T.);
#1746 = VERTEX_POINT('',#1747);
#1747 = CARTESIAN_POINT('',(86.,19.8,-10.2));
#1748 = LINE('',#1749,#1750);
#1749 = CARTESIAN_POINT('',(86.,19.8,-10.2));
#1750 = VECTOR('',#1751,1.);
#1751 = DIRECTION('',(0.,0.,1.));
#1752 = ORIENTED_EDGE('',*,*,#1753,.F.);
#1753 = EDGE_CURVE('',#1754,#1746,#1756,.T.);
#1754 = VERTEX_POINT('',#1755);
#1755 = CARTESIAN_POINT('',(82.5,19.8,-10.2));
#1756 = LINE('',#1757,#1758);
#1757 = CARTESIAN_POINT('',(64.5,19.8,-10.2));
#1758 = VECTOR('',#1759,1.);
#1759 = DIRECTION('',(1.,0.,0.));
#1760 = ORIENTED_EDGE('',*,*,#1761,.F.);
#1761 = EDGE_CURVE('',#1721,#1754,#1762,.T.);
#1762 = LINE('',#1763,#1764);
#1763 = CARTESIAN_POINT('',(82.5,19.8,-10.2));
#1764 = VECTOR('',#1765,1.);
#1765 = DIRECTION('',(0.,0.,-1.));
#1766 = PLANE('',#1767);
#1767 = AXIS2_PLACEMENT_3D('',#1768,#1769,#1770);
#1768 = CARTESIAN_POINT('',(64.5,19.8,-10.2));
#1769 = DIRECTION('',(0.,1.,0.));
#1770 = DIRECTION('',(1.,0.,0.));
#1771 = ADVANCED_FACE('',(#1772),#1790,.T.);
#1772 = FACE_BOUND('',#1773,.T.);
#1773 = EDGE_LOOP('',(#1774,#1775,#1783,#1789));
#1774 = ORIENTED_EDGE('',*,*,#288,.F.);
#1775 = ORIENTED_EDGE('',*,*,#1776,.F.);
#1776 = EDGE_CURVE('',#1777,#281,#1779,.T.);
#1777 = VERTEX_POINT('',#1778);
#1778 = CARTESIAN_POINT('',(86.,14.,-7.2));
#1779 = LINE('',#1780,#1781);
#1780 = CARTESIAN_POINT('',(86.,14.,-10.2));
#1781 = VECTOR('',#1782,1.);
#1782 = DIRECTION('',(0.,0.,1.));
#1783 = ORIENTED_EDGE('',*,*,#1784,.F.);
#1784 = EDGE_CURVE('',#1738,#1777,#1785,.T.);
#1785 = LINE('',#1786,#1787);
#1786 = CARTESIAN_POINT('',(86.,20.8,-7.2));
#1787 = VECTOR('',#1788,1.);
#1788 = DIRECTION('',(0.,-1.,0.));
#1789 = ORIENTED_EDGE('',*,*,#1737,.T.);
#1790 = PLANE('',#1791);
#1791 = AXIS2_PLACEMENT_3D('',#1792,#1793,#1794);
#1792 = CARTESIAN_POINT('',(86.,2.,-1.6));
#1793 = DIRECTION('',(1.,0.,0.));
#1794 = DIRECTION('',(0.,1.,0.));
#1795 = ADVANCED_FACE('',(#1796),#1838,.T.);
#1796 = FACE_BOUND('',#1797,.T.);
#1797 = EDGE_LOOP('',(#1798,#1808,#1814,#1815,#1816,#1824,#1832));
#1798 = ORIENTED_EDGE('',*,*,#1799,.F.);
#1799 = EDGE_CURVE('',#1800,#1802,#1804,.T.);
#1800 = VERTEX_POINT('',#1801);
#1801 = CARTESIAN_POINT('',(86.,14.,-10.2));
#1802 = VERTEX_POINT('',#1803);
#1803 = CARTESIAN_POINT('',(82.5,14.,-10.2));
#1804 = LINE('',#1805,#1806);
#1805 = CARTESIAN_POINT('',(86.,14.,-10.2));
#1806 = VECTOR('',#1807,1.);
#1807 = DIRECTION('',(-1.,0.,0.));
#1808 = ORIENTED_EDGE('',*,*,#1809,.T.);
#1809 = EDGE_CURVE('',#1800,#1777,#1810,.T.);
#1810 = LINE('',#1811,#1812);
#1811 = CARTESIAN_POINT('',(86.,14.,-10.2));
#1812 = VECTOR('',#1813,1.);
#1813 = DIRECTION('',(0.,0.,1.));
#1814 = ORIENTED_EDGE('',*,*,#1776,.T.);
#1815 = ORIENTED_EDGE('',*,*,#280,.F.);
#1816 = ORIENTED_EDGE('',*,*,#1817,.F.);
#1817 = EDGE_CURVE('',#1818,#273,#1820,.T.);
#1818 = VERTEX_POINT('',#1819);
#1819 = CARTESIAN_POINT('',(64.5,14.,-8.5));
#1820 = LINE('',#1821,#1822);
#1821 = CARTESIAN_POINT('',(64.5,14.,-10.2));
#1822 = VECTOR('',#1823,1.);
#1823 = DIRECTION('',(0.,0.,1.));
#1824 = ORIENTED_EDGE('',*,*,#1825,.T.);
#1825 = EDGE_CURVE('',#1818,#1826,#1828,.T.);
#1826 = VERTEX_POINT('',#1827);
#1827 = CARTESIAN_POINT('',(82.5,14.,-8.5));
#1828 = LINE('',#1829,#1830);
#1829 = CARTESIAN_POINT('',(78.8,14.,-8.5));
#1830 = VECTOR('',#1831,1.);
#1831 = DIRECTION('',(1.,0.,0.));
#1832 = ORIENTED_EDGE('',*,*,#1833,.F.);
#1833 = EDGE_CURVE('',#1802,#1826,#1834,.T.);
#1834 = LINE('',#1835,#1836);
#1835 = CARTESIAN_POINT('',(82.5,14.,-10.2));
#1836 = VECTOR('',#1837,1.);
#1837 = DIRECTION('',(0.,0.,1.));
#1838 = PLANE('',#1839);
#1839 = AXIS2_PLACEMENT_3D('',#1840,#1841,#1842);
#1840 = CARTESIAN_POINT('',(86.,14.,-10.2));
#1841 = DIRECTION('',(0.,-1.,0.));
#1842 = DIRECTION('',(-1.,0.,0.));
#1843 = ADVANCED_FACE('',(#1844),#1862,.T.);
#1844 = FACE_BOUND('',#1845,.T.);
#1845 = EDGE_LOOP('',(#1846,#1854,#1855,#1856));
#1846 = ORIENTED_EDGE('',*,*,#1847,.T.);
#1847 = EDGE_CURVE('',#1848,#1818,#1850,.T.);
#1848 = VERTEX_POINT('',#1849);
#1849 = CARTESIAN_POINT('',(64.5,13.,-8.5));
#1850 = LINE('',#1851,#1852);
#1851 = CARTESIAN_POINT('',(64.5,15.45,-8.5));
#1852 = VECTOR('',#1853,1.);
#1853 = DIRECTION('',(0.,1.,0.));
#1854 = ORIENTED_EDGE('',*,*,#1817,.T.);
#1855 = ORIENTED_EDGE('',*,*,#272,.F.);
#1856 = ORIENTED_EDGE('',*,*,#1857,.F.);
#1857 = EDGE_CURVE('',#1848,#265,#1858,.T.);
#1858 = LINE('',#1859,#1860);
#1859 = CARTESIAN_POINT('',(64.5,13.,-10.2));
#1860 = VECTOR('',#1861,1.);
#1861 = DIRECTION('',(0.,0.,1.));
#1862 = PLANE('',#1863);
#1863 = AXIS2_PLACEMENT_3D('',#1864,#1865,#1866);
#1864 = CARTESIAN_POINT('',(64.5,14.,-10.2));
#1865 = DIRECTION('',(1.,0.,0.));
#1866 = DIRECTION('',(0.,-1.,0.));
#1867 = ADVANCED_FACE('',(#1868),#1886,.T.);
#1868 = FACE_BOUND('',#1869,.T.);
#1869 = EDGE_LOOP('',(#1870,#1878,#1879,#1880));
#1870 = ORIENTED_EDGE('',*,*,#1871,.T.);
#1871 = EDGE_CURVE('',#1872,#1848,#1874,.T.);
#1872 = VERTEX_POINT('',#1873);
#1873 = CARTESIAN_POINT('',(67.5,13.,-8.5));
#1874 = LINE('',#1875,#1876);
#1875 = CARTESIAN_POINT('',(68.05,13.,-8.5));
#1876 = VECTOR('',#1877,1.);
#1877 = DIRECTION('',(-1.,0.,0.));
#1878 = ORIENTED_EDGE('',*,*,#1857,.T.);
#1879 = ORIENTED_EDGE('',*,*,#264,.F.);
#1880 = ORIENTED_EDGE('',*,*,#1881,.T.);
#1881 = EDGE_CURVE('',#257,#1872,#1882,.T.);
#1882 = LINE('',#1883,#1884);
#1883 = CARTESIAN_POINT('',(67.5,13.,-1.6));
#1884 = VECTOR('',#1885,1.);
#1885 = DIRECTION('',(-0.,-0.,-1.));
#1886 = PLANE('',#1887);
#1887 = AXIS2_PLACEMENT_3D('',#1888,#1889,#1890);
#1888 = CARTESIAN_POINT('',(64.5,13.,-10.2));
#1889 = DIRECTION('',(0.,1.,0.));
#1890 = DIRECTION('',(1.,0.,0.));
#1891 = ADVANCED_FACE('',(#1892),#1910,.F.);
#1892 = FACE_BOUND('',#1893,.F.);
#1893 = EDGE_LOOP('',(#1894,#1895,#1896,#1904));
#1894 = ORIENTED_EDGE('',*,*,#256,.F.);
#1895 = ORIENTED_EDGE('',*,*,#1881,.T.);
#1896 = ORIENTED_EDGE('',*,*,#1897,.T.);
#1897 = EDGE_CURVE('',#1872,#1898,#1900,.T.);
#1898 = VERTEX_POINT('',#1899);
#1899 = CARTESIAN_POINT('',(67.5,6.5,-8.5));
#1900 = LINE('',#1901,#1902);
#1901 = CARTESIAN_POINT('',(67.5,14.95,-8.5));
#1902 = VECTOR('',#1903,1.);
#1903 = DIRECTION('',(0.,-1.,0.));
#1904 = ORIENTED_EDGE('',*,*,#1905,.F.);
#1905 = EDGE_CURVE('',#249,#1898,#1906,.T.);
#1906 = LINE('',#1907,#1908);
#1907 = CARTESIAN_POINT('',(67.5,6.5,-1.6));
#1908 = VECTOR('',#1909,1.);
#1909 = DIRECTION('',(-0.,-0.,-1.));
#1910 = PLANE('',#1911);
#1911 = AXIS2_PLACEMENT_3D('',#1912,#1913,#1914);
#1912 = CARTESIAN_POINT('',(67.5,13.,-1.6));
#1913 = DIRECTION('',(-1.,0.,0.));
#1914 = DIRECTION('',(0.,-1.,0.));
#1915 = ADVANCED_FACE('',(#1916),#1934,.F.);
#1916 = FACE_BOUND('',#1917,.F.);
#1917 = EDGE_LOOP('',(#1918,#1919,#1920,#1928));
#1918 = ORIENTED_EDGE('',*,*,#248,.F.);
#1919 = ORIENTED_EDGE('',*,*,#1905,.T.);
#1920 = ORIENTED_EDGE('',*,*,#1921,.T.);
#1921 = EDGE_CURVE('',#1898,#1922,#1924,.T.);
#1922 = VERTEX_POINT('',#1923);
#1923 = CARTESIAN_POINT('',(69.5,6.5,-8.5));
#1924 = LINE('',#1925,#1926);
#1925 = CARTESIAN_POINT('',(69.55,6.5,-8.5));
#1926 = VECTOR('',#1927,1.);
#1927 = DIRECTION('',(1.,0.,0.));
#1928 = ORIENTED_EDGE('',*,*,#1929,.F.);
#1929 = EDGE_CURVE('',#241,#1922,#1930,.T.);
#1930 = LINE('',#1931,#1932);
#1931 = CARTESIAN_POINT('',(69.5,6.5,-1.6));
#1932 = VECTOR('',#1933,1.);
#1933 = DIRECTION('',(-0.,-0.,-1.));
#1934 = PLANE('',#1935);
#1935 = AXIS2_PLACEMENT_3D('',#1936,#1937,#1938);
#1936 = CARTESIAN_POINT('',(67.5,6.5,-1.6));
#1937 = DIRECTION('',(0.,-1.,0.));
#1938 = DIRECTION('',(1.,0.,0.));
#1939 = ADVANCED_FACE('',(#1940),#1958,.F.);
#1940 = FACE_BOUND('',#1941,.F.);
#1941 = EDGE_LOOP('',(#1942,#1943,#1944,#1952));
#1942 = ORIENTED_EDGE('',*,*,#240,.F.);
#1943 = ORIENTED_EDGE('',*,*,#1929,.T.);
#1944 = ORIENTED_EDGE('',*,*,#1945,.T.);
#1945 = EDGE_CURVE('',#1922,#1946,#1948,.T.);
#1946 = VERTEX_POINT('',#1947);
#1947 = CARTESIAN_POINT('',(69.5,13.,-8.5));
#1948 = LINE('',#1949,#1950);
#1949 = CARTESIAN_POINT('',(69.5,11.7,-8.5));
#1950 = VECTOR('',#1951,1.);
#1951 = DIRECTION('',(0.,1.,0.));
#1952 = ORIENTED_EDGE('',*,*,#1953,.F.);
#1953 = EDGE_CURVE('',#233,#1946,#1954,.T.);
#1954 = LINE('',#1955,#1956);
#1955 = CARTESIAN_POINT('',(69.5,13.,-1.6));
#1956 = VECTOR('',#1957,1.);
#1957 = DIRECTION('',(-0.,-0.,-1.));
#1958 = PLANE('',#1959);
#1959 = AXIS2_PLACEMENT_3D('',#1960,#1961,#1962);
#1960 = CARTESIAN_POINT('',(69.5,6.5,-1.6));
#1961 = DIRECTION('',(1.,0.,0.));
#1962 = DIRECTION('',(0.,1.,0.));
#1963 = ADVANCED_FACE('',(#1964),#1982,.T.);
#1964 = FACE_BOUND('',#1965,.T.);
#1965 = EDGE_LOOP('',(#1966,#1974,#1975,#1976));
#1966 = ORIENTED_EDGE('',*,*,#1967,.T.);
#1967 = EDGE_CURVE('',#1968,#1946,#1970,.T.);
#1968 = VERTEX_POINT('',#1969);
#1969 = CARTESIAN_POINT('',(73.5,13.,-8.5));
#1970 = LINE('',#1971,#1972);
#1971 = CARTESIAN_POINT('',(68.05,13.,-8.5));
#1972 = VECTOR('',#1973,1.);
#1973 = DIRECTION('',(-1.,0.,0.));
#1974 = ORIENTED_EDGE('',*,*,#1953,.F.);
#1975 = ORIENTED_EDGE('',*,*,#232,.F.);
#1976 = ORIENTED_EDGE('',*,*,#1977,.T.);
#1977 = EDGE_CURVE('',#225,#1968,#1978,.T.);
#1978 = LINE('',#1979,#1980);
#1979 = CARTESIAN_POINT('',(73.5,13.,-1.6));
#1980 = VECTOR('',#1981,1.);
#1981 = DIRECTION('',(-0.,-0.,-1.));
#1982 = PLANE('',#1983);
#1983 = AXIS2_PLACEMENT_3D('',#1984,#1985,#1986);
#1984 = CARTESIAN_POINT('',(64.5,13.,-10.2));
#1985 = DIRECTION('',(0.,1.,0.));
#1986 = DIRECTION('',(1.,0.,0.));
#1987 = ADVANCED_FACE('',(#1988),#2006,.F.);
#1988 = FACE_BOUND('',#1989,.F.);
#1989 = EDGE_LOOP('',(#1990,#1991,#1992,#2000));
#1990 = ORIENTED_EDGE('',*,*,#224,.F.);
#1991 = ORIENTED_EDGE('',*,*,#1977,.T.);
#1992 = ORIENTED_EDGE('',*,*,#1993,.T.);
#1993 = EDGE_CURVE('',#1968,#1994,#1996,.T.);
#1994 = VERTEX_POINT('',#1995);
#1995 = CARTESIAN_POINT('',(73.5,6.5,-8.5));
#1996 = LINE('',#1997,#1998);
#1997 = CARTESIAN_POINT('',(73.5,14.95,-8.5));
#1998 = VECTOR('',#1999,1.);
#1999 = DIRECTION('',(0.,-1.,0.));
#2000 = ORIENTED_EDGE('',*,*,#2001,.F.);
#2001 = EDGE_CURVE('',#217,#1994,#2002,.T.);
#2002 = LINE('',#2003,#2004);
#2003 = CARTESIAN_POINT('',(73.5,6.5,-1.6));
#2004 = VECTOR('',#2005,1.);
#2005 = DIRECTION('',(-0.,-0.,-1.));
#2006 = PLANE('',#2007);
#2007 = AXIS2_PLACEMENT_3D('',#2008,#2009,#2010);
#2008 = CARTESIAN_POINT('',(73.5,13.,-1.6));
#2009 = DIRECTION('',(-1.,0.,0.));
#2010 = DIRECTION('',(0.,-1.,0.));
#2011 = ADVANCED_FACE('',(#2012),#2030,.F.);
#2012 = FACE_BOUND('',#2013,.F.);
#2013 = EDGE_LOOP('',(#2014,#2015,#2016,#2024));
#2014 = ORIENTED_EDGE('',*,*,#216,.F.);
#2015 = ORIENTED_EDGE('',*,*,#2001,.T.);
#2016 = ORIENTED_EDGE('',*,*,#2017,.T.);
#2017 = EDGE_CURVE('',#1994,#2018,#2020,.T.);
#2018 = VERTEX_POINT('',#2019);
#2019 = CARTESIAN_POINT('',(75.5,6.5,-8.5));
#2020 = LINE('',#2021,#2022);
#2021 = CARTESIAN_POINT('',(72.55,6.5,-8.5));
#2022 = VECTOR('',#2023,1.);
#2023 = DIRECTION('',(1.,0.,0.));
#2024 = ORIENTED_EDGE('',*,*,#2025,.F.);
#2025 = EDGE_CURVE('',#209,#2018,#2026,.T.);
#2026 = LINE('',#2027,#2028);
#2027 = CARTESIAN_POINT('',(75.5,6.5,-1.6));
#2028 = VECTOR('',#2029,1.);
#2029 = DIRECTION('',(-0.,-0.,-1.));
#2030 = PLANE('',#2031);
#2031 = AXIS2_PLACEMENT_3D('',#2032,#2033,#2034);
#2032 = CARTESIAN_POINT('',(73.5,6.5,-1.6));
#2033 = DIRECTION('',(0.,-1.,0.));
#2034 = DIRECTION('',(1.,0.,0.));
#2035 = ADVANCED_FACE('',(#2036),#2054,.F.);
#2036 = FACE_BOUND('',#2037,.F.);
#2037 = EDGE_LOOP('',(#2038,#2039,#2040,#2048));
#2038 = ORIENTED_EDGE('',*,*,#208,.F.);
#2039 = ORIENTED_EDGE('',*,*,#2025,.T.);
#2040 = ORIENTED_EDGE('',*,*,#2041,.T.);
#2041 = EDGE_CURVE('',#2018,#2042,#2044,.T.);
#2042 = VERTEX_POINT('',#2043);
#2043 = CARTESIAN_POINT('',(75.5,13.,-8.5));
#2044 = LINE('',#2045,#2046);
#2045 = CARTESIAN_POINT('',(75.5,11.7,-8.5));
#2046 = VECTOR('',#2047,1.);
#2047 = DIRECTION('',(0.,1.,0.));
#2048 = ORIENTED_EDGE('',*,*,#2049,.F.);
#2049 = EDGE_CURVE('',#201,#2042,#2050,.T.);
#2050 = LINE('',#2051,#2052);
#2051 = CARTESIAN_POINT('',(75.5,13.,-1.6));
#2052 = VECTOR('',#2053,1.);
#2053 = DIRECTION('',(-0.,-0.,-1.));
#2054 = PLANE('',#2055);
#2055 = AXIS2_PLACEMENT_3D('',#2056,#2057,#2058);
#2056 = CARTESIAN_POINT('',(75.5,6.5,-1.6));
#2057 = DIRECTION('',(1.,0.,0.));
#2058 = DIRECTION('',(0.,1.,0.));
#2059 = ADVANCED_FACE('',(#2060),#2078,.T.);
#2060 = FACE_BOUND('',#2061,.T.);
#2061 = EDGE_LOOP('',(#2062,#2070,#2076,#2077));
#2062 = ORIENTED_EDGE('',*,*,#2063,.T.);
#2063 = EDGE_CURVE('',#193,#2064,#2066,.T.);
#2064 = VERTEX_POINT('',#2065);
#2065 = CARTESIAN_POINT('',(79.5,13.,-8.5));
#2066 = LINE('',#2067,#2068);
#2067 = CARTESIAN_POINT('',(79.5,13.,-1.6));
#2068 = VECTOR('',#2069,1.);
#2069 = DIRECTION('',(-0.,-0.,-1.));
#2070 = ORIENTED_EDGE('',*,*,#2071,.T.);
#2071 = EDGE_CURVE('',#2064,#2042,#2072,.T.);
#2072 = LINE('',#2073,#2074);
#2073 = CARTESIAN_POINT('',(68.05,13.,-8.5));
#2074 = VECTOR('',#2075,1.);
#2075 = DIRECTION('',(-1.,0.,0.));
#2076 = ORIENTED_EDGE('',*,*,#2049,.F.);
#2077 = ORIENTED_EDGE('',*,*,#200,.F.);
#2078 = PLANE('',#2079);
#2079 = AXIS2_PLACEMENT_3D('',#2080,#2081,#2082);
#2080 = CARTESIAN_POINT('',(64.5,13.,-10.2));
#2081 = DIRECTION('',(0.,1.,0.));
#2082 = DIRECTION('',(1.,0.,0.));
#2083 = ADVANCED_FACE('',(#2084),#2102,.F.);
#2084 = FACE_BOUND('',#2085,.F.);
#2085 = EDGE_LOOP('',(#2086,#2087,#2088,#2096));
#2086 = ORIENTED_EDGE('',*,*,#192,.F.);
#2087 = ORIENTED_EDGE('',*,*,#2063,.T.);
#2088 = ORIENTED_EDGE('',*,*,#2089,.T.);
#2089 = EDGE_CURVE('',#2064,#2090,#2092,.T.);
#2090 = VERTEX_POINT('',#2091);
#2091 = CARTESIAN_POINT('',(79.5,6.5,-8.5));
#2092 = LINE('',#2093,#2094);
#2093 = CARTESIAN_POINT('',(79.5,14.95,-8.5));
#2094 = VECTOR('',#2095,1.);
#2095 = DIRECTION('',(0.,-1.,0.));
#2096 = ORIENTED_EDGE('',*,*,#2097,.F.);
#2097 = EDGE_CURVE('',#185,#2090,#2098,.T.);
#2098 = LINE('',#2099,#2100);
#2099 = CARTESIAN_POINT('',(79.5,6.5,-1.6));
#2100 = VECTOR('',#2101,1.);
#2101 = DIRECTION('',(-0.,-0.,-1.));
#2102 = PLANE('',#2103);
#2103 = AXIS2_PLACEMENT_3D('',#2104,#2105,#2106);
#2104 = CARTESIAN_POINT('',(79.5,13.,-1.6));
#2105 = DIRECTION('',(-1.,0.,0.));
#2106 = DIRECTION('',(0.,-1.,0.));
#2107 = ADVANCED_FACE('',(#2108),#2126,.F.);
#2108 = FACE_BOUND('',#2109,.F.);
#2109 = EDGE_LOOP('',(#2110,#2111,#2112,#2120));
#2110 = ORIENTED_EDGE('',*,*,#184,.F.);
#2111 = ORIENTED_EDGE('',*,*,#2097,.T.);
#2112 = ORIENTED_EDGE('',*,*,#2113,.T.);
#2113 = EDGE_CURVE('',#2090,#2114,#2116,.T.);
#2114 = VERTEX_POINT('',#2115);
#2115 = CARTESIAN_POINT('',(81.5,6.5,-8.5));
#2116 = LINE('',#2117,#2118);
#2117 = CARTESIAN_POINT('',(75.55,6.5,-8.5));
#2118 = VECTOR('',#2119,1.);
#2119 = DIRECTION('',(1.,0.,0.));
#2120 = ORIENTED_EDGE('',*,*,#2121,.F.);
#2121 = EDGE_CURVE('',#177,#2114,#2122,.T.);
#2122 = LINE('',#2123,#2124);
#2123 = CARTESIAN_POINT('',(81.5,6.5,-1.6));
#2124 = VECTOR('',#2125,1.);
#2125 = DIRECTION('',(-0.,-0.,-1.));
#2126 = PLANE('',#2127);
#2127 = AXIS2_PLACEMENT_3D('',#2128,#2129,#2130);
#2128 = CARTESIAN_POINT('',(79.5,6.5,-1.6));
#2129 = DIRECTION('',(0.,-1.,0.));
#2130 = DIRECTION('',(1.,0.,0.));
#2131 = ADVANCED_FACE('',(#2132),#2150,.F.);
#2132 = FACE_BOUND('',#2133,.F.);
#2133 = EDGE_LOOP('',(#2134,#2135,#2136,#2144));
#2134 = ORIENTED_EDGE('',*,*,#176,.F.);
#2135 = ORIENTED_EDGE('',*,*,#2121,.T.);
#2136 = ORIENTED_EDGE('',*,*,#2137,.T.);
#2137 = EDGE_CURVE('',#2114,#2138,#2140,.T.);
#2138 = VERTEX_POINT('',#2139);
#2139 = CARTESIAN_POINT('',(81.5,13.,-8.5));
#2140 = LINE('',#2141,#2142);
#2141 = CARTESIAN_POINT('',(81.5,11.7,-8.5));
#2142 = VECTOR('',#2143,1.);
#2143 = DIRECTION('',(0.,1.,0.));
#2144 = ORIENTED_EDGE('',*,*,#2145,.F.);
#2145 = EDGE_CURVE('',#169,#2138,#2146,.T.);
#2146 = LINE('',#2147,#2148);
#2147 = CARTESIAN_POINT('',(81.5,13.,-1.6));
#2148 = VECTOR('',#2149,1.);
#2149 = DIRECTION('',(-0.,-0.,-1.));
#2150 = PLANE('',#2151);
#2151 = AXIS2_PLACEMENT_3D('',#2152,#2153,#2154);
#2152 = CARTESIAN_POINT('',(81.5,6.5,-1.6));
#2153 = DIRECTION('',(1.,0.,0.));
#2154 = DIRECTION('',(0.,1.,0.));
#2155 = ADVANCED_FACE('',(#2156),#2189,.T.);
#2156 = FACE_BOUND('',#2157,.T.);
#2157 = EDGE_LOOP('',(#2158,#2159,#2167,#2173,#2174,#2175,#2183));
#2158 = ORIENTED_EDGE('',*,*,#871,.F.);
#2159 = ORIENTED_EDGE('',*,*,#2160,.F.);
#2160 = EDGE_CURVE('',#2161,#864,#2163,.T.);
#2161 = VERTEX_POINT('',#2162);
#2162 = CARTESIAN_POINT('',(82.5,13.,-8.5));
#2163 = LINE('',#2164,#2165);
#2164 = CARTESIAN_POINT('',(82.5,13.,-10.2));
#2165 = VECTOR('',#2166,1.);
#2166 = DIRECTION('',(0.,0.,-1.));
#2167 = ORIENTED_EDGE('',*,*,#2168,.T.);
#2168 = EDGE_CURVE('',#2161,#2138,#2169,.T.);
#2169 = LINE('',#2170,#2171);
#2170 = CARTESIAN_POINT('',(68.05,13.,-8.5));
#2171 = VECTOR('',#2172,1.);
#2172 = DIRECTION('',(-1.,0.,0.));
#2173 = ORIENTED_EDGE('',*,*,#2145,.F.);
#2174 = ORIENTED_EDGE('',*,*,#168,.F.);
#2175 = ORIENTED_EDGE('',*,*,#2176,.F.);
#2176 = EDGE_CURVE('',#2177,#161,#2179,.T.);
#2177 = VERTEX_POINT('',#2178);
#2178 = CARTESIAN_POINT('',(86.,13.,-7.2));
#2179 = LINE('',#2180,#2181);
#2180 = CARTESIAN_POINT('',(86.,13.,-10.2));
#2181 = VECTOR('',#2182,1.);
#2182 = DIRECTION('',(0.,0.,1.));
#2183 = ORIENTED_EDGE('',*,*,#2184,.F.);
#2184 = EDGE_CURVE('',#872,#2177,#2185,.T.);
#2185 = LINE('',#2186,#2187);
#2186 = CARTESIAN_POINT('',(86.,13.,-10.2));
#2187 = VECTOR('',#2188,1.);
#2188 = DIRECTION('',(0.,0.,1.));
#2189 = PLANE('',#2190);
#2190 = AXIS2_PLACEMENT_3D('',#2191,#2192,#2193);
#2191 = CARTESIAN_POINT('',(64.5,13.,-10.2));
#2192 = DIRECTION('',(0.,1.,0.));
#2193 = DIRECTION('',(1.,0.,0.));
#2194 = ADVANCED_FACE('',(#2195),#2202,.T.);
#2195 = FACE_BOUND('',#2196,.T.);
#2196 = EDGE_LOOP('',(#2197,#2198,#2199,#2200,#2201));
#2197 = ORIENTED_EDGE('',*,*,#160,.F.);
#2198 = ORIENTED_EDGE('',*,*,#822,.T.);
#2199 = ORIENTED_EDGE('',*,*,#879,.T.);
#2200 = ORIENTED_EDGE('',*,*,#2184,.T.);
#2201 = ORIENTED_EDGE('',*,*,#2176,.T.);
#2202 = PLANE('',#2203);
#2203 = AXIS2_PLACEMENT_3D('',#2204,#2205,#2206);
#2204 = CARTESIAN_POINT('',(86.,2.,-1.6));
#2205 = DIRECTION('',(1.,0.,0.));
#2206 = DIRECTION('',(0.,1.,0.));
#2207 = ADVANCED_FACE('',(#2208),#2227,.F.);
#2208 = FACE_BOUND('',#2209,.T.);
#2209 = EDGE_LOOP('',(#2210,#2218,#2225,#2226));
#2210 = ORIENTED_EDGE('',*,*,#2211,.F.);
#2211 = EDGE_CURVE('',#2212,#443,#2214,.T.);
#2212 = VERTEX_POINT('',#2213);
#2213 = CARTESIAN_POINT('',(5.75,3.,-9.));
#2214 = LINE('',#2215,#2216);
#2215 = CARTESIAN_POINT('',(5.75,3.,-9.));
#2216 = VECTOR('',#2217,1.);
#2217 = DIRECTION('',(6.198963601763E-17,0.,1.));
#2218 = ORIENTED_EDGE('',*,*,#2219,.T.);
#2219 = EDGE_CURVE('',#2212,#2212,#2220,.T.);
#2220 = CIRCLE('',#2221,1.15);
#2221 = AXIS2_PLACEMENT_3D('',#2222,#2223,#2224);
#2222 = CARTESIAN_POINT('',(6.9,3.,-9.));
#2223 = DIRECTION('',(0.,0.,-1.));
#2224 = DIRECTION('',(-1.,0.,0.));
#2225 = ORIENTED_EDGE('',*,*,#2211,.T.);
#2226 = ORIENTED_EDGE('',*,*,#442,.T.);
#2227 = CYLINDRICAL_SURFACE('',#2228,1.15);
#2228 = AXIS2_PLACEMENT_3D('',#2229,#2230,#2231);
#2229 = CARTESIAN_POINT('',(6.9,3.,-9.));
#2230 = DIRECTION('',(0.,0.,1.));
#2231 = DIRECTION('',(-1.,0.,0.));
#2232 = ADVANCED_FACE('',(#2233),#2252,.F.);
#2233 = FACE_BOUND('',#2234,.T.);
#2234 = EDGE_LOOP('',(#2235,#2243,#2250,#2251));
#2235 = ORIENTED_EDGE('',*,*,#2236,.F.);
#2236 = EDGE_CURVE('',#2237,#454,#2239,.T.);
#2237 = VERTEX_POINT('',#2238);
#2238 = CARTESIAN_POINT('',(5.75,30.8,-9.));
#2239 = LINE('',#2240,#2241);
#2240 = CARTESIAN_POINT('',(5.75,30.8,-9.));
#2241 = VECTOR('',#2242,1.);
#2242 = DIRECTION('',(6.198963601763E-17,0.,1.));
#2243 = ORIENTED_EDGE('',*,*,#2244,.T.);
#2244 = EDGE_CURVE('',#2237,#2237,#2245,.T.);
#2245 = CIRCLE('',#2246,1.15);
#2246 = AXIS2_PLACEMENT_3D('',#2247,#2248,#2249);
#2247 = CARTESIAN_POINT('',(6.9,30.8,-9.));
#2248 = DIRECTION('',(0.,0.,-1.));
#2249 = DIRECTION('',(-1.,0.,0.));
#2250 = ORIENTED_EDGE('',*,*,#2236,.T.);
#2251 = ORIENTED_EDGE('',*,*,#453,.T.);
#2252 = CYLINDRICAL_SURFACE('',#2253,1.15);
#2253 = AXIS2_PLACEMENT_3D('',#2254,#2255,#2256);
#2254 = CARTESIAN_POINT('',(6.9,30.8,-9.));
#2255 = DIRECTION('',(0.,0.,1.));
#2256 = DIRECTION('',(-1.,0.,0.));
#2257 = ADVANCED_FACE('',(#2258),#2275,.F.);
#2258 = FACE_BOUND('',#2259,.T.);
#2259 = EDGE_LOOP('',(#2260,#2261,#2267,#2268,#2269));
#2260 = ORIENTED_EDGE('',*,*,#943,.F.);
#2261 = ORIENTED_EDGE('',*,*,#2262,.T.);
#2262 = EDGE_CURVE('',#944,#476,#2263,.T.);
#2263 = LINE('',#2264,#2265);
#2264 = CARTESIAN_POINT('',(78.53210916542,4.,-9.));
#2265 = VECTOR('',#2266,1.);
#2266 = DIRECTION('',(0.,0.,1.));
#2267 = ORIENTED_EDGE('',*,*,#475,.T.);
#2268 = ORIENTED_EDGE('',*,*,#464,.T.);
#2269 = ORIENTED_EDGE('',*,*,#2270,.F.);
#2270 = EDGE_CURVE('',#936,#467,#2271,.T.);
#2271 = LINE('',#2272,#2273);
#2272 = CARTESIAN_POINT('',(79.66789083458,4.,-9.));
#2273 = VECTOR('',#2274,1.);
#2274 = DIRECTION('',(0.,0.,1.));
#2275 = CYLINDRICAL_SURFACE('',#2276,1.15);
#2276 = AXIS2_PLACEMENT_3D('',#2277,#2278,#2279);
#2277 = CARTESIAN_POINT('',(79.1,3.,-9.));
#2278 = DIRECTION('',(0.,0.,1.));
#2279 = DIRECTION('',(-1.,0.,0.));
#2280 = ADVANCED_FACE('',(#2281),#2294,.T.);
#2281 = FACE_BOUND('',#2282,.T.);
#2282 = EDGE_LOOP('',(#2283,#2284,#2285,#2286,#2287,#2288));
#2283 = ORIENTED_EDGE('',*,*,#837,.F.);
#2284 = ORIENTED_EDGE('',*,*,#911,.T.);
#2285 = ORIENTED_EDGE('',*,*,#935,.F.);
#2286 = ORIENTED_EDGE('',*,*,#2270,.T.);
#2287 = ORIENTED_EDGE('',*,*,#798,.F.);
#2288 = ORIENTED_EDGE('',*,*,#2289,.F.);
#2289 = EDGE_CURVE('',#840,#791,#2290,.T.);
#2290 = LINE('',#2291,#2292);
#2291 = CARTESIAN_POINT('',(84.,4.,-10.2));
#2292 = VECTOR('',#2293,1.);
#2293 = DIRECTION('',(0.,0.,1.));
#2294 = PLANE('',#2295);
#2295 = AXIS2_PLACEMENT_3D('',#2296,#2297,#2298);
#2296 = CARTESIAN_POINT('',(54.,4.,-10.2));
#2297 = DIRECTION('',(0.,1.,0.));
#2298 = DIRECTION('',(1.,0.,0.));
#2299 = ADVANCED_FACE('',(#2300),#2315,.T.);
#2300 = FACE_BOUND('',#2301,.T.);
#2301 = EDGE_LOOP('',(#2302,#2303,#2309,#2310,#2311,#2312,#2313,#2314));
#2302 = ORIENTED_EDGE('',*,*,#1111,.F.);
#2303 = ORIENTED_EDGE('',*,*,#2304,.T.);
#2304 = EDGE_CURVE('',#1104,#485,#2305,.T.);
#2305 = LINE('',#2306,#2307);
#2306 = CARTESIAN_POINT('',(54.,4.,-10.2));
#2307 = VECTOR('',#2308,1.);
#2308 = DIRECTION('',(0.,0.,1.));
#2309 = ORIENTED_EDGE('',*,*,#484,.F.);
#2310 = ORIENTED_EDGE('',*,*,#2262,.F.);
#2311 = ORIENTED_EDGE('',*,*,#952,.F.);
#2312 = ORIENTED_EDGE('',*,*,#974,.T.);
#2313 = ORIENTED_EDGE('',*,*,#1000,.F.);
#2314 = ORIENTED_EDGE('',*,*,#1024,.F.);
#2315 = PLANE('',#2316);
#2316 = AXIS2_PLACEMENT_3D('',#2317,#2318,#2319);
#2317 = CARTESIAN_POINT('',(54.,4.,-10.2));
#2318 = DIRECTION('',(0.,1.,0.));
#2319 = DIRECTION('',(1.,0.,0.));
#2320 = ADVANCED_FACE('',(#2321),#2332,.T.);
#2321 = FACE_BOUND('',#2322,.T.);
#2322 = EDGE_LOOP('',(#2323,#2324,#2325,#2326));
#2323 = ORIENTED_EDGE('',*,*,#847,.F.);
#2324 = ORIENTED_EDGE('',*,*,#2289,.T.);
#2325 = ORIENTED_EDGE('',*,*,#790,.F.);
#2326 = ORIENTED_EDGE('',*,*,#2327,.F.);
#2327 = EDGE_CURVE('',#848,#783,#2328,.T.);
#2328 = LINE('',#2329,#2330);
#2329 = CARTESIAN_POINT('',(84.,5.,-10.2));
#2330 = VECTOR('',#2331,1.);
#2331 = DIRECTION('',(0.,0.,1.));
#2332 = PLANE('',#2333);
#2333 = AXIS2_PLACEMENT_3D('',#2334,#2335,#2336);
#2334 = CARTESIAN_POINT('',(84.,4.,-10.2));
#2335 = DIRECTION('',(-1.,0.,0.));
#2336 = DIRECTION('',(0.,1.,0.));
#2337 = ADVANCED_FACE('',(#2338),#2349,.T.);
#2338 = FACE_BOUND('',#2339,.T.);
#2339 = EDGE_LOOP('',(#2340,#2341,#2347,#2348));
#2340 = ORIENTED_EDGE('',*,*,#1103,.F.);
#2341 = ORIENTED_EDGE('',*,*,#2342,.T.);
#2342 = EDGE_CURVE('',#1096,#493,#2343,.T.);
#2343 = LINE('',#2344,#2345);
#2344 = CARTESIAN_POINT('',(54.,5.,-10.2));
#2345 = VECTOR('',#2346,1.);
#2346 = DIRECTION('',(0.,0.,1.));
#2347 = ORIENTED_EDGE('',*,*,#492,.F.);
#2348 = ORIENTED_EDGE('',*,*,#2304,.F.);
#2349 = PLANE('',#2350);
#2350 = AXIS2_PLACEMENT_3D('',#2351,#2352,#2353);
#2351 = CARTESIAN_POINT('',(54.,5.,-10.2));
#2352 = DIRECTION('',(1.,0.,0.));
#2353 = DIRECTION('',(0.,-1.,0.));
#2354 = ADVANCED_FACE('',(#2355),#2382,.T.);
#2355 = FACE_BOUND('',#2356,.T.);
#2356 = EDGE_LOOP('',(#2357,#2358,#2359,#2360,#2368,#2376));
#2357 = ORIENTED_EDGE('',*,*,#855,.F.);
#2358 = ORIENTED_EDGE('',*,*,#2327,.T.);
#2359 = ORIENTED_EDGE('',*,*,#782,.F.);
#2360 = ORIENTED_EDGE('',*,*,#2361,.T.);
#2361 = EDGE_CURVE('',#775,#2362,#2364,.T.);
#2362 = VERTEX_POINT('',#2363);
#2363 = CARTESIAN_POINT('',(78.5,5.,-8.5));
#2364 = LINE('',#2365,#2366);
#2365 = CARTESIAN_POINT('',(78.5,5.,-1.6));
#2366 = VECTOR('',#2367,1.);
#2367 = DIRECTION('',(-0.,-0.,-1.));
#2368 = ORIENTED_EDGE('',*,*,#2369,.T.);
#2369 = EDGE_CURVE('',#2362,#2370,#2372,.T.);
#2370 = VERTEX_POINT('',#2371);
#2371 = CARTESIAN_POINT('',(82.5,5.,-8.5));
#2372 = LINE('',#2373,#2374);
#2373 = CARTESIAN_POINT('',(60.7,5.,-8.5));
#2374 = VECTOR('',#2375,1.);
#2375 = DIRECTION('',(1.,0.,0.));
#2376 = ORIENTED_EDGE('',*,*,#2377,.F.);
#2377 = EDGE_CURVE('',#856,#2370,#2378,.T.);
#2378 = LINE('',#2379,#2380);
#2379 = CARTESIAN_POINT('',(82.5,5.,-10.2));
#2380 = VECTOR('',#2381,1.);
#2381 = DIRECTION('',(0.,0.,1.));
#2382 = PLANE('',#2383);
#2383 = AXIS2_PLACEMENT_3D('',#2384,#2385,#2386);
#2384 = CARTESIAN_POINT('',(69.096625,5.,-5.540875));
#2385 = DIRECTION('',(-0.,-1.,-0.));
#2386 = DIRECTION('',(0.,0.,-1.));
#2387 = ADVANCED_FACE('',(#2388),#2399,.F.);
#2388 = FACE_BOUND('',#2389,.F.);
#2389 = EDGE_LOOP('',(#2390,#2391,#2397,#2398));
#2390 = ORIENTED_EDGE('',*,*,#500,.F.);
#2391 = ORIENTED_EDGE('',*,*,#2392,.T.);
#2392 = EDGE_CURVE('',#501,#1088,#2393,.T.);
#2393 = LINE('',#2394,#2395);
#2394 = CARTESIAN_POINT('',(52.,5.,-1.6));
#2395 = VECTOR('',#2396,1.);
#2396 = DIRECTION('',(-0.,-0.,-1.));
#2397 = ORIENTED_EDGE('',*,*,#1095,.F.);
#2398 = ORIENTED_EDGE('',*,*,#2342,.T.);
#2399 = PLANE('',#2400);
#2400 = AXIS2_PLACEMENT_3D('',#2401,#2402,#2403);
#2401 = CARTESIAN_POINT('',(52.,5.,-1.6));
#2402 = DIRECTION('',(0.,-1.,0.));
#2403 = DIRECTION('',(1.,0.,0.));
#2404 = ADVANCED_FACE('',(#2405),#2423,.F.);
#2405 = FACE_BOUND('',#2406,.F.);
#2406 = EDGE_LOOP('',(#2407,#2408,#2409,#2417));
#2407 = ORIENTED_EDGE('',*,*,#774,.F.);
#2408 = ORIENTED_EDGE('',*,*,#2361,.T.);
#2409 = ORIENTED_EDGE('',*,*,#2410,.T.);
#2410 = EDGE_CURVE('',#2362,#2411,#2413,.T.);
#2411 = VERTEX_POINT('',#2412);
#2412 = CARTESIAN_POINT('',(78.5,11.5,-8.5));
#2413 = LINE('',#2414,#2415);
#2414 = CARTESIAN_POINT('',(78.5,10.95,-8.5));
#2415 = VECTOR('',#2416,1.);
#2416 = DIRECTION('',(0.,1.,0.));
#2417 = ORIENTED_EDGE('',*,*,#2418,.F.);
#2418 = EDGE_CURVE('',#767,#2411,#2419,.T.);
#2419 = LINE('',#2420,#2421);
#2420 = CARTESIAN_POINT('',(78.5,11.5,-1.6));
#2421 = VECTOR('',#2422,1.);
#2422 = DIRECTION('',(-0.,-0.,-1.));
#2423 = PLANE('',#2424);
#2424 = AXIS2_PLACEMENT_3D('',#2425,#2426,#2427);
#2425 = CARTESIAN_POINT('',(78.5,5.,-1.6));
#2426 = DIRECTION('',(1.,0.,0.));
#2427 = DIRECTION('',(0.,1.,0.));
#2428 = ADVANCED_FACE('',(#2429),#2440,.F.);
#2429 = FACE_BOUND('',#2430,.F.);
#2430 = EDGE_LOOP('',(#2431,#2432,#2438,#2439));
#2431 = ORIENTED_EDGE('',*,*,#508,.F.);
#2432 = ORIENTED_EDGE('',*,*,#2433,.T.);
#2433 = EDGE_CURVE('',#509,#1080,#2434,.T.);
#2434 = LINE('',#2435,#2436);
#2435 = CARTESIAN_POINT('',(52.,28.8,-1.6));
#2436 = VECTOR('',#2437,1.);
#2437 = DIRECTION('',(-0.,-0.,-1.));
#2438 = ORIENTED_EDGE('',*,*,#1087,.F.);
#2439 = ORIENTED_EDGE('',*,*,#2392,.F.);
#2440 = PLANE('',#2441);
#2441 = AXIS2_PLACEMENT_3D('',#2442,#2443,#2444);
#2442 = CARTESIAN_POINT('',(52.,28.8,-1.6));
#2443 = DIRECTION('',(-1.,0.,0.));
#2444 = DIRECTION('',(0.,-1.,0.));
#2445 = ADVANCED_FACE('',(#2446),#2464,.F.);
#2446 = FACE_BOUND('',#2447,.F.);
#2447 = EDGE_LOOP('',(#2448,#2449,#2450,#2458));
#2448 = ORIENTED_EDGE('',*,*,#766,.F.);
#2449 = ORIENTED_EDGE('',*,*,#2418,.T.);
#2450 = ORIENTED_EDGE('',*,*,#2451,.T.);
#2451 = EDGE_CURVE('',#2411,#2452,#2454,.T.);
#2452 = VERTEX_POINT('',#2453);
#2453 = CARTESIAN_POINT('',(76.5,11.5,-8.5));
#2454 = LINE('',#2455,#2456);
#2455 = CARTESIAN_POINT('',(75.05,11.5,-8.5));
#2456 = VECTOR('',#2457,1.);
#2457 = DIRECTION('',(-1.,0.,0.));
#2458 = ORIENTED_EDGE('',*,*,#2459,.F.);
#2459 = EDGE_CURVE('',#759,#2452,#2460,.T.);
#2460 = LINE('',#2461,#2462);
#2461 = CARTESIAN_POINT('',(76.5,11.5,-1.6));
#2462 = VECTOR('',#2463,1.);
#2463 = DIRECTION('',(-0.,-0.,-1.));
#2464 = PLANE('',#2465);
#2465 = AXIS2_PLACEMENT_3D('',#2466,#2467,#2468);
#2466 = CARTESIAN_POINT('',(78.5,11.5,-1.6));
#2467 = DIRECTION('',(0.,1.,0.));
#2468 = DIRECTION('',(-1.,0.,0.));
#2469 = ADVANCED_FACE('',(#2470),#2481,.F.);
#2470 = FACE_BOUND('',#2471,.F.);
#2471 = EDGE_LOOP('',(#2472,#2478,#2479,#2480));
#2472 = ORIENTED_EDGE('',*,*,#2473,.F.);
#2473 = EDGE_CURVE('',#1072,#517,#2474,.T.);
#2474 = LINE('',#2475,#2476);
#2475 = CARTESIAN_POINT('',(54.,28.8,-10.2));
#2476 = VECTOR('',#2477,1.);
#2477 = DIRECTION('',(0.,0.,1.));
#2478 = ORIENTED_EDGE('',*,*,#1079,.F.);
#2479 = ORIENTED_EDGE('',*,*,#2433,.F.);
#2480 = ORIENTED_EDGE('',*,*,#516,.F.);
#2481 = PLANE('',#2482);
#2482 = AXIS2_PLACEMENT_3D('',#2483,#2484,#2485);
#2483 = CARTESIAN_POINT('',(59.3,28.8,-1.6));
#2484 = DIRECTION('',(0.,1.,0.));
#2485 = DIRECTION('',(-1.,0.,0.));
#2486 = ADVANCED_FACE('',(#2487),#2505,.F.);
#2487 = FACE_BOUND('',#2488,.F.);
#2488 = EDGE_LOOP('',(#2489,#2490,#2491,#2499));
#2489 = ORIENTED_EDGE('',*,*,#758,.F.);
#2490 = ORIENTED_EDGE('',*,*,#2459,.T.);
#2491 = ORIENTED_EDGE('',*,*,#2492,.T.);
#2492 = EDGE_CURVE('',#2452,#2493,#2495,.T.);
#2493 = VERTEX_POINT('',#2494);
#2494 = CARTESIAN_POINT('',(76.5,5.,-8.5));
#2495 = LINE('',#2496,#2497);
#2496 = CARTESIAN_POINT('',(76.5,14.2,-8.5));
#2497 = VECTOR('',#2498,1.);
#2498 = DIRECTION('',(0.,-1.,0.));
#2499 = ORIENTED_EDGE('',*,*,#2500,.F.);
#2500 = EDGE_CURVE('',#751,#2493,#2501,.T.);
#2501 = LINE('',#2502,#2503);
#2502 = CARTESIAN_POINT('',(76.5,5.,-1.6));
#2503 = VECTOR('',#2504,1.);
#2504 = DIRECTION('',(-0.,-0.,-1.));
#2505 = PLANE('',#2506);
#2506 = AXIS2_PLACEMENT_3D('',#2507,#2508,#2509);
#2507 = CARTESIAN_POINT('',(76.5,11.5,-1.6));
#2508 = DIRECTION('',(-1.,0.,0.));
#2509 = DIRECTION('',(0.,-1.,0.));
#2510 = ADVANCED_FACE('',(#2511),#2522,.T.);
#2511 = FACE_BOUND('',#2512,.T.);
#2512 = EDGE_LOOP('',(#2513,#2514,#2520,#2521));
#2513 = ORIENTED_EDGE('',*,*,#1071,.F.);
#2514 = ORIENTED_EDGE('',*,*,#2515,.T.);
#2515 = EDGE_CURVE('',#1064,#525,#2516,.T.);
#2516 = LINE('',#2517,#2518);
#2517 = CARTESIAN_POINT('',(54.,29.8,-10.2));
#2518 = VECTOR('',#2519,1.);
#2519 = DIRECTION('',(0.,0.,1.));
#2520 = ORIENTED_EDGE('',*,*,#524,.F.);
#2521 = ORIENTED_EDGE('',*,*,#2473,.F.);
#2522 = PLANE('',#2523);
#2523 = AXIS2_PLACEMENT_3D('',#2524,#2525,#2526);
#2524 = CARTESIAN_POINT('',(54.,29.8,-10.2));
#2525 = DIRECTION('',(1.,0.,0.));
#2526 = DIRECTION('',(0.,-1.,0.));
#2527 = ADVANCED_FACE('',(#2528),#2546,.T.);
#2528 = FACE_BOUND('',#2529,.T.);
#2529 = EDGE_LOOP('',(#2530,#2531,#2532,#2540));
#2530 = ORIENTED_EDGE('',*,*,#2500,.F.);
#2531 = ORIENTED_EDGE('',*,*,#750,.F.);
#2532 = ORIENTED_EDGE('',*,*,#2533,.T.);
#2533 = EDGE_CURVE('',#743,#2534,#2536,.T.);
#2534 = VERTEX_POINT('',#2535);
#2535 = CARTESIAN_POINT('',(72.5,5.,-8.5));
#2536 = LINE('',#2537,#2538);
#2537 = CARTESIAN_POINT('',(72.5,5.,-1.6));
#2538 = VECTOR('',#2539,1.);
#2539 = DIRECTION('',(-0.,-0.,-1.));
#2540 = ORIENTED_EDGE('',*,*,#2541,.T.);
#2541 = EDGE_CURVE('',#2534,#2493,#2542,.T.);
#2542 = LINE('',#2543,#2544);
#2543 = CARTESIAN_POINT('',(60.7,5.,-8.5));
#2544 = VECTOR('',#2545,1.);
#2545 = DIRECTION('',(1.,0.,0.));
#2546 = PLANE('',#2547);
#2547 = AXIS2_PLACEMENT_3D('',#2548,#2549,#2550);
#2548 = CARTESIAN_POINT('',(69.096625,5.,-5.540875));
#2549 = DIRECTION('',(-0.,-1.,-0.));
#2550 = DIRECTION('',(0.,0.,-1.));
#2551 = ADVANCED_FACE('',(#2552),#2595,.T.);
#2552 = FACE_BOUND('',#2553,.T.);
#2553 = EDGE_LOOP('',(#2554,#2564,#2572,#2580,#2586,#2587,#2588,#2589));
#2554 = ORIENTED_EDGE('',*,*,#2555,.F.);
#2555 = EDGE_CURVE('',#2556,#2558,#2560,.T.);
#2556 = VERTEX_POINT('',#2557);
#2557 = CARTESIAN_POINT('',(64.5,29.8,-10.2));
#2558 = VERTEX_POINT('',#2559);
#2559 = CARTESIAN_POINT('',(60.7,29.8,-10.2));
#2560 = LINE('',#2561,#2562);
#2561 = CARTESIAN_POINT('',(84.,29.8,-10.2));
#2562 = VECTOR('',#2563,1.);
#2563 = DIRECTION('',(-1.,0.,0.));
#2564 = ORIENTED_EDGE('',*,*,#2565,.T.);
#2565 = EDGE_CURVE('',#2556,#2566,#2568,.T.);
#2566 = VERTEX_POINT('',#2567);
#2567 = CARTESIAN_POINT('',(64.5,29.8,-8.7));
#2568 = LINE('',#2569,#2570);
#2569 = CARTESIAN_POINT('',(64.5,29.8,-10.2));
#2570 = VECTOR('',#2571,1.);
#2571 = DIRECTION('',(0.,0.,1.));
#2572 = ORIENTED_EDGE('',*,*,#2573,.F.);
#2573 = EDGE_CURVE('',#2574,#2566,#2576,.T.);
#2574 = VERTEX_POINT('',#2575);
#2575 = CARTESIAN_POINT('',(78.53210916542,29.8,-8.7));
#2576 = LINE('',#2577,#2578);
#2577 = CARTESIAN_POINT('',(78.75,29.8,-8.7));
#2578 = VECTOR('',#2579,1.);
#2579 = DIRECTION('',(-1.,0.,0.));
#2580 = ORIENTED_EDGE('',*,*,#2581,.T.);
#2581 = EDGE_CURVE('',#2574,#533,#2582,.T.);
#2582 = LINE('',#2583,#2584);
#2583 = CARTESIAN_POINT('',(78.53210916542,29.8,-9.));
#2584 = VECTOR('',#2585,1.);
#2585 = DIRECTION('',(0.,0.,1.));
#2586 = ORIENTED_EDGE('',*,*,#532,.F.);
#2587 = ORIENTED_EDGE('',*,*,#2515,.F.);
#2588 = ORIENTED_EDGE('',*,*,#1063,.F.);
#2589 = ORIENTED_EDGE('',*,*,#2590,.F.);
#2590 = EDGE_CURVE('',#2558,#1056,#2591,.T.);
#2591 = LINE('',#2592,#2593);
#2592 = CARTESIAN_POINT('',(60.7,29.8,-8.474168646081));
#2593 = VECTOR('',#2594,1.);
#2594 = DIRECTION('',(0.,0.,1.));
#2595 = PLANE('',#2596);
#2596 = AXIS2_PLACEMENT_3D('',#2597,#2598,#2599);
#2597 = CARTESIAN_POINT('',(84.,29.8,-10.2));
#2598 = DIRECTION('',(0.,-1.,0.));
#2599 = DIRECTION('',(-1.,0.,0.));
#2600 = ADVANCED_FACE('',(#2601),#2619,.F.);
#2601 = FACE_BOUND('',#2602,.F.);
#2602 = EDGE_LOOP('',(#2603,#2604,#2605,#2613));
#2603 = ORIENTED_EDGE('',*,*,#742,.F.);
#2604 = ORIENTED_EDGE('',*,*,#2533,.T.);
#2605 = ORIENTED_EDGE('',*,*,#2606,.T.);
#2606 = EDGE_CURVE('',#2534,#2607,#2609,.T.);
#2607 = VERTEX_POINT('',#2608);
#2608 = CARTESIAN_POINT('',(72.5,11.5,-8.5));
#2609 = LINE('',#2610,#2611);
#2610 = CARTESIAN_POINT('',(72.5,10.95,-8.5));
#2611 = VECTOR('',#2612,1.);
#2612 = DIRECTION('',(0.,1.,0.));
#2613 = ORIENTED_EDGE('',*,*,#2614,.F.);
#2614 = EDGE_CURVE('',#735,#2607,#2615,.T.);
#2615 = LINE('',#2616,#2617);
#2616 = CARTESIAN_POINT('',(72.5,11.5,-1.6));
#2617 = VECTOR('',#2618,1.);
#2618 = DIRECTION('',(-0.,-0.,-1.));
#2619 = PLANE('',#2620);
#2620 = AXIS2_PLACEMENT_3D('',#2621,#2622,#2623);
#2621 = CARTESIAN_POINT('',(72.5,5.,-1.6));
#2622 = DIRECTION('',(1.,0.,0.));
#2623 = DIRECTION('',(0.,1.,0.));
#2624 = ADVANCED_FACE('',(#2625),#2645,.F.);
#2625 = FACE_BOUND('',#2626,.T.);
#2626 = EDGE_LOOP('',(#2627,#2636,#2642,#2643,#2644));
#2627 = ORIENTED_EDGE('',*,*,#2628,.F.);
#2628 = EDGE_CURVE('',#2629,#2574,#2631,.T.);
#2629 = VERTEX_POINT('',#2630);
#2630 = CARTESIAN_POINT('',(79.66789083458,29.8,-8.7));
#2631 = CIRCLE('',#2632,1.15);
#2632 = AXIS2_PLACEMENT_3D('',#2633,#2634,#2635);
#2633 = CARTESIAN_POINT('',(79.1,30.8,-8.7));
#2634 = DIRECTION('',(0.,0.,1.));
#2635 = DIRECTION('',(-1.,0.,0.));
#2636 = ORIENTED_EDGE('',*,*,#2637,.T.);
#2637 = EDGE_CURVE('',#2629,#550,#2638,.T.);
#2638 = LINE('',#2639,#2640);
#2639 = CARTESIAN_POINT('',(79.66789083458,29.8,-9.));
#2640 = VECTOR('',#2641,1.);
#2641 = DIRECTION('',(0.,0.,1.));
#2642 = ORIENTED_EDGE('',*,*,#549,.T.);
#2643 = ORIENTED_EDGE('',*,*,#540,.T.);
#2644 = ORIENTED_EDGE('',*,*,#2581,.F.);
#2645 = CYLINDRICAL_SURFACE('',#2646,1.15);
#2646 = AXIS2_PLACEMENT_3D('',#2647,#2648,#2649);
#2647 = CARTESIAN_POINT('',(79.1,30.8,-9.));
#2648 = DIRECTION('',(0.,0.,1.));
#2649 = DIRECTION('',(-1.,0.,0.));
#2650 = ADVANCED_FACE('',(#2651),#2669,.F.);
#2651 = FACE_BOUND('',#2652,.F.);
#2652 = EDGE_LOOP('',(#2653,#2654,#2655,#2663));
#2653 = ORIENTED_EDGE('',*,*,#734,.F.);
#2654 = ORIENTED_EDGE('',*,*,#2614,.T.);
#2655 = ORIENTED_EDGE('',*,*,#2656,.T.);
#2656 = EDGE_CURVE('',#2607,#2657,#2659,.T.);
#2657 = VERTEX_POINT('',#2658);
#2658 = CARTESIAN_POINT('',(70.5,11.5,-8.5));
#2659 = LINE('',#2660,#2661);
#2660 = CARTESIAN_POINT('',(72.05,11.5,-8.5));
#2661 = VECTOR('',#2662,1.);
#2662 = DIRECTION('',(-1.,0.,0.));
#2663 = ORIENTED_EDGE('',*,*,#2664,.F.);
#2664 = EDGE_CURVE('',#727,#2657,#2665,.T.);
#2665 = LINE('',#2666,#2667);
#2666 = CARTESIAN_POINT('',(70.5,11.5,-1.6));
#2667 = VECTOR('',#2668,1.);
#2668 = DIRECTION('',(-0.,-0.,-1.));
#2669 = PLANE('',#2670);
#2670 = AXIS2_PLACEMENT_3D('',#2671,#2672,#2673);
#2671 = CARTESIAN_POINT('',(72.5,11.5,-1.6));
#2672 = DIRECTION('',(0.,1.,0.));
#2673 = DIRECTION('',(-1.,0.,0.));
#2674 = ADVANCED_FACE('',(#2675),#2693,.F.);
#2675 = FACE_BOUND('',#2676,.F.);
#2676 = EDGE_LOOP('',(#2677,#2678,#2679,#2687));
#2677 = ORIENTED_EDGE('',*,*,#726,.F.);
#2678 = ORIENTED_EDGE('',*,*,#2664,.T.);
#2679 = ORIENTED_EDGE('',*,*,#2680,.T.);
#2680 = EDGE_CURVE('',#2657,#2681,#2683,.T.);
#2681 = VERTEX_POINT('',#2682);
#2682 = CARTESIAN_POINT('',(70.5,5.,-8.5));
#2683 = LINE('',#2684,#2685);
#2684 = CARTESIAN_POINT('',(70.5,14.2,-8.5));
#2685 = VECTOR('',#2686,1.);
#2686 = DIRECTION('',(0.,-1.,0.));
#2687 = ORIENTED_EDGE('',*,*,#2688,.F.);
#2688 = EDGE_CURVE('',#719,#2681,#2689,.T.);
#2689 = LINE('',#2690,#2691);
#2690 = CARTESIAN_POINT('',(70.5,5.,-1.6));
#2691 = VECTOR('',#2692,1.);
#2692 = DIRECTION('',(-0.,-0.,-1.));
#2693 = PLANE('',#2694);
#2694 = AXIS2_PLACEMENT_3D('',#2695,#2696,#2697);
#2695 = CARTESIAN_POINT('',(70.5,11.5,-1.6));
#2696 = DIRECTION('',(-1.,0.,0.));
#2697 = DIRECTION('',(0.,-1.,0.));
#2698 = ADVANCED_FACE('',(#2699),#2733,.T.);
#2699 = FACE_BOUND('',#2700,.T.);
#2700 = EDGE_LOOP('',(#2701,#2711,#2717,#2718,#2719,#2727));
#2701 = ORIENTED_EDGE('',*,*,#2702,.F.);
#2702 = EDGE_CURVE('',#2703,#2705,#2707,.T.);
#2703 = VERTEX_POINT('',#2704);
#2704 = CARTESIAN_POINT('',(84.,29.8,-10.2));
#2705 = VERTEX_POINT('',#2706);
#2706 = CARTESIAN_POINT('',(82.5,29.8,-10.2));
#2707 = LINE('',#2708,#2709);
#2708 = CARTESIAN_POINT('',(84.,29.8,-10.2));
#2709 = VECTOR('',#2710,1.);
#2710 = DIRECTION('',(-1.,0.,0.));
#2711 = ORIENTED_EDGE('',*,*,#2712,.T.);
#2712 = EDGE_CURVE('',#2703,#559,#2713,.T.);
#2713 = LINE('',#2714,#2715);
#2714 = CARTESIAN_POINT('',(84.,29.8,-10.2));
#2715 = VECTOR('',#2716,1.);
#2716 = DIRECTION('',(0.,0.,1.));
#2717 = ORIENTED_EDGE('',*,*,#558,.F.);
#2718 = ORIENTED_EDGE('',*,*,#2637,.F.);
#2719 = ORIENTED_EDGE('',*,*,#2720,.F.);
#2720 = EDGE_CURVE('',#2721,#2629,#2723,.T.);
#2721 = VERTEX_POINT('',#2722);
#2722 = CARTESIAN_POINT('',(82.5,29.8,-8.7));
#2723 = LINE('',#2724,#2725);
#2724 = CARTESIAN_POINT('',(78.75,29.8,-8.7));
#2725 = VECTOR('',#2726,1.);
#2726 = DIRECTION('',(-1.,0.,0.));
#2727 = ORIENTED_EDGE('',*,*,#2728,.T.);
#2728 = EDGE_CURVE('',#2721,#2705,#2729,.T.);
#2729 = LINE('',#2730,#2731);
#2730 = CARTESIAN_POINT('',(82.5,29.8,-10.2));
#2731 = VECTOR('',#2732,1.);
#2732 = DIRECTION('',(-0.,-0.,-1.));
#2733 = PLANE('',#2734);
#2734 = AXIS2_PLACEMENT_3D('',#2735,#2736,#2737);
#2735 = CARTESIAN_POINT('',(84.,29.8,-10.2));
#2736 = DIRECTION('',(0.,-1.,0.));
#2737 = DIRECTION('',(-1.,0.,0.));
#2738 = ADVANCED_FACE('',(#2739),#2757,.T.);
#2739 = FACE_BOUND('',#2740,.T.);
#2740 = EDGE_LOOP('',(#2741,#2742,#2743,#2751));
#2741 = ORIENTED_EDGE('',*,*,#2688,.F.);
#2742 = ORIENTED_EDGE('',*,*,#718,.F.);
#2743 = ORIENTED_EDGE('',*,*,#2744,.T.);
#2744 = EDGE_CURVE('',#711,#2745,#2747,.T.);
#2745 = VERTEX_POINT('',#2746);
#2746 = CARTESIAN_POINT('',(66.5,5.,-8.5));
#2747 = LINE('',#2748,#2749);
#2748 = CARTESIAN_POINT('',(66.5,5.,-1.6));
#2749 = VECTOR('',#2750,1.);
#2750 = DIRECTION('',(-0.,-0.,-1.));
#2751 = ORIENTED_EDGE('',*,*,#2752,.T.);
#2752 = EDGE_CURVE('',#2745,#2681,#2753,.T.);
#2753 = LINE('',#2754,#2755);
#2754 = CARTESIAN_POINT('',(60.7,5.,-8.5));
#2755 = VECTOR('',#2756,1.);
#2756 = DIRECTION('',(1.,0.,0.));
#2757 = PLANE('',#2758);
#2758 = AXIS2_PLACEMENT_3D('',#2759,#2760,#2761);
#2759 = CARTESIAN_POINT('',(69.096625,5.,-5.540875));
#2760 = DIRECTION('',(-0.,-1.,-0.));
#2761 = DIRECTION('',(0.,0.,-1.));
#2762 = ADVANCED_FACE('',(#2763),#2781,.T.);
#2763 = FACE_BOUND('',#2764,.T.);
#2764 = EDGE_LOOP('',(#2765,#2773,#2779,#2780));
#2765 = ORIENTED_EDGE('',*,*,#2766,.F.);
#2766 = EDGE_CURVE('',#2767,#2703,#2769,.T.);
#2767 = VERTEX_POINT('',#2768);
#2768 = CARTESIAN_POINT('',(84.,28.8,-10.2));
#2769 = LINE('',#2770,#2771);
#2770 = CARTESIAN_POINT('',(84.,28.8,-10.2));
#2771 = VECTOR('',#2772,1.);
#2772 = DIRECTION('',(0.,1.,0.));
#2773 = ORIENTED_EDGE('',*,*,#2774,.T.);
#2774 = EDGE_CURVE('',#2767,#567,#2775,.T.);
#2775 = LINE('',#2776,#2777);
#2776 = CARTESIAN_POINT('',(84.,28.8,-10.2));
#2777 = VECTOR('',#2778,1.);
#2778 = DIRECTION('',(0.,0.,1.));
#2779 = ORIENTED_EDGE('',*,*,#566,.F.);
#2780 = ORIENTED_EDGE('',*,*,#2712,.F.);
#2781 = PLANE('',#2782);
#2782 = AXIS2_PLACEMENT_3D('',#2783,#2784,#2785);
#2783 = CARTESIAN_POINT('',(84.,28.8,-10.2));
#2784 = DIRECTION('',(-1.,0.,0.));
#2785 = DIRECTION('',(0.,1.,0.));
#2786 = ADVANCED_FACE('',(#2787),#2805,.F.);
#2787 = FACE_BOUND('',#2788,.F.);
#2788 = EDGE_LOOP('',(#2789,#2790,#2791,#2799));
#2789 = ORIENTED_EDGE('',*,*,#710,.F.);
#2790 = ORIENTED_EDGE('',*,*,#2744,.T.);
#2791 = ORIENTED_EDGE('',*,*,#2792,.T.);
#2792 = EDGE_CURVE('',#2745,#2793,#2795,.T.);
#2793 = VERTEX_POINT('',#2794);
#2794 = CARTESIAN_POINT('',(66.5,11.5,-8.5));
#2795 = LINE('',#2796,#2797);
#2796 = CARTESIAN_POINT('',(66.5,10.95,-8.5));
#2797 = VECTOR('',#2798,1.);
#2798 = DIRECTION('',(0.,1.,0.));
#2799 = ORIENTED_EDGE('',*,*,#2800,.F.);
#2800 = EDGE_CURVE('',#703,#2793,#2801,.T.);
#2801 = LINE('',#2802,#2803);
#2802 = CARTESIAN_POINT('',(66.5,11.5,-1.6));
#2803 = VECTOR('',#2804,1.);
#2804 = DIRECTION('',(-0.,-0.,-1.));
#2805 = PLANE('',#2806);
#2806 = AXIS2_PLACEMENT_3D('',#2807,#2808,#2809);
#2807 = CARTESIAN_POINT('',(66.5,5.,-1.6));
#2808 = DIRECTION('',(1.,0.,0.));
#2809 = DIRECTION('',(0.,1.,0.));
#2810 = ADVANCED_FACE('',(#2811),#2845,.T.);
#2811 = FACE_BOUND('',#2812,.T.);
#2812 = EDGE_LOOP('',(#2813,#2821,#2822,#2823,#2831,#2839));
#2813 = ORIENTED_EDGE('',*,*,#2814,.F.);
#2814 = EDGE_CURVE('',#575,#2815,#2817,.T.);
#2815 = VERTEX_POINT('',#2816);
#2816 = CARTESIAN_POINT('',(81.5,28.8,-8.5));
#2817 = LINE('',#2818,#2819);
#2818 = CARTESIAN_POINT('',(81.5,28.8,-1.6));
#2819 = VECTOR('',#2820,1.);
#2820 = DIRECTION('',(-0.,-0.,-1.));
#2821 = ORIENTED_EDGE('',*,*,#574,.F.);
#2822 = ORIENTED_EDGE('',*,*,#2774,.F.);
#2823 = ORIENTED_EDGE('',*,*,#2824,.F.);
#2824 = EDGE_CURVE('',#2825,#2767,#2827,.T.);
#2825 = VERTEX_POINT('',#2826);
#2826 = CARTESIAN_POINT('',(82.5,28.8,-10.2));
#2827 = LINE('',#2828,#2829);
#2828 = CARTESIAN_POINT('',(54.,28.8,-10.2));
#2829 = VECTOR('',#2830,1.);
#2830 = DIRECTION('',(1.,0.,0.));
#2831 = ORIENTED_EDGE('',*,*,#2832,.T.);
#2832 = EDGE_CURVE('',#2825,#2833,#2835,.T.);
#2833 = VERTEX_POINT('',#2834);
#2834 = CARTESIAN_POINT('',(82.5,28.8,-8.5));
#2835 = LINE('',#2836,#2837);
#2836 = CARTESIAN_POINT('',(82.5,28.8,-10.2));
#2837 = VECTOR('',#2838,1.);
#2838 = DIRECTION('',(0.,0.,1.));
#2839 = ORIENTED_EDGE('',*,*,#2840,.T.);
#2840 = EDGE_CURVE('',#2833,#2815,#2841,.T.);
#2841 = LINE('',#2842,#2843);
#2842 = CARTESIAN_POINT('',(82.5,28.8,-8.5));
#2843 = VECTOR('',#2844,1.);
#2844 = DIRECTION('',(-1.,0.,0.));
#2845 = PLANE('',#2846);
#2846 = AXIS2_PLACEMENT_3D('',#2847,#2848,#2849);
#2847 = CARTESIAN_POINT('',(69.096625,28.8,-5.540875));
#2848 = DIRECTION('',(0.,1.,0.));
#2849 = DIRECTION('',(0.,0.,1.));
#2850 = ADVANCED_FACE('',(#2851),#2869,.F.);
#2851 = FACE_BOUND('',#2852,.F.);
#2852 = EDGE_LOOP('',(#2853,#2854,#2855,#2863));
#2853 = ORIENTED_EDGE('',*,*,#702,.F.);
#2854 = ORIENTED_EDGE('',*,*,#2800,.T.);
#2855 = ORIENTED_EDGE('',*,*,#2856,.T.);
#2856 = EDGE_CURVE('',#2793,#2857,#2859,.T.);
#2857 = VERTEX_POINT('',#2858);
#2858 = CARTESIAN_POINT('',(64.5,11.5,-8.5));
#2859 = LINE('',#2860,#2861);
#2860 = CARTESIAN_POINT('',(69.05,11.5,-8.5));
#2861 = VECTOR('',#2862,1.);
#2862 = DIRECTION('',(-1.,0.,0.));
#2863 = ORIENTED_EDGE('',*,*,#2864,.F.);
#2864 = EDGE_CURVE('',#695,#2857,#2865,.T.);
#2865 = LINE('',#2866,#2867);
#2866 = CARTESIAN_POINT('',(64.5,11.5,-1.6));
#2867 = VECTOR('',#2868,1.);
#2868 = DIRECTION('',(-0.,-0.,-1.));
#2869 = PLANE('',#2870);
#2870 = AXIS2_PLACEMENT_3D('',#2871,#2872,#2873);
#2871 = CARTESIAN_POINT('',(66.5,11.5,-1.6));
#2872 = DIRECTION('',(0.,1.,0.));
#2873 = DIRECTION('',(-1.,0.,0.));
#2874 = ADVANCED_FACE('',(#2875),#2893,.F.);
#2875 = FACE_BOUND('',#2876,.F.);
#2876 = EDGE_LOOP('',(#2877,#2878,#2886,#2892));
#2877 = ORIENTED_EDGE('',*,*,#582,.F.);
#2878 = ORIENTED_EDGE('',*,*,#2879,.T.);
#2879 = EDGE_CURVE('',#583,#2880,#2882,.T.);
#2880 = VERTEX_POINT('',#2881);
#2881 = CARTESIAN_POINT('',(81.5,22.3,-8.5));
#2882 = LINE('',#2883,#2884);
#2883 = CARTESIAN_POINT('',(81.5,22.3,-1.6));
#2884 = VECTOR('',#2885,1.);
#2885 = DIRECTION('',(-0.,-0.,-1.));
#2886 = ORIENTED_EDGE('',*,*,#2887,.T.);
#2887 = EDGE_CURVE('',#2880,#2815,#2888,.T.);
#2888 = LINE('',#2889,#2890);
#2889 = CARTESIAN_POINT('',(81.5,19.6,-8.5));
#2890 = VECTOR('',#2891,1.);
#2891 = DIRECTION('',(0.,1.,0.));
#2892 = ORIENTED_EDGE('',*,*,#2814,.F.);
#2893 = PLANE('',#2894);
#2894 = AXIS2_PLACEMENT_3D('',#2895,#2896,#2897);
#2895 = CARTESIAN_POINT('',(81.5,22.3,-1.6));
#2896 = DIRECTION('',(1.,0.,0.));
#2897 = DIRECTION('',(0.,1.,0.));
#2898 = ADVANCED_FACE('',(#2899),#2917,.F.);
#2899 = FACE_BOUND('',#2900,.F.);
#2900 = EDGE_LOOP('',(#2901,#2902,#2903,#2911));
#2901 = ORIENTED_EDGE('',*,*,#694,.F.);
#2902 = ORIENTED_EDGE('',*,*,#2864,.T.);
#2903 = ORIENTED_EDGE('',*,*,#2904,.T.);
#2904 = EDGE_CURVE('',#2857,#2905,#2907,.T.);
#2905 = VERTEX_POINT('',#2906);
#2906 = CARTESIAN_POINT('',(64.5,5.,-8.5));
#2907 = LINE('',#2908,#2909);
#2908 = CARTESIAN_POINT('',(64.5,14.2,-8.5));
#2909 = VECTOR('',#2910,1.);
#2910 = DIRECTION('',(0.,-1.,0.));
#2911 = ORIENTED_EDGE('',*,*,#2912,.F.);
#2912 = EDGE_CURVE('',#687,#2905,#2913,.T.);
#2913 = LINE('',#2914,#2915);
#2914 = CARTESIAN_POINT('',(64.5,5.,-1.6));
#2915 = VECTOR('',#2916,1.);
#2916 = DIRECTION('',(-0.,-0.,-1.));
#2917 = PLANE('',#2918);
#2918 = AXIS2_PLACEMENT_3D('',#2919,#2920,#2921);
#2919 = CARTESIAN_POINT('',(64.5,11.5,-1.6));
#2920 = DIRECTION('',(-1.,0.,0.));
#2921 = DIRECTION('',(0.,-1.,0.));
#2922 = ADVANCED_FACE('',(#2923),#2941,.F.);
#2923 = FACE_BOUND('',#2924,.F.);
#2924 = EDGE_LOOP('',(#2925,#2926,#2934,#2940));
#2925 = ORIENTED_EDGE('',*,*,#590,.F.);
#2926 = ORIENTED_EDGE('',*,*,#2927,.T.);
#2927 = EDGE_CURVE('',#591,#2928,#2930,.T.);
#2928 = VERTEX_POINT('',#2929);
#2929 = CARTESIAN_POINT('',(79.5,22.3,-8.5));
#2930 = LINE('',#2931,#2932);
#2931 = CARTESIAN_POINT('',(79.5,22.3,-1.6));
#2932 = VECTOR('',#2933,1.);
#2933 = DIRECTION('',(-0.,-0.,-1.));
#2934 = ORIENTED_EDGE('',*,*,#2935,.T.);
#2935 = EDGE_CURVE('',#2928,#2880,#2936,.T.);
#2936 = LINE('',#2937,#2938);
#2937 = CARTESIAN_POINT('',(75.55,22.3,-8.5));
#2938 = VECTOR('',#2939,1.);
#2939 = DIRECTION('',(1.,0.,0.));
#2940 = ORIENTED_EDGE('',*,*,#2879,.F.);
#2941 = PLANE('',#2942);
#2942 = AXIS2_PLACEMENT_3D('',#2943,#2944,#2945);
#2943 = CARTESIAN_POINT('',(79.5,22.3,-1.6));
#2944 = DIRECTION('',(0.,-1.,0.));
#2945 = DIRECTION('',(1.,0.,0.));
#2946 = ADVANCED_FACE('',(#2947),#3013,.T.);
#2947 = FACE_BOUND('',#2948,.T.);
#2948 = EDGE_LOOP('',(#2949,#2950,#2951,#2959,#2967,#2975,#2983,#2991,
    #2999,#3007));
#2949 = ORIENTED_EDGE('',*,*,#2912,.F.);
#2950 = ORIENTED_EDGE('',*,*,#686,.F.);
#2951 = ORIENTED_EDGE('',*,*,#2952,.T.);
#2952 = EDGE_CURVE('',#679,#2953,#2955,.T.);
#2953 = VERTEX_POINT('',#2954);
#2954 = CARTESIAN_POINT('',(59.3,5.,-4.7));
#2955 = LINE('',#2956,#2957);
#2956 = CARTESIAN_POINT('',(59.3,5.,-1.6));
#2957 = VECTOR('',#2958,1.);
#2958 = DIRECTION('',(-0.,-0.,-1.));
#2959 = ORIENTED_EDGE('',*,*,#2960,.F.);
#2960 = EDGE_CURVE('',#2961,#2953,#2963,.T.);
#2961 = VERTEX_POINT('',#2962);
#2962 = CARTESIAN_POINT('',(60.7,5.,-4.7));
#2963 = LINE('',#2964,#2965);
#2964 = CARTESIAN_POINT('',(63.5,5.,-4.7));
#2965 = VECTOR('',#2966,1.);
#2966 = DIRECTION('',(-1.,0.,0.));
#2967 = ORIENTED_EDGE('',*,*,#2968,.F.);
#2968 = EDGE_CURVE('',#2969,#2961,#2971,.T.);
#2969 = VERTEX_POINT('',#2970);
#2970 = CARTESIAN_POINT('',(60.7,5.,-7.4));
#2971 = LINE('',#2972,#2973);
#2972 = CARTESIAN_POINT('',(60.7,5.,-8.474168646081));
#2973 = VECTOR('',#2974,1.);
#2974 = DIRECTION('',(0.,0.,1.));
#2975 = ORIENTED_EDGE('',*,*,#2976,.F.);
#2976 = EDGE_CURVE('',#2977,#2969,#2979,.T.);
#2977 = VERTEX_POINT('',#2978);
#2978 = CARTESIAN_POINT('',(59.3,5.,-7.4));
#2979 = LINE('',#2980,#2981);
#2980 = CARTESIAN_POINT('',(51.85,5.,-7.4));
#2981 = VECTOR('',#2982,1.);
#2982 = DIRECTION('',(1.,0.,0.));
#2983 = ORIENTED_EDGE('',*,*,#2984,.F.);
#2984 = EDGE_CURVE('',#2985,#2977,#2987,.T.);
#2985 = VERTEX_POINT('',#2986);
#2986 = CARTESIAN_POINT('',(59.3,5.,-10.2));
#2987 = LINE('',#2988,#2989);
#2988 = CARTESIAN_POINT('',(59.3,5.,-10.2));
#2989 = VECTOR('',#2990,1.);
#2990 = DIRECTION('',(0.,0.,1.));
#2991 = ORIENTED_EDGE('',*,*,#2992,.F.);
#2992 = EDGE_CURVE('',#2993,#2985,#2995,.T.);
#2993 = VERTEX_POINT('',#2994);
#2994 = CARTESIAN_POINT('',(60.7,5.,-10.2));
#2995 = LINE('',#2996,#2997);
#2996 = CARTESIAN_POINT('',(84.,5.,-10.2));
#2997 = VECTOR('',#2998,1.);
#2998 = DIRECTION('',(-1.,0.,0.));
#2999 = ORIENTED_EDGE('',*,*,#3000,.T.);
#3000 = EDGE_CURVE('',#2993,#3001,#3003,.T.);
#3001 = VERTEX_POINT('',#3002);
#3002 = CARTESIAN_POINT('',(60.7,5.,-8.5));
#3003 = LINE('',#3004,#3005);
#3004 = CARTESIAN_POINT('',(60.7,5.,-10.2));
#3005 = VECTOR('',#3006,1.);
#3006 = DIRECTION('',(0.,0.,1.));
#3007 = ORIENTED_EDGE('',*,*,#3008,.T.);
#3008 = EDGE_CURVE('',#3001,#2905,#3009,.T.);
#3009 = LINE('',#3010,#3011);
#3010 = CARTESIAN_POINT('',(60.7,5.,-8.5));
#3011 = VECTOR('',#3012,1.);
#3012 = DIRECTION('',(1.,0.,0.));
#3013 = PLANE('',#3014);
#3014 = AXIS2_PLACEMENT_3D('',#3015,#3016,#3017);
#3015 = CARTESIAN_POINT('',(69.096625,5.,-5.540875));
#3016 = DIRECTION('',(-0.,-1.,-0.));
#3017 = DIRECTION('',(0.,0.,-1.));
#3018 = ADVANCED_FACE('',(#3019),#3037,.F.);
#3019 = FACE_BOUND('',#3020,.F.);
#3020 = EDGE_LOOP('',(#3021,#3022,#3030,#3036));
#3021 = ORIENTED_EDGE('',*,*,#598,.F.);
#3022 = ORIENTED_EDGE('',*,*,#3023,.T.);
#3023 = EDGE_CURVE('',#599,#3024,#3026,.T.);
#3024 = VERTEX_POINT('',#3025);
#3025 = CARTESIAN_POINT('',(79.5,28.8,-8.5));
#3026 = LINE('',#3027,#3028);
#3027 = CARTESIAN_POINT('',(79.5,28.8,-1.6));
#3028 = VECTOR('',#3029,1.);
#3029 = DIRECTION('',(-0.,-0.,-1.));
#3030 = ORIENTED_EDGE('',*,*,#3031,.T.);
#3031 = EDGE_CURVE('',#3024,#2928,#3032,.T.);
#3032 = LINE('',#3033,#3034);
#3033 = CARTESIAN_POINT('',(79.5,22.85,-8.5));
#3034 = VECTOR('',#3035,1.);
#3035 = DIRECTION('',(0.,-1.,0.));
#3036 = ORIENTED_EDGE('',*,*,#2927,.F.);
#3037 = PLANE('',#3038);
#3038 = AXIS2_PLACEMENT_3D('',#3039,#3040,#3041);
#3039 = CARTESIAN_POINT('',(79.5,28.8,-1.6));
#3040 = DIRECTION('',(-1.,0.,0.));
#3041 = DIRECTION('',(0.,-1.,0.));
#3042 = ADVANCED_FACE('',(#3043),#3061,.F.);
#3043 = FACE_BOUND('',#3044,.F.);
#3044 = EDGE_LOOP('',(#3045,#3046,#3054,#3060));
#3045 = ORIENTED_EDGE('',*,*,#2952,.T.);
#3046 = ORIENTED_EDGE('',*,*,#3047,.F.);
#3047 = EDGE_CURVE('',#3048,#2953,#3050,.T.);
#3048 = VERTEX_POINT('',#3049);
#3049 = CARTESIAN_POINT('',(59.3,28.8,-4.7));
#3050 = LINE('',#3051,#3052);
#3051 = CARTESIAN_POINT('',(59.3,10.95,-4.7));
#3052 = VECTOR('',#3053,1.);
#3053 = DIRECTION('',(0.,-1.,0.));
#3054 = ORIENTED_EDGE('',*,*,#3055,.F.);
#3055 = EDGE_CURVE('',#671,#3048,#3056,.T.);
#3056 = LINE('',#3057,#3058);
#3057 = CARTESIAN_POINT('',(59.3,28.8,-1.6));
#3058 = VECTOR('',#3059,1.);
#3059 = DIRECTION('',(-0.,-0.,-1.));
#3060 = ORIENTED_EDGE('',*,*,#678,.F.);
#3061 = PLANE('',#3062);
#3062 = AXIS2_PLACEMENT_3D('',#3063,#3064,#3065);
#3063 = CARTESIAN_POINT('',(59.3,5.,-1.6));
#3064 = DIRECTION('',(1.,0.,0.));
#3065 = DIRECTION('',(0.,1.,0.));
#3066 = ADVANCED_FACE('',(#3067),#3085,.T.);
#3067 = FACE_BOUND('',#3068,.T.);
#3068 = EDGE_LOOP('',(#3069,#3077,#3078,#3079));
#3069 = ORIENTED_EDGE('',*,*,#3070,.F.);
#3070 = EDGE_CURVE('',#607,#3071,#3073,.T.);
#3071 = VERTEX_POINT('',#3072);
#3072 = CARTESIAN_POINT('',(75.5,28.8,-8.5));
#3073 = LINE('',#3074,#3075);
#3074 = CARTESIAN_POINT('',(75.5,28.8,-1.6));
#3075 = VECTOR('',#3076,1.);
#3076 = DIRECTION('',(-0.,-0.,-1.));
#3077 = ORIENTED_EDGE('',*,*,#606,.F.);
#3078 = ORIENTED_EDGE('',*,*,#3023,.T.);
#3079 = ORIENTED_EDGE('',*,*,#3080,.T.);
#3080 = EDGE_CURVE('',#3024,#3071,#3081,.T.);
#3081 = LINE('',#3082,#3083);
#3082 = CARTESIAN_POINT('',(82.5,28.8,-8.5));
#3083 = VECTOR('',#3084,1.);
#3084 = DIRECTION('',(-1.,0.,0.));
#3085 = PLANE('',#3086);
#3086 = AXIS2_PLACEMENT_3D('',#3087,#3088,#3089);
#3087 = CARTESIAN_POINT('',(69.096625,28.8,-5.540875));
#3088 = DIRECTION('',(0.,1.,0.));
#3089 = DIRECTION('',(0.,0.,1.));
#3090 = ADVANCED_FACE('',(#3091),#3157,.T.);
#3091 = FACE_BOUND('',#3092,.T.);
#3092 = EDGE_LOOP('',(#3093,#3101,#3102,#3103,#3111,#3119,#3127,#3135,
    #3143,#3151));
#3093 = ORIENTED_EDGE('',*,*,#3094,.F.);
#3094 = EDGE_CURVE('',#3048,#3095,#3097,.T.);
#3095 = VERTEX_POINT('',#3096);
#3096 = CARTESIAN_POINT('',(60.7,28.8,-4.7));
#3097 = LINE('',#3098,#3099);
#3098 = CARTESIAN_POINT('',(48.5,28.8,-4.7));
#3099 = VECTOR('',#3100,1.);
#3100 = DIRECTION('',(1.,0.,0.));
#3101 = ORIENTED_EDGE('',*,*,#3055,.F.);
#3102 = ORIENTED_EDGE('',*,*,#670,.F.);
#3103 = ORIENTED_EDGE('',*,*,#3104,.T.);
#3104 = EDGE_CURVE('',#663,#3105,#3107,.T.);
#3105 = VERTEX_POINT('',#3106);
#3106 = CARTESIAN_POINT('',(67.5,28.8,-8.5));
#3107 = LINE('',#3108,#3109);
#3108 = CARTESIAN_POINT('',(67.5,28.8,-1.6));
#3109 = VECTOR('',#3110,1.);
#3110 = DIRECTION('',(-0.,-0.,-1.));
#3111 = ORIENTED_EDGE('',*,*,#3112,.T.);
#3112 = EDGE_CURVE('',#3105,#3113,#3115,.T.);
#3113 = VERTEX_POINT('',#3114);
#3114 = CARTESIAN_POINT('',(60.7,28.8,-8.5));
#3115 = LINE('',#3116,#3117);
#3116 = CARTESIAN_POINT('',(82.5,28.8,-8.5));
#3117 = VECTOR('',#3118,1.);
#3118 = DIRECTION('',(-1.,0.,0.));
#3119 = ORIENTED_EDGE('',*,*,#3120,.F.);
#3120 = EDGE_CURVE('',#3121,#3113,#3123,.T.);
#3121 = VERTEX_POINT('',#3122);
#3122 = CARTESIAN_POINT('',(60.7,28.8,-10.2));
#3123 = LINE('',#3124,#3125);
#3124 = CARTESIAN_POINT('',(60.7,28.8,-10.2));
#3125 = VECTOR('',#3126,1.);
#3126 = DIRECTION('',(0.,0.,1.));
#3127 = ORIENTED_EDGE('',*,*,#3128,.F.);
#3128 = EDGE_CURVE('',#3129,#3121,#3131,.T.);
#3129 = VERTEX_POINT('',#3130);
#3130 = CARTESIAN_POINT('',(59.3,28.8,-10.2));
#3131 = LINE('',#3132,#3133);
#3132 = CARTESIAN_POINT('',(59.3,28.8,-10.2));
#3133 = VECTOR('',#3134,1.);
#3134 = DIRECTION('',(1.,0.,0.));
#3135 = ORIENTED_EDGE('',*,*,#3136,.T.);
#3136 = EDGE_CURVE('',#3129,#3137,#3139,.T.);
#3137 = VERTEX_POINT('',#3138);
#3138 = CARTESIAN_POINT('',(59.3,28.8,-7.4));
#3139 = LINE('',#3140,#3141);
#3140 = CARTESIAN_POINT('',(59.3,28.8,-10.2));
#3141 = VECTOR('',#3142,1.);
#3142 = DIRECTION('',(0.,0.,1.));
#3143 = ORIENTED_EDGE('',*,*,#3144,.F.);
#3144 = EDGE_CURVE('',#3145,#3137,#3147,.T.);
#3145 = VERTEX_POINT('',#3146);
#3146 = CARTESIAN_POINT('',(60.7,28.8,-7.4));
#3147 = LINE('',#3148,#3149);
#3148 = CARTESIAN_POINT('',(51.15,28.8,-7.4));
#3149 = VECTOR('',#3150,1.);
#3150 = DIRECTION('',(-1.,0.,0.));
#3151 = ORIENTED_EDGE('',*,*,#3152,.F.);
#3152 = EDGE_CURVE('',#3095,#3145,#3153,.T.);
#3153 = LINE('',#3154,#3155);
#3154 = CARTESIAN_POINT('',(60.7,28.8,-8.474168646081));
#3155 = VECTOR('',#3156,1.);
#3156 = DIRECTION('',(0.,0.,-1.));
#3157 = PLANE('',#3158);
#3158 = AXIS2_PLACEMENT_3D('',#3159,#3160,#3161);
#3159 = CARTESIAN_POINT('',(69.096625,28.8,-5.540875));
#3160 = DIRECTION('',(0.,1.,0.));
#3161 = DIRECTION('',(0.,0.,1.));
#3162 = ADVANCED_FACE('',(#3163),#3181,.F.);
#3163 = FACE_BOUND('',#3164,.F.);
#3164 = EDGE_LOOP('',(#3165,#3166,#3174,#3180));
#3165 = ORIENTED_EDGE('',*,*,#614,.F.);
#3166 = ORIENTED_EDGE('',*,*,#3167,.T.);
#3167 = EDGE_CURVE('',#615,#3168,#3170,.T.);
#3168 = VERTEX_POINT('',#3169);
#3169 = CARTESIAN_POINT('',(75.5,22.3,-8.5));
#3170 = LINE('',#3171,#3172);
#3171 = CARTESIAN_POINT('',(75.5,22.3,-1.6));
#3172 = VECTOR('',#3173,1.);
#3173 = DIRECTION('',(-0.,-0.,-1.));
#3174 = ORIENTED_EDGE('',*,*,#3175,.T.);
#3175 = EDGE_CURVE('',#3168,#3071,#3176,.T.);
#3176 = LINE('',#3177,#3178);
#3177 = CARTESIAN_POINT('',(75.5,19.6,-8.5));
#3178 = VECTOR('',#3179,1.);
#3179 = DIRECTION('',(0.,1.,0.));
#3180 = ORIENTED_EDGE('',*,*,#3070,.F.);
#3181 = PLANE('',#3182);
#3182 = AXIS2_PLACEMENT_3D('',#3183,#3184,#3185);
#3183 = CARTESIAN_POINT('',(75.5,22.3,-1.6));
#3184 = DIRECTION('',(1.,0.,0.));
#3185 = DIRECTION('',(0.,1.,0.));
#3186 = ADVANCED_FACE('',(#3187),#3205,.F.);
#3187 = FACE_BOUND('',#3188,.F.);
#3188 = EDGE_LOOP('',(#3189,#3190,#3191,#3199));
#3189 = ORIENTED_EDGE('',*,*,#662,.F.);
#3190 = ORIENTED_EDGE('',*,*,#3104,.T.);
#3191 = ORIENTED_EDGE('',*,*,#3192,.T.);
#3192 = EDGE_CURVE('',#3105,#3193,#3195,.T.);
#3193 = VERTEX_POINT('',#3194);
#3194 = CARTESIAN_POINT('',(67.5,22.3,-8.5));
#3195 = LINE('',#3196,#3197);
#3196 = CARTESIAN_POINT('',(67.5,22.85,-8.5));
#3197 = VECTOR('',#3198,1.);
#3198 = DIRECTION('',(0.,-1.,0.));
#3199 = ORIENTED_EDGE('',*,*,#3200,.F.);
#3200 = EDGE_CURVE('',#655,#3193,#3201,.T.);
#3201 = LINE('',#3202,#3203);
#3202 = CARTESIAN_POINT('',(67.5,22.3,-1.6));
#3203 = VECTOR('',#3204,1.);
#3204 = DIRECTION('',(-0.,-0.,-1.));
#3205 = PLANE('',#3206);
#3206 = AXIS2_PLACEMENT_3D('',#3207,#3208,#3209);
#3207 = CARTESIAN_POINT('',(67.5,28.8,-1.6));
#3208 = DIRECTION('',(-1.,0.,0.));
#3209 = DIRECTION('',(0.,-1.,0.));
#3210 = ADVANCED_FACE('',(#3211),#3229,.F.);
#3211 = FACE_BOUND('',#3212,.F.);
#3212 = EDGE_LOOP('',(#3213,#3214,#3222,#3228));
#3213 = ORIENTED_EDGE('',*,*,#622,.F.);
#3214 = ORIENTED_EDGE('',*,*,#3215,.T.);
#3215 = EDGE_CURVE('',#623,#3216,#3218,.T.);
#3216 = VERTEX_POINT('',#3217);
#3217 = CARTESIAN_POINT('',(73.5,22.3,-8.5));
#3218 = LINE('',#3219,#3220);
#3219 = CARTESIAN_POINT('',(73.5,22.3,-1.6));
#3220 = VECTOR('',#3221,1.);
#3221 = DIRECTION('',(-0.,-0.,-1.));
#3222 = ORIENTED_EDGE('',*,*,#3223,.T.);
#3223 = EDGE_CURVE('',#3216,#3168,#3224,.T.);
#3224 = LINE('',#3225,#3226);
#3225 = CARTESIAN_POINT('',(72.55,22.3,-8.5));
#3226 = VECTOR('',#3227,1.);
#3227 = DIRECTION('',(1.,0.,0.));
#3228 = ORIENTED_EDGE('',*,*,#3167,.F.);
#3229 = PLANE('',#3230);
#3230 = AXIS2_PLACEMENT_3D('',#3231,#3232,#3233);
#3231 = CARTESIAN_POINT('',(73.5,22.3,-1.6));
#3232 = DIRECTION('',(0.,-1.,0.));
#3233 = DIRECTION('',(1.,0.,0.));
#3234 = ADVANCED_FACE('',(#3235),#3253,.F.);
#3235 = FACE_BOUND('',#3236,.F.);
#3236 = EDGE_LOOP('',(#3237,#3238,#3239,#3247));
#3237 = ORIENTED_EDGE('',*,*,#654,.F.);
#3238 = ORIENTED_EDGE('',*,*,#3200,.T.);
#3239 = ORIENTED_EDGE('',*,*,#3240,.T.);
#3240 = EDGE_CURVE('',#3193,#3241,#3243,.T.);
#3241 = VERTEX_POINT('',#3242);
#3242 = CARTESIAN_POINT('',(69.5,22.3,-8.5));
#3243 = LINE('',#3244,#3245);
#3244 = CARTESIAN_POINT('',(69.55,22.3,-8.5));
#3245 = VECTOR('',#3246,1.);
#3246 = DIRECTION('',(1.,0.,0.));
#3247 = ORIENTED_EDGE('',*,*,#3248,.F.);
#3248 = EDGE_CURVE('',#647,#3241,#3249,.T.);
#3249 = LINE('',#3250,#3251);
#3250 = CARTESIAN_POINT('',(69.5,22.3,-1.6));
#3251 = VECTOR('',#3252,1.);
#3252 = DIRECTION('',(-0.,-0.,-1.));
#3253 = PLANE('',#3254);
#3254 = AXIS2_PLACEMENT_3D('',#3255,#3256,#3257);
#3255 = CARTESIAN_POINT('',(67.5,22.3,-1.6));
#3256 = DIRECTION('',(0.,-1.,0.));
#3257 = DIRECTION('',(1.,0.,0.));
#3258 = ADVANCED_FACE('',(#3259),#3277,.F.);
#3259 = FACE_BOUND('',#3260,.F.);
#3260 = EDGE_LOOP('',(#3261,#3262,#3270,#3276));
#3261 = ORIENTED_EDGE('',*,*,#630,.F.);
#3262 = ORIENTED_EDGE('',*,*,#3263,.T.);
#3263 = EDGE_CURVE('',#631,#3264,#3266,.T.);
#3264 = VERTEX_POINT('',#3265);
#3265 = CARTESIAN_POINT('',(73.5,28.8,-8.5));
#3266 = LINE('',#3267,#3268);
#3267 = CARTESIAN_POINT('',(73.5,28.8,-1.6));
#3268 = VECTOR('',#3269,1.);
#3269 = DIRECTION('',(-0.,-0.,-1.));
#3270 = ORIENTED_EDGE('',*,*,#3271,.T.);
#3271 = EDGE_CURVE('',#3264,#3216,#3272,.T.);
#3272 = LINE('',#3273,#3274);
#3273 = CARTESIAN_POINT('',(73.5,22.85,-8.5));
#3274 = VECTOR('',#3275,1.);
#3275 = DIRECTION('',(0.,-1.,0.));
#3276 = ORIENTED_EDGE('',*,*,#3215,.F.);
#3277 = PLANE('',#3278);
#3278 = AXIS2_PLACEMENT_3D('',#3279,#3280,#3281);
#3279 = CARTESIAN_POINT('',(73.5,28.8,-1.6));
#3280 = DIRECTION('',(-1.,0.,0.));
#3281 = DIRECTION('',(0.,-1.,0.));
#3282 = ADVANCED_FACE('',(#3283),#3301,.F.);
#3283 = FACE_BOUND('',#3284,.F.);
#3284 = EDGE_LOOP('',(#3285,#3286,#3287,#3295));
#3285 = ORIENTED_EDGE('',*,*,#646,.F.);
#3286 = ORIENTED_EDGE('',*,*,#3248,.T.);
#3287 = ORIENTED_EDGE('',*,*,#3288,.T.);
#3288 = EDGE_CURVE('',#3241,#3289,#3291,.T.);
#3289 = VERTEX_POINT('',#3290);
#3290 = CARTESIAN_POINT('',(69.5,28.8,-8.5));
#3291 = LINE('',#3292,#3293);
#3292 = CARTESIAN_POINT('',(69.5,19.6,-8.5));
#3293 = VECTOR('',#3294,1.);
#3294 = DIRECTION('',(0.,1.,0.));
#3295 = ORIENTED_EDGE('',*,*,#3296,.F.);
#3296 = EDGE_CURVE('',#639,#3289,#3297,.T.);
#3297 = LINE('',#3298,#3299);
#3298 = CARTESIAN_POINT('',(69.5,28.8,-1.6));
#3299 = VECTOR('',#3300,1.);
#3300 = DIRECTION('',(-0.,-0.,-1.));
#3301 = PLANE('',#3302);
#3302 = AXIS2_PLACEMENT_3D('',#3303,#3304,#3305);
#3303 = CARTESIAN_POINT('',(69.5,22.3,-1.6));
#3304 = DIRECTION('',(1.,0.,0.));
#3305 = DIRECTION('',(0.,1.,0.));
#3306 = ADVANCED_FACE('',(#3307),#3318,.T.);
#3307 = FACE_BOUND('',#3308,.T.);
#3308 = EDGE_LOOP('',(#3309,#3310,#3311,#3312));
#3309 = ORIENTED_EDGE('',*,*,#3296,.F.);
#3310 = ORIENTED_EDGE('',*,*,#638,.F.);
#3311 = ORIENTED_EDGE('',*,*,#3263,.T.);
#3312 = ORIENTED_EDGE('',*,*,#3313,.T.);
#3313 = EDGE_CURVE('',#3264,#3289,#3314,.T.);
#3314 = LINE('',#3315,#3316);
#3315 = CARTESIAN_POINT('',(82.5,28.8,-8.5));
#3316 = VECTOR('',#3317,1.);
#3317 = DIRECTION('',(-1.,0.,0.));
#3318 = PLANE('',#3319);
#3319 = AXIS2_PLACEMENT_3D('',#3320,#3321,#3322);
#3320 = CARTESIAN_POINT('',(69.096625,28.8,-5.540875));
#3321 = DIRECTION('',(0.,1.,0.));
#3322 = DIRECTION('',(0.,0.,1.));
#3323 = ADVANCED_FACE('',(#3324),#3335,.T.);
#3324 = FACE_BOUND('',#3325,.T.);
#3325 = EDGE_LOOP('',(#3326,#3327,#3328,#3334));
#3326 = ORIENTED_EDGE('',*,*,#863,.F.);
#3327 = ORIENTED_EDGE('',*,*,#2377,.T.);
#3328 = ORIENTED_EDGE('',*,*,#3329,.T.);
#3329 = EDGE_CURVE('',#2370,#2161,#3330,.T.);
#3330 = LINE('',#3331,#3332);
#3331 = CARTESIAN_POINT('',(82.5,5.,-8.5));
#3332 = VECTOR('',#3333,1.);
#3333 = DIRECTION('',(0.,1.,0.));
#3334 = ORIENTED_EDGE('',*,*,#2160,.T.);
#3335 = PLANE('',#3336);
#3336 = AXIS2_PLACEMENT_3D('',#3337,#3338,#3339);
#3337 = CARTESIAN_POINT('',(82.5,5.,-10.2));
#3338 = DIRECTION('',(-1.,0.,0.));
#3339 = DIRECTION('',(0.,1.,0.));
#3340 = ADVANCED_FACE('',(#3341),#3352,.T.);
#3341 = FACE_BOUND('',#3342,.T.);
#3342 = EDGE_LOOP('',(#3343,#3344,#3345,#3346));
#3343 = ORIENTED_EDGE('',*,*,#2590,.T.);
#3344 = ORIENTED_EDGE('',*,*,#1055,.T.);
#3345 = ORIENTED_EDGE('',*,*,#1362,.F.);
#3346 = ORIENTED_EDGE('',*,*,#3347,.F.);
#3347 = EDGE_CURVE('',#2558,#1355,#3348,.T.);
#3348 = LINE('',#3349,#3350);
#3349 = CARTESIAN_POINT('',(60.7,28.8,-10.2));
#3350 = VECTOR('',#3351,1.);
#3351 = DIRECTION('',(0.,1.,0.));
#3352 = PLANE('',#3353);
#3353 = AXIS2_PLACEMENT_3D('',#3354,#3355,#3356);
#3354 = CARTESIAN_POINT('',(60.7,16.9,-6.748337292162));
#3355 = DIRECTION('',(-1.,-0.,-0.));
#3356 = DIRECTION('',(0.,0.,-1.));
#3357 = ADVANCED_FACE('',(#3358),#3377,.F.);
#3358 = FACE_BOUND('',#3359,.T.);
#3359 = EDGE_LOOP('',(#3360,#3368,#3369,#3370));
#3360 = ORIENTED_EDGE('',*,*,#3361,.F.);
#3361 = EDGE_CURVE('',#1235,#3362,#3364,.T.);
#3362 = VERTEX_POINT('',#3363);
#3363 = CARTESIAN_POINT('',(4.9,3.,-9.));
#3364 = LINE('',#3365,#3366);
#3365 = CARTESIAN_POINT('',(4.9,3.,-10.2));
#3366 = VECTOR('',#3367,1.);
#3367 = DIRECTION('',(0.,0.,1.));
#3368 = ORIENTED_EDGE('',*,*,#1234,.T.);
#3369 = ORIENTED_EDGE('',*,*,#3361,.T.);
#3370 = ORIENTED_EDGE('',*,*,#3371,.F.);
#3371 = EDGE_CURVE('',#3362,#3362,#3372,.T.);
#3372 = CIRCLE('',#3373,2.);
#3373 = AXIS2_PLACEMENT_3D('',#3374,#3375,#3376);
#3374 = CARTESIAN_POINT('',(6.9,3.,-9.));
#3375 = DIRECTION('',(0.,0.,-1.));
#3376 = DIRECTION('',(-1.,0.,0.));
#3377 = CYLINDRICAL_SURFACE('',#3378,2.);
#3378 = AXIS2_PLACEMENT_3D('',#3379,#3380,#3381);
#3379 = CARTESIAN_POINT('',(6.9,3.,-10.2));
#3380 = DIRECTION('',(0.,0.,1.));
#3381 = DIRECTION('',(-1.,0.,0.));
#3382 = ADVANCED_FACE('',(#3383),#3402,.F.);
#3383 = FACE_BOUND('',#3384,.T.);
#3384 = EDGE_LOOP('',(#3385,#3393,#3394,#3395));
#3385 = ORIENTED_EDGE('',*,*,#3386,.F.);
#3386 = EDGE_CURVE('',#1246,#3387,#3389,.T.);
#3387 = VERTEX_POINT('',#3388);
#3388 = CARTESIAN_POINT('',(4.9,30.8,-9.));
#3389 = LINE('',#3390,#3391);
#3390 = CARTESIAN_POINT('',(4.9,30.8,-10.2));
#3391 = VECTOR('',#3392,1.);
#3392 = DIRECTION('',(0.,0.,1.));
#3393 = ORIENTED_EDGE('',*,*,#1245,.T.);
#3394 = ORIENTED_EDGE('',*,*,#3386,.T.);
#3395 = ORIENTED_EDGE('',*,*,#3396,.F.);
#3396 = EDGE_CURVE('',#3387,#3387,#3397,.T.);
#3397 = CIRCLE('',#3398,2.);
#3398 = AXIS2_PLACEMENT_3D('',#3399,#3400,#3401);
#3399 = CARTESIAN_POINT('',(6.9,30.8,-9.));
#3400 = DIRECTION('',(0.,0.,-1.));
#3401 = DIRECTION('',(-1.,0.,0.));
#3402 = CYLINDRICAL_SURFACE('',#3403,2.);
#3403 = AXIS2_PLACEMENT_3D('',#3404,#3405,#3406);
#3404 = CARTESIAN_POINT('',(6.9,30.8,-10.2));
#3405 = DIRECTION('',(0.,0.,1.));
#3406 = DIRECTION('',(-1.,0.,0.));
#3407 = ADVANCED_FACE('',(#3408),#3419,.T.);
#3408 = FACE_BOUND('',#3409,.T.);
#3409 = EDGE_LOOP('',(#3410,#3411,#3417,#3418));
#3410 = ORIENTED_EDGE('',*,*,#1354,.F.);
#3411 = ORIENTED_EDGE('',*,*,#3412,.T.);
#3412 = EDGE_CURVE('',#1347,#2556,#3413,.T.);
#3413 = LINE('',#3414,#3415);
#3414 = CARTESIAN_POINT('',(64.5,33.8,-10.2));
#3415 = VECTOR('',#3416,1.);
#3416 = DIRECTION('',(0.,-1.,0.));
#3417 = ORIENTED_EDGE('',*,*,#2555,.T.);
#3418 = ORIENTED_EDGE('',*,*,#3347,.T.);
#3419 = PLANE('',#3420);
#3420 = AXIS2_PLACEMENT_3D('',#3421,#3422,#3423);
#3421 = CARTESIAN_POINT('',(74.557136364006,16.9,-10.2));
#3422 = DIRECTION('',(-0.,-0.,-1.));
#3423 = DIRECTION('',(-1.,0.,0.));
#3424 = ADVANCED_FACE('',(#3425),#3436,.T.);
#3425 = FACE_BOUND('',#3426,.T.);
#3426 = EDGE_LOOP('',(#3427,#3428,#3429,#3435));
#3427 = ORIENTED_EDGE('',*,*,#3412,.F.);
#3428 = ORIENTED_EDGE('',*,*,#1346,.T.);
#3429 = ORIENTED_EDGE('',*,*,#3430,.T.);
#3430 = EDGE_CURVE('',#1339,#2566,#3431,.T.);
#3431 = LINE('',#3432,#3433);
#3432 = CARTESIAN_POINT('',(64.5,33.8,-8.7));
#3433 = VECTOR('',#3434,1.);
#3434 = DIRECTION('',(0.,-1.,0.));
#3435 = ORIENTED_EDGE('',*,*,#2565,.F.);
#3436 = PLANE('',#3437);
#3437 = AXIS2_PLACEMENT_3D('',#3438,#3439,#3440);
#3438 = CARTESIAN_POINT('',(64.5,33.8,-10.2));
#3439 = DIRECTION('',(1.,0.,0.));
#3440 = DIRECTION('',(0.,-1.,0.));
#3441 = ADVANCED_FACE('',(#3442),#3455,.F.);
#3442 = FACE_BOUND('',#3443,.F.);
#3443 = EDGE_LOOP('',(#3444,#3445,#3446,#3447,#3448,#3454));
#3444 = ORIENTED_EDGE('',*,*,#3430,.T.);
#3445 = ORIENTED_EDGE('',*,*,#2573,.F.);
#3446 = ORIENTED_EDGE('',*,*,#2628,.F.);
#3447 = ORIENTED_EDGE('',*,*,#2720,.F.);
#3448 = ORIENTED_EDGE('',*,*,#3449,.T.);
#3449 = EDGE_CURVE('',#2721,#1331,#3450,.T.);
#3450 = LINE('',#3451,#3452);
#3451 = CARTESIAN_POINT('',(82.5,28.8,-8.7));
#3452 = VECTOR('',#3453,1.);
#3453 = DIRECTION('',(0.,1.,0.));
#3454 = ORIENTED_EDGE('',*,*,#1338,.T.);
#3455 = PLANE('',#3456);
#3456 = AXIS2_PLACEMENT_3D('',#3457,#3458,#3459);
#3457 = CARTESIAN_POINT('',(73.5,16.9,-8.7));
#3458 = DIRECTION('',(0.,0.,1.));
#3459 = DIRECTION('',(1.,0.,0.));
#3460 = ADVANCED_FACE('',(#3461),#3472,.T.);
#3461 = FACE_BOUND('',#3462,.T.);
#3462 = EDGE_LOOP('',(#3463,#3469,#3470,#3471));
#3463 = ORIENTED_EDGE('',*,*,#3464,.F.);
#3464 = EDGE_CURVE('',#2705,#1323,#3465,.T.);
#3465 = LINE('',#3466,#3467);
#3466 = CARTESIAN_POINT('',(82.5,28.8,-10.2));
#3467 = VECTOR('',#3468,1.);
#3468 = DIRECTION('',(0.,1.,0.));
#3469 = ORIENTED_EDGE('',*,*,#2728,.F.);
#3470 = ORIENTED_EDGE('',*,*,#3449,.T.);
#3471 = ORIENTED_EDGE('',*,*,#1330,.F.);
#3472 = PLANE('',#3473);
#3473 = AXIS2_PLACEMENT_3D('',#3474,#3475,#3476);
#3474 = CARTESIAN_POINT('',(82.5,28.8,-10.2));
#3475 = DIRECTION('',(-1.,0.,0.));
#3476 = DIRECTION('',(0.,1.,0.));
#3477 = ADVANCED_FACE('',(#3478),#3494,.T.);
#3478 = FACE_BOUND('',#3479,.T.);
#3479 = EDGE_LOOP('',(#3480,#3481,#3487,#3488,#3489,#3490,#3491,#3492,
    #3493));
#3480 = ORIENTED_EDGE('',*,*,#1439,.T.);
#3481 = ORIENTED_EDGE('',*,*,#3482,.T.);
#3482 = EDGE_CURVE('',#1440,#2825,#3483,.T.);
#3483 = LINE('',#3484,#3485);
#3484 = CARTESIAN_POINT('',(82.5,5.,-10.2));
#3485 = VECTOR('',#3486,1.);
#3486 = DIRECTION('',(0.,1.,0.));
#3487 = ORIENTED_EDGE('',*,*,#2824,.T.);
#3488 = ORIENTED_EDGE('',*,*,#2766,.T.);
#3489 = ORIENTED_EDGE('',*,*,#2702,.T.);
#3490 = ORIENTED_EDGE('',*,*,#3464,.T.);
#3491 = ORIENTED_EDGE('',*,*,#1322,.F.);
#3492 = ORIENTED_EDGE('',*,*,#1390,.F.);
#3493 = ORIENTED_EDGE('',*,*,#1424,.F.);
#3494 = PLANE('',#3495);
#3495 = AXIS2_PLACEMENT_3D('',#3496,#3497,#3498);
#3496 = CARTESIAN_POINT('',(74.557136364006,16.9,-10.2));
#3497 = DIRECTION('',(-0.,-0.,-1.));
#3498 = DIRECTION('',(-1.,0.,0.));
#3499 = ADVANCED_FACE('',(#3500),#3511,.T.);
#3500 = FACE_BOUND('',#3501,.T.);
#3501 = EDGE_LOOP('',(#3502,#3503,#3504,#3510));
#3502 = ORIENTED_EDGE('',*,*,#3482,.F.);
#3503 = ORIENTED_EDGE('',*,*,#1466,.T.);
#3504 = ORIENTED_EDGE('',*,*,#3505,.T.);
#3505 = EDGE_CURVE('',#1459,#2833,#3506,.T.);
#3506 = LINE('',#3507,#3508);
#3507 = CARTESIAN_POINT('',(82.5,5.,-8.5));
#3508 = VECTOR('',#3509,1.);
#3509 = DIRECTION('',(0.,1.,0.));
#3510 = ORIENTED_EDGE('',*,*,#2832,.F.);
#3511 = PLANE('',#3512);
#3512 = AXIS2_PLACEMENT_3D('',#3513,#3514,#3515);
#3513 = CARTESIAN_POINT('',(82.5,5.,-10.2));
#3514 = DIRECTION('',(-1.,0.,0.));
#3515 = DIRECTION('',(0.,1.,0.));
#3516 = ADVANCED_FACE('',(#3517),#3592,.F.);
#3517 = FACE_BOUND('',#3518,.F.);
#3518 = EDGE_LOOP('',(#3519,#3520,#3526,#3527,#3528,#3529,#3530,#3531,
    #3532,#3533,#3534,#3535,#3536,#3537,#3538,#3539,#3540,#3541,#3542,
    #3543,#3544,#3545,#3546,#3547,#3548,#3549,#3550,#3551,#3552,#3553,
    #3554,#3555,#3561,#3562,#3568,#3569,#3570,#3571,#3572,#3573,#3574,
    #3575,#3576,#3577,#3578,#3579,#3580,#3581,#3582,#3583,#3584,#3585,
    #3586,#3587,#3588,#3589,#3590,#3591));
#3519 = ORIENTED_EDGE('',*,*,#3112,.T.);
#3520 = ORIENTED_EDGE('',*,*,#3521,.T.);
#3521 = EDGE_CURVE('',#3113,#3001,#3522,.T.);
#3522 = LINE('',#3523,#3524);
#3523 = CARTESIAN_POINT('',(60.7,28.8,-8.5));
#3524 = VECTOR('',#3525,1.);
#3525 = DIRECTION('',(0.,-1.,0.));
#3526 = ORIENTED_EDGE('',*,*,#3008,.T.);
#3527 = ORIENTED_EDGE('',*,*,#2904,.F.);
#3528 = ORIENTED_EDGE('',*,*,#2856,.F.);
#3529 = ORIENTED_EDGE('',*,*,#2792,.F.);
#3530 = ORIENTED_EDGE('',*,*,#2752,.T.);
#3531 = ORIENTED_EDGE('',*,*,#2680,.F.);
#3532 = ORIENTED_EDGE('',*,*,#2656,.F.);
#3533 = ORIENTED_EDGE('',*,*,#2606,.F.);
#3534 = ORIENTED_EDGE('',*,*,#2541,.T.);
#3535 = ORIENTED_EDGE('',*,*,#2492,.F.);
#3536 = ORIENTED_EDGE('',*,*,#2451,.F.);
#3537 = ORIENTED_EDGE('',*,*,#2410,.F.);
#3538 = ORIENTED_EDGE('',*,*,#2369,.T.);
#3539 = ORIENTED_EDGE('',*,*,#3329,.T.);
#3540 = ORIENTED_EDGE('',*,*,#2168,.T.);
#3541 = ORIENTED_EDGE('',*,*,#2137,.F.);
#3542 = ORIENTED_EDGE('',*,*,#2113,.F.);
#3543 = ORIENTED_EDGE('',*,*,#2089,.F.);
#3544 = ORIENTED_EDGE('',*,*,#2071,.T.);
#3545 = ORIENTED_EDGE('',*,*,#2041,.F.);
#3546 = ORIENTED_EDGE('',*,*,#2017,.F.);
#3547 = ORIENTED_EDGE('',*,*,#1993,.F.);
#3548 = ORIENTED_EDGE('',*,*,#1967,.T.);
#3549 = ORIENTED_EDGE('',*,*,#1945,.F.);
#3550 = ORIENTED_EDGE('',*,*,#1921,.F.);
#3551 = ORIENTED_EDGE('',*,*,#1897,.F.);
#3552 = ORIENTED_EDGE('',*,*,#1871,.T.);
#3553 = ORIENTED_EDGE('',*,*,#1847,.T.);
#3554 = ORIENTED_EDGE('',*,*,#1825,.T.);
#3555 = ORIENTED_EDGE('',*,*,#3556,.T.);
#3556 = EDGE_CURVE('',#1826,#1721,#3557,.T.);
#3557 = LINE('',#3558,#3559);
#3558 = CARTESIAN_POINT('',(82.5,5.,-8.5));
#3559 = VECTOR('',#3560,1.);
#3560 = DIRECTION('',(0.,1.,0.));
#3561 = ORIENTED_EDGE('',*,*,#1720,.T.);
#3562 = ORIENTED_EDGE('',*,*,#3563,.F.);
#3563 = EDGE_CURVE('',#1699,#1723,#3564,.T.);
#3564 = LINE('',#3565,#3566);
#3565 = CARTESIAN_POINT('',(64.5,22.1,-8.5));
#3566 = VECTOR('',#3567,1.);
#3567 = DIRECTION('',(0.,-1.,0.));
#3568 = ORIENTED_EDGE('',*,*,#1698,.F.);
#3569 = ORIENTED_EDGE('',*,*,#1674,.F.);
#3570 = ORIENTED_EDGE('',*,*,#1656,.T.);
#3571 = ORIENTED_EDGE('',*,*,#1626,.F.);
#3572 = ORIENTED_EDGE('',*,*,#1602,.F.);
#3573 = ORIENTED_EDGE('',*,*,#1578,.F.);
#3574 = ORIENTED_EDGE('',*,*,#1562,.T.);
#3575 = ORIENTED_EDGE('',*,*,#1530,.F.);
#3576 = ORIENTED_EDGE('',*,*,#1506,.F.);
#3577 = ORIENTED_EDGE('',*,*,#1482,.F.);
#3578 = ORIENTED_EDGE('',*,*,#1458,.T.);
#3579 = ORIENTED_EDGE('',*,*,#3505,.T.);
#3580 = ORIENTED_EDGE('',*,*,#2840,.T.);
#3581 = ORIENTED_EDGE('',*,*,#2887,.F.);
#3582 = ORIENTED_EDGE('',*,*,#2935,.F.);
#3583 = ORIENTED_EDGE('',*,*,#3031,.F.);
#3584 = ORIENTED_EDGE('',*,*,#3080,.T.);
#3585 = ORIENTED_EDGE('',*,*,#3175,.F.);
#3586 = ORIENTED_EDGE('',*,*,#3223,.F.);
#3587 = ORIENTED_EDGE('',*,*,#3271,.F.);
#3588 = ORIENTED_EDGE('',*,*,#3313,.T.);
#3589 = ORIENTED_EDGE('',*,*,#3288,.F.);
#3590 = ORIENTED_EDGE('',*,*,#3240,.F.);
#3591 = ORIENTED_EDGE('',*,*,#3192,.F.);
#3592 = PLANE('',#3593);
#3593 = AXIS2_PLACEMENT_3D('',#3594,#3595,#3596);
#3594 = CARTESIAN_POINT('',(71.6,16.9,-8.5));
#3595 = DIRECTION('',(0.,0.,1.));
#3596 = DIRECTION('',(1.,0.,0.));
#3597 = ADVANCED_FACE('',(#3598),#3609,.T.);
#3598 = FACE_BOUND('',#3599,.T.);
#3599 = EDGE_LOOP('',(#3600,#3606,#3607,#3608));
#3600 = ORIENTED_EDGE('',*,*,#3601,.F.);
#3601 = EDGE_CURVE('',#1802,#1754,#3602,.T.);
#3602 = LINE('',#3603,#3604);
#3603 = CARTESIAN_POINT('',(82.5,5.,-10.2));
#3604 = VECTOR('',#3605,1.);
#3605 = DIRECTION('',(0.,1.,0.));
#3606 = ORIENTED_EDGE('',*,*,#1833,.T.);
#3607 = ORIENTED_EDGE('',*,*,#3556,.T.);
#3608 = ORIENTED_EDGE('',*,*,#1761,.T.);
#3609 = PLANE('',#3610);
#3610 = AXIS2_PLACEMENT_3D('',#3611,#3612,#3613);
#3611 = CARTESIAN_POINT('',(82.5,5.,-10.2));
#3612 = DIRECTION('',(-1.,0.,0.));
#3613 = DIRECTION('',(0.,1.,0.));
#3614 = ADVANCED_FACE('',(#3615),#3654,.T.);
#3615 = FACE_BOUND('',#3616,.T.);
#3616 = EDGE_LOOP('',(#3617,#3618,#3619,#3620,#3626,#3634,#3642,#3648));
#3617 = ORIENTED_EDGE('',*,*,#1799,.T.);
#3618 = ORIENTED_EDGE('',*,*,#3601,.T.);
#3619 = ORIENTED_EDGE('',*,*,#1753,.T.);
#3620 = ORIENTED_EDGE('',*,*,#3621,.T.);
#3621 = EDGE_CURVE('',#1746,#1417,#3622,.T.);
#3622 = LINE('',#3623,#3624);
#3623 = CARTESIAN_POINT('',(86.,19.8,-10.2));
#3624 = VECTOR('',#3625,1.);
#3625 = DIRECTION('',(0.,1.,0.));
#3626 = ORIENTED_EDGE('',*,*,#3627,.F.);
#3627 = EDGE_CURVE('',#3628,#1417,#3630,.T.);
#3628 = VERTEX_POINT('',#3629);
#3629 = CARTESIAN_POINT('',(92.,20.8,-10.2));
#3630 = LINE('',#3631,#3632);
#3631 = CARTESIAN_POINT('',(95.,20.8,-10.2));
#3632 = VECTOR('',#3633,1.);
#3633 = DIRECTION('',(-1.,0.,0.));
#3634 = ORIENTED_EDGE('',*,*,#3635,.T.);
#3635 = EDGE_CURVE('',#3628,#3636,#3638,.T.);
#3636 = VERTEX_POINT('',#3637);
#3637 = CARTESIAN_POINT('',(92.,13.,-10.2));
#3638 = LINE('',#3639,#3640);
#3639 = CARTESIAN_POINT('',(92.,20.8,-10.2));
#3640 = VECTOR('',#3641,1.);
#3641 = DIRECTION('',(0.,-1.,0.));
#3642 = ORIENTED_EDGE('',*,*,#3643,.F.);
#3643 = EDGE_CURVE('',#872,#3636,#3644,.T.);
#3644 = LINE('',#3645,#3646);
#3645 = CARTESIAN_POINT('',(86.,13.,-10.2));
#3646 = VECTOR('',#3647,1.);
#3647 = DIRECTION('',(1.,0.,0.));
#3648 = ORIENTED_EDGE('',*,*,#3649,.T.);
#3649 = EDGE_CURVE('',#872,#1800,#3650,.T.);
#3650 = LINE('',#3651,#3652);
#3651 = CARTESIAN_POINT('',(86.,13.,-10.2));
#3652 = VECTOR('',#3653,1.);
#3653 = DIRECTION('',(0.,1.,0.));
#3654 = PLANE('',#3655);
#3655 = AXIS2_PLACEMENT_3D('',#3656,#3657,#3658);
#3656 = CARTESIAN_POINT('',(74.557136364006,16.9,-10.2));
#3657 = DIRECTION('',(-0.,-0.,-1.));
#3658 = DIRECTION('',(-1.,0.,0.));
#3659 = ADVANCED_FACE('',(#3660),#3671,.T.);
#3660 = FACE_BOUND('',#3661,.T.);
#3661 = EDGE_LOOP('',(#3662,#3663,#3664,#3670));
#3662 = ORIENTED_EDGE('',*,*,#3621,.F.);
#3663 = ORIENTED_EDGE('',*,*,#1745,.T.);
#3664 = ORIENTED_EDGE('',*,*,#3665,.F.);
#3665 = EDGE_CURVE('',#1409,#1738,#3666,.T.);
#3666 = LINE('',#3667,#3668);
#3667 = CARTESIAN_POINT('',(86.,20.8,-7.2));
#3668 = VECTOR('',#3669,1.);
#3669 = DIRECTION('',(0.,-1.,0.));
#3670 = ORIENTED_EDGE('',*,*,#1416,.F.);
#3671 = PLANE('',#3672);
#3672 = AXIS2_PLACEMENT_3D('',#3673,#3674,#3675);
#3673 = CARTESIAN_POINT('',(86.,19.8,-10.2));
#3674 = DIRECTION('',(-1.,0.,0.));
#3675 = DIRECTION('',(0.,1.,0.));
#3676 = ADVANCED_FACE('',(#3677),#3709,.T.);
#3677 = FACE_BOUND('',#3678,.T.);
#3678 = EDGE_LOOP('',(#3679,#3687,#3695,#3701,#3702,#3703));
#3679 = ORIENTED_EDGE('',*,*,#3680,.T.);
#3680 = EDGE_CURVE('',#2177,#3681,#3683,.T.);
#3681 = VERTEX_POINT('',#3682);
#3682 = CARTESIAN_POINT('',(95.,13.,-7.2));
#3683 = LINE('',#3684,#3685);
#3684 = CARTESIAN_POINT('',(86.,13.,-7.2));
#3685 = VECTOR('',#3686,1.);
#3686 = DIRECTION('',(1.,0.,0.));
#3687 = ORIENTED_EDGE('',*,*,#3688,.T.);
#3688 = EDGE_CURVE('',#3681,#3689,#3691,.T.);
#3689 = VERTEX_POINT('',#3690);
#3690 = CARTESIAN_POINT('',(95.,20.8,-7.2));
#3691 = LINE('',#3692,#3693);
#3692 = CARTESIAN_POINT('',(95.,13.,-7.2));
#3693 = VECTOR('',#3694,1.);
#3694 = DIRECTION('',(0.,1.,0.));
#3695 = ORIENTED_EDGE('',*,*,#3696,.T.);
#3696 = EDGE_CURVE('',#3689,#1409,#3697,.T.);
#3697 = LINE('',#3698,#3699);
#3698 = CARTESIAN_POINT('',(95.,20.8,-7.2));
#3699 = VECTOR('',#3700,1.);
#3700 = DIRECTION('',(-1.,0.,0.));
#3701 = ORIENTED_EDGE('',*,*,#3665,.T.);
#3702 = ORIENTED_EDGE('',*,*,#1784,.T.);
#3703 = ORIENTED_EDGE('',*,*,#3704,.T.);
#3704 = EDGE_CURVE('',#1777,#2177,#3705,.T.);
#3705 = LINE('',#3706,#3707);
#3706 = CARTESIAN_POINT('',(86.,20.8,-7.2));
#3707 = VECTOR('',#3708,1.);
#3708 = DIRECTION('',(0.,-1.,0.));
#3709 = PLANE('',#3710);
#3710 = AXIS2_PLACEMENT_3D('',#3711,#3712,#3713);
#3711 = CARTESIAN_POINT('',(90.5,16.9,-7.2));
#3712 = DIRECTION('',(0.,0.,1.));
#3713 = DIRECTION('',(1.,0.,0.));
#3714 = ADVANCED_FACE('',(#3715),#3721,.T.);
#3715 = FACE_BOUND('',#3716,.T.);
#3716 = EDGE_LOOP('',(#3717,#3718,#3719,#3720));
#3717 = ORIENTED_EDGE('',*,*,#3649,.F.);
#3718 = ORIENTED_EDGE('',*,*,#2184,.T.);
#3719 = ORIENTED_EDGE('',*,*,#3704,.F.);
#3720 = ORIENTED_EDGE('',*,*,#1809,.F.);
#3721 = PLANE('',#3722);
#3722 = AXIS2_PLACEMENT_3D('',#3723,#3724,#3725);
#3723 = CARTESIAN_POINT('',(86.,13.,-10.2));
#3724 = DIRECTION('',(-1.,0.,0.));
#3725 = DIRECTION('',(0.,1.,0.));
#3726 = ADVANCED_FACE('',(#3727,#3730),#3733,.T.);
#3727 = FACE_BOUND('',#3728,.T.);
#3728 = EDGE_LOOP('',(#3729));
#3729 = ORIENTED_EDGE('',*,*,#3371,.T.);
#3730 = FACE_BOUND('',#3731,.T.);
#3731 = EDGE_LOOP('',(#3732));
#3732 = ORIENTED_EDGE('',*,*,#2219,.F.);
#3733 = PLANE('',#3734);
#3734 = AXIS2_PLACEMENT_3D('',#3735,#3736,#3737);
#3735 = CARTESIAN_POINT('',(6.9,3.,-9.));
#3736 = DIRECTION('',(-0.,-0.,-1.));
#3737 = DIRECTION('',(-1.,0.,0.));
#3738 = ADVANCED_FACE('',(#3739,#3742),#3745,.T.);
#3739 = FACE_BOUND('',#3740,.T.);
#3740 = EDGE_LOOP('',(#3741));
#3741 = ORIENTED_EDGE('',*,*,#3396,.T.);
#3742 = FACE_BOUND('',#3743,.T.);
#3743 = EDGE_LOOP('',(#3744));
#3744 = ORIENTED_EDGE('',*,*,#2244,.F.);
#3745 = PLANE('',#3746);
#3746 = AXIS2_PLACEMENT_3D('',#3747,#3748,#3749);
#3747 = CARTESIAN_POINT('',(6.9,30.8,-9.));
#3748 = DIRECTION('',(-0.,-0.,-1.));
#3749 = DIRECTION('',(-1.,0.,0.));
#3750 = ADVANCED_FACE('',(#3751),#3762,.T.);
#3751 = FACE_BOUND('',#3752,.T.);
#3752 = EDGE_LOOP('',(#3753,#3754,#3755,#3756));
#3753 = ORIENTED_EDGE('',*,*,#3120,.T.);
#3754 = ORIENTED_EDGE('',*,*,#3521,.T.);
#3755 = ORIENTED_EDGE('',*,*,#3000,.F.);
#3756 = ORIENTED_EDGE('',*,*,#3757,.F.);
#3757 = EDGE_CURVE('',#3121,#2993,#3758,.T.);
#3758 = LINE('',#3759,#3760);
#3759 = CARTESIAN_POINT('',(60.7,28.8,-10.2));
#3760 = VECTOR('',#3761,1.);
#3761 = DIRECTION('',(0.,-1.,0.));
#3762 = PLANE('',#3763);
#3763 = AXIS2_PLACEMENT_3D('',#3764,#3765,#3766);
#3764 = CARTESIAN_POINT('',(60.7,28.8,-10.2));
#3765 = DIRECTION('',(1.,0.,0.));
#3766 = DIRECTION('',(0.,-1.,0.));
#3767 = ADVANCED_FACE('',(#3768),#3779,.T.);
#3768 = FACE_BOUND('',#3769,.T.);
#3769 = EDGE_LOOP('',(#3770,#3771,#3772,#3778));
#3770 = ORIENTED_EDGE('',*,*,#3757,.T.);
#3771 = ORIENTED_EDGE('',*,*,#2992,.T.);
#3772 = ORIENTED_EDGE('',*,*,#3773,.T.);
#3773 = EDGE_CURVE('',#2985,#3129,#3774,.T.);
#3774 = LINE('',#3775,#3776);
#3775 = CARTESIAN_POINT('',(59.3,0.,-10.2));
#3776 = VECTOR('',#3777,1.);
#3777 = DIRECTION('',(0.,1.,0.));
#3778 = ORIENTED_EDGE('',*,*,#3128,.T.);
#3779 = PLANE('',#3780);
#3780 = AXIS2_PLACEMENT_3D('',#3781,#3782,#3783);
#3781 = CARTESIAN_POINT('',(74.557136364006,16.9,-10.2));
#3782 = DIRECTION('',(-0.,-0.,-1.));
#3783 = DIRECTION('',(-1.,0.,0.));
#3784 = ADVANCED_FACE('',(#3785),#3796,.T.);
#3785 = FACE_BOUND('',#3786,.T.);
#3786 = EDGE_LOOP('',(#3787,#3788,#3789,#3795));
#3787 = ORIENTED_EDGE('',*,*,#3773,.F.);
#3788 = ORIENTED_EDGE('',*,*,#2984,.T.);
#3789 = ORIENTED_EDGE('',*,*,#3790,.T.);
#3790 = EDGE_CURVE('',#2977,#3137,#3791,.T.);
#3791 = LINE('',#3792,#3793);
#3792 = CARTESIAN_POINT('',(59.3,8.45,-7.4));
#3793 = VECTOR('',#3794,1.);
#3794 = DIRECTION('',(0.,1.,0.));
#3795 = ORIENTED_EDGE('',*,*,#3136,.F.);
#3796 = PLANE('',#3797);
#3797 = AXIS2_PLACEMENT_3D('',#3798,#3799,#3800);
#3798 = CARTESIAN_POINT('',(59.3,0.,-10.2));
#3799 = DIRECTION('',(-1.,0.,0.));
#3800 = DIRECTION('',(0.,1.,0.));
#3801 = ADVANCED_FACE('',(#3802),#3813,.T.);
#3802 = FACE_BOUND('',#3803,.T.);
#3803 = EDGE_LOOP('',(#3804,#3805,#3806,#3812));
#3804 = ORIENTED_EDGE('',*,*,#3790,.F.);
#3805 = ORIENTED_EDGE('',*,*,#2976,.T.);
#3806 = ORIENTED_EDGE('',*,*,#3807,.T.);
#3807 = EDGE_CURVE('',#2969,#3145,#3808,.T.);
#3808 = LINE('',#3809,#3810);
#3809 = CARTESIAN_POINT('',(60.7,0.,-7.4));
#3810 = VECTOR('',#3811,1.);
#3811 = DIRECTION('',(0.,1.,0.));
#3812 = ORIENTED_EDGE('',*,*,#3144,.T.);
#3813 = PLANE('',#3814);
#3814 = AXIS2_PLACEMENT_3D('',#3815,#3816,#3817);
#3815 = CARTESIAN_POINT('',(43.,16.9,-7.4));
#3816 = DIRECTION('',(0.,0.,1.));
#3817 = DIRECTION('',(1.,0.,0.));
#3818 = ADVANCED_FACE('',(#3819),#3830,.T.);
#3819 = FACE_BOUND('',#3820,.T.);
#3820 = EDGE_LOOP('',(#3821,#3822,#3823,#3829));
#3821 = ORIENTED_EDGE('',*,*,#3807,.F.);
#3822 = ORIENTED_EDGE('',*,*,#2968,.T.);
#3823 = ORIENTED_EDGE('',*,*,#3824,.T.);
#3824 = EDGE_CURVE('',#2961,#3095,#3825,.T.);
#3825 = LINE('',#3826,#3827);
#3826 = CARTESIAN_POINT('',(60.7,0.,-4.7));
#3827 = VECTOR('',#3828,1.);
#3828 = DIRECTION('',(0.,1.,0.));
#3829 = ORIENTED_EDGE('',*,*,#3152,.T.);
#3830 = PLANE('',#3831);
#3831 = AXIS2_PLACEMENT_3D('',#3832,#3833,#3834);
#3832 = CARTESIAN_POINT('',(60.7,16.9,-6.748337292162));
#3833 = DIRECTION('',(-1.,-0.,-0.));
#3834 = DIRECTION('',(0.,0.,-1.));
#3835 = ADVANCED_FACE('',(#3836),#3842,.T.);
#3836 = FACE_BOUND('',#3837,.T.);
#3837 = EDGE_LOOP('',(#3838,#3839,#3840,#3841));
#3838 = ORIENTED_EDGE('',*,*,#2960,.T.);
#3839 = ORIENTED_EDGE('',*,*,#3047,.F.);
#3840 = ORIENTED_EDGE('',*,*,#3094,.T.);
#3841 = ORIENTED_EDGE('',*,*,#3824,.F.);
#3842 = PLANE('',#3843);
#3843 = AXIS2_PLACEMENT_3D('',#3844,#3845,#3846);
#3844 = CARTESIAN_POINT('',(43.,16.9,-4.7));
#3845 = DIRECTION('',(-0.,-0.,-1.));
#3846 = DIRECTION('',(-1.,0.,0.));
#3847 = ADVANCED_FACE('',(#3848),#3875,.T.);
#3848 = FACE_BOUND('',#3849,.T.);
#3849 = EDGE_LOOP('',(#3850,#3851,#3852,#3860,#3868,#3874));
#3850 = ORIENTED_EDGE('',*,*,#2184,.F.);
#3851 = ORIENTED_EDGE('',*,*,#3643,.T.);
#3852 = ORIENTED_EDGE('',*,*,#3853,.T.);
#3853 = EDGE_CURVE('',#3636,#3854,#3856,.T.);
#3854 = VERTEX_POINT('',#3855);
#3855 = CARTESIAN_POINT('',(92.,13.,-14.2));
#3856 = LINE('',#3857,#3858);
#3857 = CARTESIAN_POINT('',(92.,13.,-10.2));
#3858 = VECTOR('',#3859,1.);
#3859 = DIRECTION('',(-0.,-0.,-1.));
#3860 = ORIENTED_EDGE('',*,*,#3861,.T.);
#3861 = EDGE_CURVE('',#3854,#3862,#3864,.T.);
#3862 = VERTEX_POINT('',#3863);
#3863 = CARTESIAN_POINT('',(95.,13.,-14.2));
#3864 = LINE('',#3865,#3866);
#3865 = CARTESIAN_POINT('',(92.,13.,-14.2));
#3866 = VECTOR('',#3867,1.);
#3867 = DIRECTION('',(1.,0.,0.));
#3868 = ORIENTED_EDGE('',*,*,#3869,.F.);
#3869 = EDGE_CURVE('',#3681,#3862,#3870,.T.);
#3870 = LINE('',#3871,#3872);
#3871 = CARTESIAN_POINT('',(95.,13.,-10.2));
#3872 = VECTOR('',#3873,1.);
#3873 = DIRECTION('',(-0.,-0.,-1.));
#3874 = ORIENTED_EDGE('',*,*,#3680,.F.);
#3875 = PLANE('',#3876);
#3876 = AXIS2_PLACEMENT_3D('',#3877,#3878,#3879);
#3877 = CARTESIAN_POINT('',(91.25,13.,-9.95));
#3878 = DIRECTION('',(-0.,-1.,-0.));
#3879 = DIRECTION('',(0.,0.,-1.));
#3880 = ADVANCED_FACE('',(#3881),#3899,.T.);
#3881 = FACE_BOUND('',#3882,.T.);
#3882 = EDGE_LOOP('',(#3883,#3891,#3897,#3898));
#3883 = ORIENTED_EDGE('',*,*,#3884,.T.);
#3884 = EDGE_CURVE('',#3628,#3885,#3887,.T.);
#3885 = VERTEX_POINT('',#3886);
#3886 = CARTESIAN_POINT('',(92.,20.8,-14.2));
#3887 = LINE('',#3888,#3889);
#3888 = CARTESIAN_POINT('',(92.,20.8,-10.2));
#3889 = VECTOR('',#3890,1.);
#3890 = DIRECTION('',(-0.,-0.,-1.));
#3891 = ORIENTED_EDGE('',*,*,#3892,.T.);
#3892 = EDGE_CURVE('',#3885,#3854,#3893,.T.);
#3893 = LINE('',#3894,#3895);
#3894 = CARTESIAN_POINT('',(92.,20.8,-14.2));
#3895 = VECTOR('',#3896,1.);
#3896 = DIRECTION('',(0.,-1.,0.));
#3897 = ORIENTED_EDGE('',*,*,#3853,.F.);
#3898 = ORIENTED_EDGE('',*,*,#3635,.F.);
#3899 = PLANE('',#3900);
#3900 = AXIS2_PLACEMENT_3D('',#3901,#3902,#3903);
#3901 = CARTESIAN_POINT('',(92.,20.8,-10.2));
#3902 = DIRECTION('',(-1.,0.,0.));
#3903 = DIRECTION('',(0.,-1.,0.));
#3904 = ADVANCED_FACE('',(#3905),#3925,.T.);
#3905 = FACE_BOUND('',#3906,.T.);
#3906 = EDGE_LOOP('',(#3907,#3915,#3921,#3922,#3923,#3924));
#3907 = ORIENTED_EDGE('',*,*,#3908,.F.);
#3908 = EDGE_CURVE('',#3909,#3689,#3911,.T.);
#3909 = VERTEX_POINT('',#3910);
#3910 = CARTESIAN_POINT('',(95.,20.8,-14.2));
#3911 = LINE('',#3912,#3913);
#3912 = CARTESIAN_POINT('',(95.,20.8,-10.2));
#3913 = VECTOR('',#3914,1.);
#3914 = DIRECTION('',(0.,0.,1.));
#3915 = ORIENTED_EDGE('',*,*,#3916,.T.);
#3916 = EDGE_CURVE('',#3909,#3885,#3917,.T.);
#3917 = LINE('',#3918,#3919);
#3918 = CARTESIAN_POINT('',(95.,20.8,-14.2));
#3919 = VECTOR('',#3920,1.);
#3920 = DIRECTION('',(-1.,0.,0.));
#3921 = ORIENTED_EDGE('',*,*,#3884,.F.);
#3922 = ORIENTED_EDGE('',*,*,#3627,.T.);
#3923 = ORIENTED_EDGE('',*,*,#1416,.T.);
#3924 = ORIENTED_EDGE('',*,*,#3696,.F.);
#3925 = PLANE('',#3926);
#3926 = AXIS2_PLACEMENT_3D('',#3927,#3928,#3929);
#3927 = CARTESIAN_POINT('',(91.25,20.8,-9.95));
#3928 = DIRECTION('',(0.,1.,0.));
#3929 = DIRECTION('',(0.,0.,1.));
#3930 = ADVANCED_FACE('',(#3931),#3942,.T.);
#3931 = FACE_BOUND('',#3932,.T.);
#3932 = EDGE_LOOP('',(#3933,#3934,#3940,#3941));
#3933 = ORIENTED_EDGE('',*,*,#3869,.T.);
#3934 = ORIENTED_EDGE('',*,*,#3935,.T.);
#3935 = EDGE_CURVE('',#3862,#3909,#3936,.T.);
#3936 = LINE('',#3937,#3938);
#3937 = CARTESIAN_POINT('',(95.,13.,-14.2));
#3938 = VECTOR('',#3939,1.);
#3939 = DIRECTION('',(0.,1.,0.));
#3940 = ORIENTED_EDGE('',*,*,#3908,.T.);
#3941 = ORIENTED_EDGE('',*,*,#3688,.F.);
#3942 = PLANE('',#3943);
#3943 = AXIS2_PLACEMENT_3D('',#3944,#3945,#3946);
#3944 = CARTESIAN_POINT('',(95.,16.9,-10.7));
#3945 = DIRECTION('',(1.,0.,0.));
#3946 = DIRECTION('',(0.,0.,1.));
#3947 = ADVANCED_FACE('',(#3948),#3954,.F.);
#3948 = FACE_BOUND('',#3949,.F.);
#3949 = EDGE_LOOP('',(#3950,#3951,#3952,#3953));
#3950 = ORIENTED_EDGE('',*,*,#3861,.T.);
#3951 = ORIENTED_EDGE('',*,*,#3935,.T.);
#3952 = ORIENTED_EDGE('',*,*,#3916,.T.);
#3953 = ORIENTED_EDGE('',*,*,#3892,.T.);
#3954 = PLANE('',#3955);
#3955 = AXIS2_PLACEMENT_3D('',#3956,#3957,#3958);
#3956 = CARTESIAN_POINT('',(93.5,16.9,-14.2));
#3957 = DIRECTION('',(0.,0.,1.));
#3958 = DIRECTION('',(1.,0.,0.));
#3959 = ADVANCED_FACE('',(#3960),#3966,.T.);
#3960 = FACE_BOUND('',#3961,.T.);
#3961 = EDGE_LOOP('',(#3962,#3963,#3964,#3965));
#3962 = ORIENTED_EDGE('',*,*,#304,.F.);
#3963 = ORIENTED_EDGE('',*,*,#1730,.F.);
#3964 = ORIENTED_EDGE('',*,*,#3563,.F.);
#3965 = ORIENTED_EDGE('',*,*,#1706,.F.);
#3966 = PLANE('',#3967);
#3967 = AXIS2_PLACEMENT_3D('',#3968,#3969,#3970);
#3968 = CARTESIAN_POINT('',(64.5,23.55,-5.05));
#3969 = DIRECTION('',(1.,0.,0.));
#3970 = DIRECTION('',(0.,0.,1.));
#3971 = ( GEOMETRIC_REPRESENTATION_CONTEXT(3) 
GLOBAL_UNCERTAINTY_ASSIGNED_CONTEXT((#3975)) 
GLOBAL_UNIT_ASSIGNED_CONTEXT((#3972,#3973,#3974)) REPRESENTATION_CONTEXT
('Context #1','3D Context with UNIT and UNCERTAINTY') );
#3972 = ( LENGTH_UNIT() NAMED_UNIT(*) SI_UNIT(.MILLI.,.METRE.) );
#3973 = ( NAMED_UNIT(*) PLANE_ANGLE_UNIT() SI_UNIT($,.RADIAN.) );
#3974 = ( NAMED_UNIT(*) SI_UNIT($,.STERADIAN.) SOLID_ANGLE_UNIT() );
#3975 = UNCERTAINTY_MEASURE_WITH_UNIT(LENGTH_MEASURE(1.E-04),#3972,
  'distance_accuracy_value','confusion accuracy');
#3976 = PRODUCT_RELATED_PRODUCT_CATEGORY('part',$,(#7));
ENDSEC;
END-ISO-10303-21;
